subject_name,parent,level,pdf_page_approx,docx_start_para,docx_end_para,subject_kind,expected_groups,present_groups,missing_groups,definition_count,etiology_pathogenesis_count,clinical_manifestation_count,exam_lab_count,diagnosis_differential_count,treatment_count,prognosis_followup_count,example_entities,g1_status,neo4j_import_allowed,note
成人先天性心脏病的介入治疗,先天性心血管病,节,,6282,6385,therapy_or_management_section,treatment,definition,treatment,4,0,0,0,0,0,0,"definition: 成人先天性心脏病的介入治疗定义, 是较早应用的非手术介入性先天性心脏病的治疗措施，首例成功报告为1982年, 是目前应用最为广泛的封堵器, 导致完全闭塞",g1_needs_backfill,否,C2结构化候选仍需人工/规则深审计后才能进入curated delta
成人常见先天性心血管病,先天性心血管病,节,,6071,6266,category_container,,clinical_manifestation；definition；diagnosis_differential；etiology_pathogenesis；exam_lab；prognosis_followup；treatment,,5,12,19,8,14,2,26,"definition: 成人常见先天性心血管病定义, 是指心脏及大血管在胎儿期发育异常引起的、在出生时病变即已存在的疾病，简称先心病, 是最常见的成人先天性心脏病，占成人先天性心脏病的20%～30%，男女发病率之比为1∶（1.5～3），且有家族遗传倾向, 指心脏及大血管在胎儿期发育异常引起的、在出生时病变即已存在的疾病，简称先心病, 引起的、在出生时病变即已存在的疾病，简称先心病；etiology_pathogenesis: 房间隔缺损一般分为原发孔缺损（primumatrialseptaldefect）和继发孔缺损（secundumatrialseptaldefect）, 后者又分为中央型缺损、下腔型缺损、上腔型缺损和混合型缺损, 以中央型缺损最多见, 也可有多个缺损同时存在, 房间隔缺损对血流动力学的影响主要取决于分流量的多少；prognosis_followup: 心力衰竭, 脑卒中, 死亡原因常为心力衰竭, 其次为肺部感染、肺动脉血栓形成或栓塞, 二、室间隔缺损室间隔缺损（ventricularseptaldefect；clinical_manifestation: 胸痛, 胸闷, 呼吸困难, 劳力性呼吸困难, 心悸；exam_lab: 超声心动图, 冠状动脉CT血管成像, 冠状动脉造影, 心电图, X线；diagnosis_differential: 典型的心脏听诊、心电图、X线表现可提示房间隔缺损的存在, 大部分可以作出正确诊断, 卵圆孔未闭的诊断主要靠心脏超声结合右心超声造影检查来明确诊断, 鉴别诊断应考虑原发性肺动脉扩张, 根据超声心动图所见诊断并不困难；treatment: 经皮冠状动脉介入治疗, 外科手术",g1_container_rollup_only,否,C2结构化候选仍需人工/规则深审计后才能进入curated delta
冠状动脉痉挛,冠状动脉疾病的其他表现形式,条目,,5401,5478,disease_or_subtype,clinical_manifestation；definition；diagnosis_differential；exam_lab；treatment,definition,clinical_manifestation；diagnosis_differential；exam_lab；treatment,8,0,0,0,0,0,0,"definition: 冠状动脉痉挛定义, 是一种特殊类型的冠脉疾病, 是冠脉痉挛的重要诱发因素, 是治疗冠脉痉挛的主要手段，考虑微血管痉挛者，可使用尼可地尔, 导致血管闭塞，则临床表现为静息性心绞痛伴心电图一过性ST段抬高",g1_needs_backfill,否,C2结构化候选仍需人工/规则深审计后才能进入curated delta
冠状动脉疾病的其他表现形式,动脉粥样硬化和冠状动脉粥样硬化性心脏病,节,,5399,5400,category_container,,,,0,0,0,0,0,0,0,,g1_container_rollup_only,否,C2结构化候选仍需人工/规则深审计后才能进入curated delta
冠状动脉粥样硬化性心脏病概述,动脉粥样硬化和冠状动脉粥样硬化性心脏病,节,,4943,4955,overview_section,definition；etiology_pathogenesis,definition；etiology_pathogenesis；prognosis_followup,,6,13,0,0,0,0,1,"definition: 冠状动脉粥样硬化性心脏病概述定义, 是动脉粥样硬化导致器官病变的最常见类型，严重危害人类健康, 指冠状动脉（冠脉）发生粥样硬化引起管腔狭窄或闭塞，导致心肌缺血、缺氧或坏死而引起的心脏病，简称冠心病（coronaryarterydisease，CAD, 导致心肌缺血、缺氧或坏死而引起的心脏病，简称冠心病（coronaryarterydisease，CAD, 导致器官病变的最常见类型，严重危害人类健康；etiology_pathogenesis: 冠心病, 心肌梗死, 心肌病, 当冠脉供血供氧与心肌需血需氧之间发生矛盾, 冠脉血流量不能满足心肌代谢的需要就可引起心肌缺血缺氧；prognosis_followup: 出血",g1_structured_candidate_ready,否,C2结构化候选仍需人工/规则深审计后才能进入curated delta
动脉粥样硬化,动脉粥样硬化和冠状动脉粥样硬化性心脏病,节,,4864,4889,disease_or_subtype,clinical_manifestation；definition；diagnosis_differential；exam_lab；treatment,definition；etiology_pathogenesis,clinical_manifestation；diagnosis_differential；exam_lab；treatment,2,29,0,0,0,0,0,"definition: 动脉粥样硬化定义, 是受累动脉的病变从内膜开始，局部先后发生细胞内外的脂质积聚、纤维组织增生和钙质沉着，病变内可见单核巨噬细胞及其他炎症细胞，并有平滑肌细胞的迁移和增生，大量胶原纤维；etiology_pathogenesis: 病因尚未完全确定, 流行病学研究表明不少因素与本病的发生率增加相关, 但并非直接因果关系, 而是多种因素作用于不同环节所致, 这些因素称为危险因素（riskfactor）",g1_needs_backfill,否,C2结构化候选仍需人工/规则深审计后才能进入curated delta
急性冠脉综合征,动脉粥样硬化和冠状动脉粥样硬化性心脏病,节,,5120,5126,category_container,,definition,,6,0,0,0,0,0,0,"definition: 急性冠脉综合征定义, 是一组由急性心肌缺血引起的临床综合征，主要包括不稳定型心绞痛（UA）、非ST段抬高型心肌梗死（NSTEMI）和ST段抬高型心肌梗死（STEMI），冠心病猝死是特殊, 是自发性AMI，即原发冠脉不稳定斑块发生破裂、糜烂或侵蚀继发血栓形成所致，最常见, 是存在继发因素导致的持续性供氧不能满足耗氧所需，例如冠脉痉挛、自发性夹层或壁内血肿等，以及栓塞和微血管疾病, 导致的持续性供氧不能满足耗氧所需，例如冠脉痉挛、自发性夹层或壁内血肿等，以及栓塞和微血管疾病",g1_container_rollup_only,否,C2结构化候选仍需人工/规则深审计后才能进入curated delta
慢性冠状动脉综合征,动脉粥样硬化和冠状动脉粥样硬化性心脏病,节,,4956,4957,category_container,,definition,,3,0,0,0,0,0,0,"definition: 慢性冠状动脉综合征定义, 是存在稳定的心外膜冠脉粥样硬化造成的固定狭窄，在某些因素导致心肌耗氧量增加的情况下诱发心肌急剧暂时性缺血缺氧, 导致心肌耗氧量增加的情况下诱发心肌急剧暂时性缺血缺氧",g1_container_rollup_only,否,C2结构化候选仍需人工/规则深审计后才能进入curated delta
室性心动过速,室性心律失常,条目,,4572,4614,ecg_defined_arrhythmia,definition；diagnosis_differential；exam_lab；treatment,clinical_manifestation；definition；etiology_pathogenesis；treatment,diagnosis_differential；exam_lab,2,11,4,0,0,8,0,"definition: 室性心动过速定义, 是起源于希氏束以下的特殊传导系统或者心室肌的连续3个或3个以上的异位心搏；etiology_pathogenesis: 室速常发生于各种器质性心脏病病人, 其次是心肌病、心力衰竭、瓣膜性心脏病等, 其他病因包括代谢障碍、电解质紊乱、洋地黄中毒等, 室速偶可发生在无器质性心脏病者, 其多起源于右心室流出道（右室特发性室速）、左心室间隔部（左室特发性室速）和主动脉窦部；clinical_manifestation: 晕厥, 头晕, 心绞痛, 低血压；treatment: β受体拮抗剂, 胺碘酮, 血运重建, 导管消融, 电复律",g1_needs_backfill,否,C2结构化候选仍需人工/规则深审计后才能进入curated delta
室性期前收缩,室性心律失常,条目,,4550,4571,ecg_defined_arrhythmia,definition；diagnosis_differential；exam_lab；treatment,clinical_manifestation；definition；etiology_pathogenesis；treatment,diagnosis_differential；exam_lab,3,9,6,0,0,5,0,"definition: 室性期前收缩定义, 是一种最常见的心律失常，指希氏束以下部位心室兴奋灶提前除极而产生的过早搏动, 指希氏束以下部位心室兴奋灶提前除极而产生的过早搏动；etiology_pathogenesis: 常见于各种器质性心脏病, 如高血压、冠心病、心肌病、心肌炎及瓣膜性心脏病等, 也可见于心脏结构与功能正常者, 在情绪紧张、过度劳累、过量烟酒或咖啡, 以及电解质紊乱等情况下可诱发室早；clinical_manifestation: 胸闷, 心悸, 乏力, 头晕, 心绞痛；treatment: β受体拮抗剂, 胺碘酮, 非二氢吡啶类钙通道阻滞剂, 钙通道阻滞剂, 导管消融",g1_needs_backfill,否,C2结构化候选仍需人工/规则深审计后才能进入curated delta
心室扑动与心室颤动,室性心律失常,条目,,4615,4641,disease_or_subtype,clinical_manifestation；definition；diagnosis_differential；exam_lab；treatment,clinical_manifestation；definition,diagnosis_differential；exam_lab；treatment,3,0,4,0,0,0,0,"definition: 心室扑动与心室颤动定义, 是引起QT间期延长与尖端扭转型室速的药物，以及严重缺氧缺血、预激综合征合并房颤时极快的心室率、电击伤等亦可引起, 引起QT间期延长与尖端扭转型室速的药物，以及严重缺氧缺血、预激综合征合并房颤时极快的心室率、电击伤等亦可引起；clinical_manifestation: 心悸, 晕厥, 头晕, 心动过速",g1_needs_backfill,否,C2结构化候选仍需人工/规则深审计后才能进入curated delta
心力衰竭总论,心力衰竭,节,,3910,3965,overview_section,definition；etiology_pathogenesis,etiology_pathogenesis,definition,0,23,0,0,0,0,0,"etiology_pathogenesis: 心律失常, （一）基本病因1.心肌收缩力降低（1）原发性心肌损害：冠状动脉疾病导致缺血性心肌损害如心肌梗死、慢性心肌缺血, 炎症导致心肌损害如心肌炎, 遗传性心肌病如扩张型心肌病、肥厚型心肌病、致心律失常性右心室心肌病等, 2.心室舒张和充盈受限心室充盈受限是指在静脉回心血量无明显减少的情况下",g1_needs_backfill,否,C2结构化候选仍需人工/规则深审计后才能进入curated delta
急性心力衰竭,心力衰竭,节,,4119,4228,disease_or_subtype,clinical_manifestation；definition；diagnosis_differential；exam_lab；treatment,clinical_manifestation；definition；diagnosis_differential；etiology_pathogenesis；exam_lab；treatment,,3,2,20,2,3,8,0,"definition: 急性心力衰竭定义, 是指心力衰竭急性发作和/或加重的一种临床综合征，可以是急性新发或慢性心衰急性失代偿, 指心力衰竭急性发作和/或加重的一种临床综合征，可以是急性新发或慢性心衰急性失代偿；etiology_pathogenesis: 高血压, 心律失常；clinical_manifestation: 呼吸困难, 劳力性呼吸困难, 端坐呼吸, 夜间阵发性呼吸困难, 乏力；diagnosis_differential: 一般不难作出诊断, 支气管哮喘、喘息性支气管炎急性加重相鉴别, 测定血浆BNP/NT-proBNP水平对鉴别急性心源性和支气管性哮喘有较大的参考价值；exam_lab: BNP, NT-proBNP；treatment: 利尿剂, 硝酸酯类药物, 呋塞米, 硝酸甘油, 吗啡",g1_structured_candidate_ready,否,C2结构化候选仍需人工/规则深审计后才能进入curated delta
慢性心力衰竭,心力衰竭,节,,3966,4118,disease_or_subtype,clinical_manifestation；definition；diagnosis_differential；exam_lab；treatment,clinical_manifestation；diagnosis_differential；exam_lab；treatment,definition,0,0,26,14,14,10,0,"clinical_manifestation: 呼吸困难, 劳力性呼吸困难, 端坐呼吸, 夜间阵发性呼吸困难, 心悸；exam_lab: 超声心动图, 冠状动脉造影, 心电图, 心脏磁共振成像, 运动负荷试验；diagnosis_differential: （一）诊断首先, 根据病史、症状、体格检查、心电图、X线胸片判断有无心衰的可能性, （二）鉴别诊断1.肺部疾病心衰最常见的症状为呼吸困难, 3.其他引起水肿的疾病应与肾性水肿、肝性水肿、低蛋白血症、甲状腺功能减退、下肢静脉功能异常等相鉴别, 4.贫血、肥胖、神经肌肉疾病、衰老所导致的乏力、活动耐量减退尤其在HFpEF诊断时；treatment: ACEI/ARB, 利尿剂, 血管紧张素转换酶抑制剂, 血管紧张素II受体拮抗剂, ACEI",g1_needs_backfill,否,C2结构化候选仍需人工/规则深审计后才能进入curated delta
心包积液及心脏压塞,心包疾病,节,,6726,6750,disease_or_subtype,clinical_manifestation；definition；diagnosis_differential；exam_lab；treatment,clinical_manifestation；definition；diagnosis_differential；etiology_pathogenesis；exam_lab；prognosis_followup,treatment,1,16,15,6,8,0,15,"definition: 心包积液及心脏压塞定义；etiology_pathogenesis: 各种病因的心包炎均可能伴有心包积液, 常见的原因是肿瘤、特发性心包炎和感染性心包炎, 近年来结核性心包炎造成的心包积液也有回升趋势, 严重的体循环淤血也可产生漏出性心包积液, 穿刺伤、心肌梗死后心肌破裂、心胸外科手术及介入操作造成的冠状动脉穿孔等可造成血性心包积液；clinical_manifestation: 呼吸困难, 端坐呼吸, 上腹痛, 水肿, 低血压；exam_lab: 超声心动图, 心电图, 心脏磁共振成像, X线, 磁共振成像；diagnosis_differential: 1.诊断标准对于呼吸困难的病人, 应考虑此诊断, 心包积液病因诊断可根据临床表现、实验室检查、心包穿刺液检查以及是否存在其他疾病进一步明确, 2.鉴别诊断主要鉴别引起呼吸困难的临床情况, 超声心动图有助于明确诊断；prognosis_followup: 不同病因导致的心包积液预后不同, 感染性心包炎若及时有效治疗可痊愈, 部分可留心肌损害或缩窄性心包炎, 心包积液通常是作为其他疾病的一种并发症而存在, 故对本病的预防主要是积极地治疗原发性疾病",g1_needs_backfill,否,C2结构化候选仍需人工/规则深审计后才能进入curated delta
急性心包炎,心包疾病,节,,6690,6725,disease_or_subtype,clinical_manifestation；definition；diagnosis_differential；exam_lab；treatment,clinical_manifestation；definition；diagnosis_differential；etiology_pathogenesis；exam_lab；prognosis_followup；treatment,,3,9,6,11,13,2,16,"definition: 急性心包炎定义, 是某种全身疾病累及心包的表现, 引起的心包炎症大多以胸痛、心包摩擦音、心电图改变及心包渗出后心包积液为特征；etiology_pathogenesis: 急性心包炎最常见病因为病毒感染, 其他原因包括细菌感染、结缔组织病、肿瘤、尿毒症、急性心肌梗死后心包炎、主动脉夹层、胸壁外伤、心脏手术后、甲状腺功能减退等, 有些病人经检查仍无法明确病因, 称为特发性急性心包炎或急性非特异性心包炎, 感染；prognosis_followup: 出血, 急性心包炎的预后取决于病因, 特发性急性心包炎是一种自限性疾病, 部分病人无显著并发症, 如若并发于急性心肌梗死、恶性肿瘤或系统性红斑狼疮等；clinical_manifestation: 胸痛, 呼吸困难, 乏力, 咳嗽, 水肿；exam_lab: 超声心动图, 心电图, 心脏磁共振成像, 胸部X线, X线；diagnosis_differential: 1.诊断标准急性起病、典型胸痛、心包摩擦音、心电图改变包括典型的ST段抬高和/或PR段压低, 实验室检查炎性标志物升高, 结合相关病史、全身表现及相应的辅助检查有助于对病因作出诊断, 2.鉴别诊断诊断急性心包炎应注意与其他可引起急性胸痛的疾病相鉴别, 胸痛伴心电图ST段抬高者与急性心肌梗死鉴别；treatment: 阿司匹林, 吗啡",g1_structured_candidate_ready,否,C2结构化候选仍需人工/规则深审计后才能进入curated delta
缩窄性心包炎,心包疾病,节,,6751,6836,disease_or_subtype,clinical_manifestation；definition；diagnosis_differential；exam_lab；treatment,clinical_manifestation；definition；diagnosis_differential；etiology_pathogenesis；exam_lab；prognosis_followup,treatment,3,11,12,9,7,0,21,"definition: 缩窄性心包炎定义, 是指心脏被致密增厚的纤维化或钙化心包所包围，使心室舒张期充盈受限而产生一系列循环障碍的疾病，病程多为慢性, 指心脏被致密增厚的纤维化或钙化心包所包围，使心室舒张期充盈受限而产生一系列循环障碍的疾病，病程多为慢性；etiology_pathogenesis: 大多数心包疾病都可引起缩窄性心包炎, 我国缩窄性心包炎的病因以结核性为最常见, 其次为特发性心包炎、化脓性心包炎或由创伤性心包炎演变而来, 近年来放射性心包炎和心脏直视手术后引起者逐渐增多, 其他病因包括恶性肿瘤、结缔组织病、尿毒症、药物等；clinical_manifestation: 呼吸困难, 劳力性呼吸困难, 心悸, 乏力, 耐力下降；exam_lab: 超声心动图, 心电图, 心脏磁共振成像, X线, CT；diagnosis_differential: 缩窄性心包炎多可根据典型的临床表现及辅助检查诊断, 血清BNP水平升高, 超声心动图与心脏CT、MRI等影像学检查可帮助明确诊断, 缩窄性心包炎多可根据典型的临床表现及辅助检查诊断, 主要应与限制型心肌病相鉴别；prognosis_followup: 如能及早进行心包的彻底剥离手术, 部分病人可获得满意的效果, 少数病人因病程较久, 有明显心肌萎缩和心源性肝硬化等严重病变, 如结核性心包炎规范抗结核治疗",g1_needs_backfill,否,C2结构化候选仍需人工/规则深审计后才能进入curated delta
室性心律失常,心律失常,节,,4548,4549,category_container,,,,0,0,0,0,0,0,0,,g1_container_rollup_only,否,C2结构化候选仍需人工/规则深审计后才能进入curated delta
心律失常的介入治疗和手术治疗,心律失常,节,,4748,4863,therapy_or_management_section,treatment,definition,treatment,1,0,0,0,0,0,0,definition: 心律失常的介入治疗和手术治疗定义,g1_needs_backfill,否,C2结构化候选仍需人工/规则深审计后才能进入curated delta
心脏传导阻滞,心律失常,节,,4642,4649,category_container,,definition,,2,0,0,0,0,0,0,"definition: 心脏传导阻滞定义, 是由心脏传导系统的解剖或功能失常造成的永久性或暂时性冲动传导障碍，可发生于心脏传导系统的任何水平",g1_container_rollup_only,否,C2结构化候选仍需人工/规则深审计后才能进入curated delta
房室交界性心律失常,心律失常,节,,4453,4454,category_container,,,,0,0,0,0,0,0,0,,g1_container_rollup_only,否,C2结构化候选仍需人工/规则深审计后才能进入curated delta
房性心律失常,心律失常,节,,4361,4362,category_container,,,,0,0,0,0,0,0,0,,g1_container_rollup_only,否,C2结构化候选仍需人工/规则深审计后才能进入curated delta
抗心律失常药物的合理应用,心律失常,节,,4710,4747,therapy_or_management_section,treatment,definition,treatment,4,0,0,0,0,0,0,"definition: 抗心律失常药物的合理应用定义, 是缓解症状或减少心律失常对心功能和心肌缺血的影响，不应以消灭或减少心律失常为主要目标, 是抗心律失常药物治疗可能导致新的心律失常或使原有心律失常加重，发生率为5%～10%, 导致新的心律失常或使原有心律失常加重，发生率为5%～10%",g1_needs_backfill,否,C2结构化候选仍需人工/规则深审计后才能进入curated delta
概 述,心律失常,节,,4233,4313,disease_or_subtype,clinical_manifestation；definition；diagnosis_differential；exam_lab；treatment,definition,clinical_manifestation；diagnosis_differential；exam_lab；treatment,3,0,0,0,0,0,0,"definition: 概述定义, 是指心脏冲动的频率、节律、起源部位、传导速度或激动次序的异常，可见于生理情况，更多见于病理性状态，包括心脏本身疾病和非心脏疾病, 指心脏冲动的频率、节律、起源部位、传导速度或激动次序的异常，可见于生理情况，更多见于病理性状态，包括心脏本身疾病和非心脏疾病",g1_needs_backfill,否,C2结构化候选仍需人工/规则深审计后才能进入curated delta
窦性心律失常,心律失常,节,,4314,4320,category_container,,definition,,3,0,0,0,0,0,0,"definition: 窦性心律失常定义, 是由于窦房结冲动发放频率的异常或窦性冲动向心房的传导受阻所导致的心律失常, 导致的心律失常",g1_container_rollup_only,否,C2结构化候选仍需人工/规则深审计后才能进入curated delta
心肌炎,心肌疾病,节,,5960,6066,disease_or_subtype,clinical_manifestation；definition；diagnosis_differential；exam_lab；treatment,clinical_manifestation；definition；diagnosis_differential；etiology_pathogenesis；exam_lab,treatment,6,9,14,11,10,0,0,"definition: 心肌炎定义, 是指感染和非感染性心肌炎性疾病, 是细菌、真菌、立克次体、螺旋体、原虫等, 是嗜心肌病毒感染引起的心肌炎症损伤, 指感染和非感染性心肌炎性疾病；etiology_pathogenesis: 嗜心肌病毒主要包括胃肠道病毒如柯萨奇病毒B3、埃可病毒、脊髓灰质炎病毒等, 呼吸道病毒如腺病毒、流感病毒（A、B型）、细小病毒B19、冠状病毒（SARS-CoV）等, 心肌病, 直接作用：病毒直接损害心肌组织包括心肌细胞、间质及微血管, 间接作用：病毒经由T淋巴细胞介导为主的免疫反应造成心肌组织损伤；clinical_manifestation: 胸痛, 胸闷, 心悸, 恶心呕吐, 水肿；exam_lab: 超声心动图, 心内膜心肌活检, 心电图, 心脏磁共振成像, 胸部X线；diagnosis_differential: 1.诊断依据主要根据病毒感染前驱症状、心脏相关表现, 结合ECG、TTE、CMR、心肌损伤标志物升高（必要条件）、病原学等证据, 必要时可做EMB协助诊断, 肌钙蛋白升高时间更长, 3.鉴别诊断以上特殊类型VM极易与急性冠脉综合征、缺血性心肌病、应激性心肌病及其他疾病相混淆",g1_needs_backfill,否,C2结构化候选仍需人工/规则深审计后才能进入curated delta
扩张型心肌病,心肌疾病,节,,5810,5874,disease_or_subtype,clinical_manifestation；definition；diagnosis_differential；exam_lab；treatment,clinical_manifestation；definition；diagnosis_differential；etiology_pathogenesis；exam_lab；treatment,,2,18,18,11,8,19,0,"definition: 扩张型心肌病定义, 是一类以左室或双心室扩大伴收缩功能障碍为特征的心肌病，且无法以负荷异常或心肌缺血等来解释；etiology_pathogenesis: DCM常有家族性发病趋势, 遗传方式多为常染色体显性、少数为常染色体隐性或X连锁遗传, 病毒感染和自身免疫等获得性病因也参与致病, 1.基因突变约50%家族性和30%散发性DCM病人可检出致病基因, DCM的致病基因更多；clinical_manifestation: 呼吸困难, 劳力性呼吸困难, 端坐呼吸, 夜间阵发性呼吸困难, 心悸；exam_lab: 超声心动图, 基因检测, 心电图, 心脏磁共振成像, 胸部X线；diagnosis_differential: 1.诊断依据除外获得性病因后, 有心腔扩大伴LVEF降低者可拟诊DCM, 2.鉴别诊断应除外心脏扩大、收缩功能减低的其他继发原因, CMR提供的心肌组织特征有助于病因鉴别诊断, 2.鉴别诊断应除外心脏扩大、收缩功能减低的其他继发原因；treatment: ACEI/ARB, β受体拮抗剂, 利尿剂, 血管紧张素转换酶抑制剂, 血管紧张素II受体拮抗剂",g1_structured_candidate_ready,否,C2结构化候选仍需人工/规则深审计后才能进入curated delta
肥厚型心肌病,心肌疾病,节,,5746,5809,disease_or_subtype,clinical_manifestation；definition；diagnosis_differential；exam_lab；treatment,clinical_manifestation；definition；diagnosis_differential；etiology_pathogenesis；exam_lab；treatment,,3,9,6,9,14,12,0,"definition: 肥厚型心肌病定义, 是一类以左心室和/或右心室肥厚，伴舒张功能障碍为特征的心肌病，需排除继发于后负荷增加或系统性疾病的心肌肥厚, 是青少年和运动猝死的重要原因；etiology_pathogenesis: HCM系常染色体显性遗传, 已发现至少8个肌小节蛋白的编码基因突变, 约60%的病人有致病/可能致病变异, 其中MYH7和MYBPC3突变占70%, 40%未检出变异；clinical_manifestation: 胸闷, 呼吸困难, 静息性呼吸困难, 晕厥, 心动过速；exam_lab: 超声心动图, 基因检测, 心内膜心肌活检, 心电图, 心脏磁共振成像；diagnosis_differential: 影像学发现室壁增厚是诊断HCM的必备条件, （一）诊断标准1.成人, 影像学发现左室任意部位舒张末室壁厚度≥15mm可诊断, 有家族史或基因检测阳性者, 室壁厚度≥13mm也可诊断；treatment: β受体拮抗剂, 利尿剂, 非二氢吡啶类钙通道阻滞剂, 美托洛尔, 比索洛尔",g1_structured_candidate_ready,否,C2结构化候选仍需人工/规则深审计后才能进入curated delta
致心律失常性右心室心肌病,心肌疾病,节,,5895,5928,ecg_defined_arrhythmia,definition；diagnosis_differential；exam_lab；treatment,clinical_manifestation；definition；diagnosis_differential；etiology_pathogenesis；exam_lab；treatment,,2,9,4,6,9,6,0,"definition: 致心律失常性右心室心肌病定义, 是以进展性右心室心肌萎缩并被纤维或/和脂肪替代为特征的心肌疾病；etiology_pathogenesis: 多为家族性常染色体遗传但常伴差异表达和不完全外显, 已发现多个连锁位点, 较为明确的致病基因至少有10个, 主要为5个桥粒蛋白编码基因：桥粒斑菲素蛋白2（PKP2）、桥粒斑蛋白（DSP）、桥粒芯蛋白2（DSG2）、桥粒胶蛋白2（DSC2）和斑珠蛋白（JUP）, 尚有非桥粒蛋白编码基因；clinical_manifestation: 呼吸困难, 心悸, 晕厥, 心动过速；exam_lab: 超声心动图, 基因检测, 心电图, 心脏磁共振成像, 心脏磁共振；diagnosis_differential: 1.诊断依据对有右室扩大、左束支传导阻滞型VT者, 2.诊断标准主要诊断标准, 结构功能异常：TTE或CMR示右室弥漫或局限性运动障碍或室壁瘤, 室壁组织异常：CMR示右室游离壁心肌组织被纤维组织或/和脂肪取代, 复极异常：右胸导联T波倒置；treatment: β受体拮抗剂, 胺碘酮, 非二氢吡啶类钙通道阻滞剂, 维拉帕米, 心脏移植",g1_structured_candidate_ready,否,C2结构化候选仍需人工/规则深审计后才能进入curated delta
限制型心肌病,心肌疾病,节,,5929,5959,disease_or_subtype,clinical_manifestation；definition；diagnosis_differential；exam_lab；treatment,clinical_manifestation；definition；diagnosis_differential；etiology_pathogenesis；exam_lab；treatment,,2,10,10,13,7,7,0,"definition: 限制型心肌病定义, 是一组以限制性心室充盈障碍为特征的混合性心肌病，其预后较差，5年生存期仅约30%；etiology_pathogenesis: 本病病因极为复杂, 包括遗传性、散发性, 或系统性疾病累及, RCM可分为心肌型和心内膜心肌型, 浸润性/贮积性：细胞内或细胞间异常物质堆积；clinical_manifestation: 呼吸困难, 耐力下降, 水肿, 活动耐量下降, 奔马律；exam_lab: 超声心动图, 基因检测, 心内膜心肌活检, 心电图, 胸部X线；diagnosis_differential: 1.诊断依据对以右心衰和心律失常为主、心房显著扩大者, TTE限制性心室充盈障碍是主要诊断依据, 2.鉴别诊断首先, 排除继发性病因后, 2.鉴别诊断首先；treatment: β受体拮抗剂, 利尿剂, 非二氢吡啶类钙通道阻滞剂, 钙通道阻滞剂, 心脏移植",g1_structured_candidate_ready,否,C2结构化候选仍需人工/规则深审计后才能进入curated delta
非扩张型左心室心肌病,心肌疾病,节,,5875,5894,disease_or_subtype,clinical_manifestation；definition；diagnosis_differential；exam_lab；treatment,clinical_manifestation；definition；diagnosis_differential；etiology_pathogenesis；exam_lab；treatment,,3,3,1,6,4,6,0,"definition: 非扩张型左心室心肌病定义, 是指在无左心室扩张情况下，左心室存在着非缺血性瘢痕或脂肪替代，伴或不伴整体或局部室壁运动异常, 指在无左心室扩张情况下，左心室存在着非缺血性瘢痕或脂肪替代，伴或不伴整体或局部室壁运动异常；etiology_pathogenesis: 遗传背景和基因突变是其主要发病机制, 但与ARVC和DCM有重叠, 基因突变；clinical_manifestation: 非扩张型左心室心肌病-临床表现；exam_lab: 超声心动图, 基因检测, 心内膜心肌活检, 心电图, 心脏磁共振成像；diagnosis_differential: 1.诊断标准, 伴或不伴整体或局部室壁运动异常, 2.鉴别诊断应与心脏收缩功能减低的其他原发和继发性心肌病鉴别, 2.鉴别诊断应与心脏收缩功能减低的其他原发和继发性心肌病鉴别；treatment: β受体拮抗剂, 血管紧张素转换酶抑制剂, 血管紧张素II受体拮抗剂, ACEI, ARB",g1_structured_candidate_ready,否,C2结构化候选仍需人工/规则深审计后才能进入curated delta
室内传导阻滞,心脏传导阻滞,条目,,4690,4709,ecg_defined_arrhythmia,definition；diagnosis_differential；exam_lab；treatment,definition；treatment,diagnosis_differential；exam_lab,4,0,0,0,0,1,0,"definition: 室内传导阻滞定义, 是指希氏束以下部位的传导阻滞, 指希氏束以下部位的传导阻滞, 引起心肌弥漫性病变所致；treatment: 起搏器",g1_needs_backfill,否,C2结构化候选仍需人工/规则深审计后才能进入curated delta
房室传导阻滞,心脏传导阻滞,条目,,4650,4689,ecg_defined_arrhythmia,definition；diagnosis_differential；exam_lab；treatment,clinical_manifestation；definition；etiology_pathogenesis,diagnosis_differential；exam_lab；treatment,3,7,6,0,0,0,0,"definition: 房室传导阻滞定义, 是指房室交界区脱离了生理不应期后，心房冲动传导延迟或不能传导至心室, 指房室交界区脱离了生理不应期后，心房冲动传导延迟或不能传导至心室；etiology_pathogenesis: 部分健康的成年人、儿童及运动员可发生一度或二度Ⅰ型房室传导阻滞, 常与静息时迷走神经张力增高有关, 也可见于电解质紊乱（如高钾血症）、药物中毒（如洋地黄中毒）及心脏手术损伤（心脏瓣膜手术、导管消融术等）, 老年持续性房室传导阻滞以原因不明的传导系统退行性变多见, 如Lev病（心脏纤维支架的钙化与硬化）；clinical_manifestation: 心悸, 晕厥, 黑矇, 乏力, 头晕",g1_needs_backfill,否,C2结构化候选仍需人工/规则深审计后才能进入curated delta
主动脉瓣反流,心脏瓣膜病,节,,6458,6511,disease_or_subtype,clinical_manifestation；definition；diagnosis_differential；exam_lab；treatment,clinical_manifestation；diagnosis_differential；etiology_pathogenesis；exam_lab；prognosis_followup；treatment,definition,0,18,20,1,8,12,23,"etiology_pathogenesis: 主动脉瓣反流（aorticregurgitation, AR）主要由主动脉瓣膜本身病变、主动脉根部疾病所致, 根据发病情况又分为急性和慢性两种, （一）急性主动脉瓣反流病因主要包括, 胸部创伤致升主动脉根部、瓣叶支持结构和瓣叶破损或瓣叶脱垂；prognosis_followup: 心源性休克, 肺水肿, 急性重度主动脉瓣反流如不及时手术治疗, 慢性者无症状期长, NYHA心功能Ⅱ级的主动脉瓣重度反流病人年死亡率约6%；clinical_manifestation: 呼吸困难, 劳力性呼吸困难, 端坐呼吸, 夜间阵发性呼吸困难, 心悸；diagnosis_differential: 1.诊断有典型主动脉瓣反流的舒张期杂音伴周围血管征, 可诊断为主动脉瓣反流, 超声心动图可明确诊断, 支持风湿性心脏病诊断, 2.鉴别诊断主动脉瓣反流杂音于胸骨左缘明显时；exam_lab: 超声心动图；treatment: ACEI/ARB, β受体拮抗剂, 利尿剂, 血管紧张素转换酶抑制剂, 血管紧张素II受体拮抗剂",g1_needs_backfill,否,C2结构化候选仍需人工/规则深审计后才能进入curated delta
主动脉瓣狭窄,心脏瓣膜病,节,,6392,6457,disease_or_subtype,clinical_manifestation；definition；diagnosis_differential；exam_lab；treatment,clinical_manifestation；diagnosis_differential；etiology_pathogenesis；exam_lab；prognosis_followup；treatment,definition,0,12,11,1,6,6,24,"etiology_pathogenesis: 主动脉瓣狭窄（aorticstenosis）的病因有三种, 即先天性病变、退行性变和炎症性病变, 单纯性主动脉瓣狭窄多为先天性或退行性变, （一）先天性畸形1.单叶瓣畸形可引起严重的先天性主动脉瓣狭窄, 是导致婴儿死亡的重要原因之一；clinical_manifestation: 呼吸困难, 劳力性呼吸困难, 端坐呼吸, 晕厥, 黑矇；diagnosis_differential: （一）诊断典型主动脉瓣区喷射性收缩期杂音, 较易诊断主动脉瓣狭窄, （二）鉴别诊断临床上主动脉瓣狭窄应与下列情况的主动脉瓣区收缩期杂音相鉴别, 合并反流和二尖瓣病变者多为风湿性心脏瓣膜病, （二）鉴别诊断临床上主动脉瓣狭窄应与下列情况的主动脉瓣区收缩期杂音相鉴别；exam_lab: 超声心动图；treatment: β受体拮抗剂, 他汀类药物, 利尿剂, 血管紧张素转换酶抑制剂, ACEI；prognosis_followup: 无症状者的存活率与正常群体相似, 3%～5%的病人可发生猝死, 三联征出现提示预后不良, 有心绞痛者约50%的病人5年内死亡, 约50%的病人3年内死亡",g1_needs_backfill,否,C2结构化候选仍需人工/规则深审计后才能进入curated delta
二尖瓣反流,心脏瓣膜病,节,,6567,6621,disease_or_subtype,clinical_manifestation；definition；diagnosis_differential；exam_lab；treatment,clinical_manifestation；diagnosis_differential；etiology_pathogenesis；exam_lab；prognosis_followup；treatment,definition,0,10,18,3,2,11,20,"etiology_pathogenesis: 急性二尖瓣反流可致左心房及左心室压力骤然上升, 导致肺淤血甚至肺水肿, 心搏出量及心排血量的减低会导致全身血管阻力的上升, 更加重了二尖瓣反流的严重程度, 病人通常表现为突发的肺水肿及心源性休克；prognosis_followup: 心源性休克, 肺水肿, 由各种乳头肌、腱索及瓣叶异常造成的急性严重二尖瓣反流伴血流动力学不稳定者, 如不及时手术干预, 慢性重度MR确诊后；clinical_manifestation: 呼吸困难, 劳力性呼吸困难, 静息性呼吸困难, 端坐呼吸, 夜间阵发性呼吸困难；exam_lab: 超声心动图, 心电图, X线；diagnosis_differential: 诊断主要根据典型的心尖区收缩期吹风样杂音以及超声心动图表现, 超声心动图有助于鉴别生理性杂音、三尖瓣反流、室间隔缺损、左心室或右心室流出道梗阻等；treatment: ACEI/ARB, β受体拮抗剂, 利尿剂, 血管紧张素转换酶抑制剂, 血管紧张素II受体拮抗剂",g1_needs_backfill,否,C2结构化候选仍需人工/规则深审计后才能进入curated delta
二尖瓣狭窄,心脏瓣膜病,节,,6512,6566,disease_or_subtype,clinical_manifestation；definition；diagnosis_differential；exam_lab；treatment,clinical_manifestation；diagnosis_differential；etiology_pathogenesis；exam_lab；prognosis_followup；treatment,definition,0,20,11,3,2,12,24,"etiology_pathogenesis: 二尖瓣狭窄（mitralstenosis, MS）的主要病因为风湿热, 多见于20～40岁青壮年, 约70%的病人为女性, 约50%的病人无急性风湿热史；clinical_manifestation: 呼吸困难, 劳力性呼吸困难, 端坐呼吸, 恶心呕吐, 咳嗽；exam_lab: 超声心动图, 心电图, X线；diagnosis_differential: 根据典型的心脏杂音以及超声心动图表现可明确诊断, 超声心动图有助于鉴别相对性二尖瓣狭窄、左房黏液瘤、三尖瓣狭窄和原发性肺动脉高压等；treatment: β受体拮抗剂, 利尿剂, 硝酸酯类药物, 非二氢吡啶类钙通道阻滞剂, 抗凝药物；prognosis_followup: 二尖瓣狭窄出现症状, 以及发生房颤、慢性心衰伴心脏扩大及有栓塞史者, 在未开展手术治疗的年代, 本病10年存活率在无症状被确诊后的病人为84%, 症状轻者为42%",g1_needs_backfill,否,C2结构化候选仍需人工/规则深审计后才能进入curated delta
多瓣膜病,心脏瓣膜病,节,,6622,6637,disease_or_subtype,clinical_manifestation；definition；diagnosis_differential；exam_lab；treatment,definition,clinical_manifestation；diagnosis_differential；exam_lab；treatment,6,0,0,0,0,0,0,"definition: 多瓣膜病定义, 是指两个或两个以上瓣膜病变同时存在, 指两个或两个以上瓣膜病变同时存在, 导致不同瓣膜损害如先天性肺动脉瓣狭窄伴风湿性二尖瓣病变, 引起多瓣膜病的病因，多数为单一病因，少数为多种病因引起",g1_needs_backfill,否,C2结构化候选仍需人工/规则深审计后才能进入curated delta
风湿热,心脏瓣膜病,节,,6638,6683,disease_or_subtype,clinical_manifestation；definition；diagnosis_differential；exam_lab；treatment,clinical_manifestation；definition；diagnosis_differential,exam_lab；treatment,2,0,11,0,3,0,0,"definition: 风湿热定义, 是心脏瓣膜病的主要病因之一，是由于A群乙型溶血性链球菌感染所致，其致病机制与继发于链球菌感染后异常免疫反应有关；clinical_manifestation: 胸痛, 水肿, 奔马律, 心动过速, 心脏杂音；diagnosis_differential: 目前风湿热的诊断采用1992年修订的Jones诊断标准, 即可诊断急性风湿热, 风湿热-鉴别诊断",g1_needs_backfill,否,C2结构化候选仍需人工/规则深审计后才能进入curated delta
下肢动脉硬化闭塞症,心脏骤停与心脏性猝死,节,,7217,7255,disease_or_subtype,clinical_manifestation；definition；diagnosis_differential；exam_lab；treatment,clinical_manifestation；definition；diagnosis_differential；etiology_pathogenesis；exam_lab；prognosis_followup；treatment,,4,12,4,2,6,8,18,"definition: 下肢动脉硬化闭塞症定义, 是动脉粥样硬化累及下肢动脉导致动脉狭窄或闭塞而引起肢体缺血症状的慢性疾病，是全身动脉硬化性疾病在下肢的表现, 导致动脉狭窄或闭塞而引起肢体缺血症状的慢性疾病，是全身动脉硬化性疾病在下肢的表现, 引起肢体缺血症状的慢性疾病，是全身动脉硬化性疾病在下肢的表现；etiology_pathogenesis: 本病是冠心病的等危症, 引起冠状动脉粥样硬化的危险因素通常也会引发本病, 发病机制参见本篇第四章动脉粥样硬化, 吸烟使发病率增加2～5倍, 糖尿病使发病率增加2～4倍；clinical_manifestation: 水肿, 心脏杂音, 水肿, 收缩期杂音；exam_lab: 运动负荷试验, CT；diagnosis_differential: 诊断并不困难, 发热、血沉增快及免疫指标异常, 本病应与多发性大动脉炎累及髂动脉者、血栓闭塞性脉管炎（又称Buerger病）相鉴别, 常累及肾动脉而有肾性高血压, 缺血性溃疡伴有剧痛应与神经病变、下肢静脉曲张所致溃疡鉴别；treatment: P2Y12受体抑制剂, 阿司匹林, 抗凝药物, 氯吡格雷, 华法林；prognosis_followup: 本病的预后与同时并存的冠心病、脑血管疾病密切相关, 间歇性跛行病人5年生存率为70%, 10年生存率为50%, 大多死于冠心病和脑血管事件, 伴有糖尿病及吸烟病人预后更差",g1_structured_candidate_ready,否,C2结构化候选仍需人工/规则深审计后才能进入curated delta
主动脉夹层,心脏骤停与心脏性猝死,节,,7157,7216,disease_or_subtype,clinical_manifestation；definition；diagnosis_differential；exam_lab；treatment,clinical_manifestation；definition；diagnosis_differential；exam_lab；treatment,,3,0,10,5,9,8,0,"definition: 主动脉夹层定义, 是一种心血管急危重症，具有发病急、死亡率高的特点, 导致主动脉内膜撕裂后，管腔内高速流动的血液将从撕裂口进入管壁中层，并沿血管长轴方向延伸，形成真、假两腔的病理状态，称为主动脉；clinical_manifestation: 呼吸困难, 晕厥, 头晕, 上腹痛, 少尿；exam_lab: 超声心动图, 冠状动脉CT血管成像, 心电图, X线, CT；diagnosis_differential: 应尽快安排相应的影像学检查予以明确诊断, 鉴别诊断主要考虑急性冠脉综合征和急性肺栓塞, 对于中高危的可疑主动脉夹层病人, 表3-12-1主动脉夹层的高危特征由于本病多以急性胸痛为首要症状, 鉴别诊断主要考虑急性冠脉综合征和急性肺栓塞；treatment: ACEI/ARB, β受体拮抗剂, 利尿剂, 非二氢吡啶类钙通道阻滞剂, 血管紧张素转换酶抑制剂",g1_structured_candidate_ready,否,C2结构化候选仍需人工/规则深审计后才能进入curated delta
静脉血栓症,心脏骤停与心脏性猝死,节,,7256,7337,disease_or_subtype,clinical_manifestation；definition；diagnosis_differential；exam_lab；treatment,clinical_manifestation；definition；diagnosis_differential；etiology_pathogenesis,exam_lab；treatment,1,13,10,0,3,0,0,"definition: 静脉血栓症定义；etiology_pathogenesis: 心血管神经症病因尚不清楚, 可能与神经类型、环境因素、遗传因素和性格有关, 病人神经类型常为抑郁、焦虑、忧愁型, 当精神上受到外界环境刺激, 或工作紧张、压力较大；clinical_manifestation: 胸痛, 胸闷, 呼吸困难, 心悸, 头晕；diagnosis_differential: 一般不难作出诊断, 必须注意排除器质性心脏病, 与心绞痛、甲状腺功能亢进、心肌炎、二尖瓣脱垂综合征及嗜铬细胞瘤等进行鉴别",g1_needs_backfill,否,C2结构化候选仍需人工/规则深审计后才能进入curated delta
不稳定型心绞痛和非 ST 段抬高型心肌梗死,急性冠脉综合征,条目,,5127,5196,disease_or_subtype,clinical_manifestation；definition；diagnosis_differential；exam_lab；treatment,clinical_manifestation；definition；diagnosis_differential；etiology_pathogenesis；exam_lab；treatment,,2,8,13,11,7,11,0,"definition: 不稳定型心绞痛和非ST段抬高型心肌梗死定义, 是UA的一种特殊类型，其发病机制为冠脉痉挛；etiology_pathogenesis: UA/NSTEMI病理机制主要为在不稳定粥样硬化斑块破裂、糜烂或侵蚀基础上血小板聚集、并发血栓形成、冠脉痉挛收缩、微血管栓塞, 导致急性或亚急性心肌供氧减少和缺血加重, 虽可因劳力负荷诱发, 但中止后胸痛并不能立刻缓解, NSTEMI常因心肌严重的持续性缺血导致心肌坏死；clinical_manifestation: 胸痛, 呼吸困难, 心悸, 出汗, 恶心呕吐；exam_lab: 超声心动图, 冠状动脉造影, 心电图, 胸部X线, X线；diagnosis_differential: 可初步作出UA/NSTEMI诊断, 诊断未明确的症状不典型但病情稳定者, 在出院前可作负荷心电图或负荷超声心动图、心肌灌注显像、冠脉造影等检查, 因此需要鉴别诊断, 与其他疾病的鉴别诊断参见“稳定型心绞痛”部分；treatment: P2Y12受体抑制剂, β受体拮抗剂, 硝酸酯类药物, 阿司匹林, 氯吡格雷",g1_structured_candidate_ready,否,C2结构化候选仍需人工/规则深审计后才能进入curated delta
急性 ST 段抬高型心肌梗死,急性冠脉综合征,条目,,5197,5398,disease_or_subtype,clinical_manifestation；definition；diagnosis_differential；exam_lab；treatment,clinical_manifestation；definition；diagnosis_differential；etiology_pathogenesis；exam_lab；prognosis_followup；treatment,,5,21,38,12,8,8,26,"definition: 急性ST段抬高型心肌梗死定义, 是指急性心肌缺血性坏死，大多是在冠脉病变的基础上，发生冠脉血供急剧减少或中断，使相应的心肌严重而持久地急性缺血所致, 是农村还是城市，AMI发病率在不断增高，死亡率整体呈上升趋势, 指急性心肌缺血性坏死，大多是在冠脉病变的基础上，发生冠脉血供急剧减少或中断，使相应的心肌严重而持久地急性缺血所致, 导致冠脉血管持续、完全闭塞，少部分为冠脉开口堵塞，如主动脉夹层撕裂累及冠脉开口，或医源性的，如经导管主动脉瓣植入术导致的冠脉；etiology_pathogenesis: STEMI的基本病因是冠脉粥样硬化基础上一支或多支血管管腔急性闭塞, 若持续时间达到20～30分钟以上, 即可发生AMI（1型心肌梗死）, 绝大多数STEMI是由于不稳定粥样斑块溃破, 继而出血和管腔内血栓形成而使管腔闭塞；prognosis_followup: 心源性休克, 肺水肿, 与梗死范围大小、侧支循环产生情况以及治疗是否及时等有关, AMI相关的死亡一半发生于送到医院前, 其中院外死亡中相当高的比例为猝死；clinical_manifestation: 胸痛, 胸闷, 呼吸困难, 心悸, 晕厥；exam_lab: 超声心动图, 心电图, CT, 血常规, 肾功能；diagnosis_differential: 特征性的心电图改变以及实验室检查发现, 诊断本病并不困难, 并短期内进行心电图、血清心肌坏死标志物测定等动态观察以确定诊断, 鉴别诊断需要考虑以下疾病, 表3-4-5心绞痛和急性心肌梗死的鉴别诊断要点2.主动脉夹层胸痛一开始即达高峰；treatment: β受体拮抗剂, 硝酸酯类药物, 阿司匹林, 美托洛尔, 吗啡",g1_structured_candidate_ready,否,C2结构化候选仍需人工/规则深审计后才能进入curated delta
稳定型心绞痛,慢性冠状动脉综合征,条目,,4958,5088,disease_or_subtype,clinical_manifestation；definition；diagnosis_differential；exam_lab；treatment,clinical_manifestation；definition；diagnosis_differential；etiology_pathogenesis；exam_lab；prognosis_followup；treatment,,1,7,11,16,4,12,30,"definition: 稳定型心绞痛定义；etiology_pathogenesis: 当冠脉狭窄或部分闭塞时, 心肌供血量相对比较固定, 休息时尚能维持心肌血流的供需平衡, 在劳力、情绪激动、饱食、受寒等情况下, 心脏负荷突然增加；clinical_manifestation: 胸痛, 胸闷, 呼吸困难, 出汗, 濒死感；exam_lab: 超声心动图, 冠状动脉CT血管成像, 冠状动脉造影, 心电图, 运动负荷试验；diagnosis_differential: 一般即可建立诊断, 支持心绞痛诊断, 有助于诊断和指导进一步治疗, 结合年龄和存在冠心病危险因素；prognosis_followup: 稳定型心绞痛病人大多数能生存很多年, 但有发生急性心肌梗死或猝死的危险, 决定预后的主要因素为冠脉病变累及心肌供血的范围和心功能, 左冠脉主干病变最为严重, 国外统计年病死率可高达30%左右；treatment: P2Y12受体抑制剂, β受体拮抗剂, 硝酸酯类药物, 阿司匹林, 非二氢吡啶类钙通道阻滞剂",g1_structured_candidate_ready,否,C2结构化候选仍需人工/规则深审计后才能进入curated delta
缺血性心肌病,慢性冠状动脉综合征,条目,,5089,5110,disease_or_subtype,clinical_manifestation；definition；diagnosis_differential；exam_lab；treatment,clinical_manifestation；definition；diagnosis_differential；exam_lab；treatment,,2,0,22,4,3,2,0,"definition: 缺血性心肌病定义, 是冠脉粥样硬化病变使心肌长期缺血、缺氧以至心肌细胞减少、坏死、心肌纤维化、心肌瘢痕形成；clinical_manifestation: 胸痛, 胸闷, 呼吸困难, 劳力性呼吸困难, 端坐呼吸；diagnosis_differential: 缺血性心肌病诊断需满足以下几点, 同时需排除冠心病的某些并发症, 需鉴别其他引起心脏增大和心力衰竭的病因；exam_lab: 超声心动图, 冠状动脉CT血管成像, 冠状动脉造影, CT；treatment: 心脏移植, 血运重建",g1_structured_candidate_ready,否,C2结构化候选仍需人工/规则深审计后才能进入curated delta
隐匿型冠心病,慢性冠状动脉综合征,条目,,5111,5119,disease_or_subtype,clinical_manifestation；definition；diagnosis_differential；exam_lab；treatment,diagnosis_differential；exam_lab；treatment,clinical_manifestation；definition,0,0,0,5,2,4,0,"exam_lab: 冠状动脉CT血管成像, 冠状动脉造影, 运动负荷试验, CT, IVUS；diagnosis_differential: 1.发病特点隐匿型冠心病（latentcoronaryheartdisease）或无症状性冠心病是指没有心绞痛症状, 但有心肌缺血客观证据的冠心病；treatment: β受体拮抗剂, 他汀类药物, 阿司匹林, 血运重建",g1_needs_backfill,否,C2结构化候选仍需人工/规则深审计后才能进入curated delta
艾森门格综合征,成人常见先天性心血管病,条目,,6267,6281,disease_or_subtype,clinical_manifestation；definition；diagnosis_differential；exam_lab；treatment,clinical_manifestation；definition；diagnosis_differential；etiology_pathogenesis；exam_lab；prognosis_followup,treatment,2,10,3,3,3,0,3,"definition: 艾森门格综合征定义, 是一组先天性心脏病发展的后果，由原来的左向右分流变成右向左分流，从无青紫发展至有青紫时，即称为Eisenmenger综合征；etiology_pathogenesis: 除原发的室间隔缺损、房间隔缺损或动脉导管未闭等原有畸形外, 可见右心房、右心室均明显增大, 肺动脉干和主要分支扩大, 而肺小动脉壁增厚, 内腔狭小甚至闭塞；clinical_manifestation: 乏力, 头晕, 舒张期杂音；exam_lab: 超声心动图, 心电图, X线；diagnosis_differential: 诊断一般无困难, 鉴别诊断主要与先天性青紫型心脏畸形鉴别, 鉴别诊断主要与先天性青紫型心脏畸形鉴别；prognosis_followup: 为先天性心脏病后期已失去手术治疗机会, 为先天性心脏病后期已失去手术治疗机会, 为先天性心脏病后期已失去手术治疗机会",g1_needs_backfill,否,C2结构化候选仍需人工/规则深审计后才能进入curated delta
房室交界区相关的折返性心动过速,房室交界性心律失常,条目,,4476,4547,ecg_defined_arrhythmia,definition；diagnosis_differential；exam_lab；treatment,clinical_manifestation；definition；etiology_pathogenesis；treatment,diagnosis_differential；exam_lab,2,7,7,0,0,8,0,"definition: 房室交界区相关的折返性心动过速定义, 是折返，前者的折返环路位于房室结内；etiology_pathogenesis: 病人多无器质性心脏病, 相当部分病人有长期反复发作病史, 病人大多无其他心脏异常征象, 可于任何年龄经体检心电图或发作心动过速被发现, 少数可见于先天性心血管病如三尖瓣下移畸形（Ebstein畸形）、二尖瓣脱垂、各类心肌病等；clinical_manifestation: 胸闷, 心悸, 晕厥, 黑矇, 头晕；treatment: β受体拮抗剂, 胺碘酮, 非二氢吡啶类钙通道阻滞剂, 钙通道阻滞剂, 维拉帕米",g1_needs_backfill,否,C2结构化候选仍需人工/规则深审计后才能进入curated delta
房室交界性期前收缩,房室交界性心律失常,条目,,4455,4471,ecg_defined_arrhythmia,definition；diagnosis_differential；exam_lab；treatment,definition,diagnosis_differential；exam_lab；treatment,3,0,0,0,0,0,0,"definition: 房室交界性期前收缩定义, 指示为房室交界性期前收缩, 指房室交界性逸搏连续发生而形成的节律",g1_needs_backfill,否,C2结构化候选仍需人工/规则深审计后才能进入curated delta
非阵发性房室交界性心动过速,房室交界性心律失常,条目,,4472,4475,ecg_defined_arrhythmia,definition；diagnosis_differential；exam_lab；treatment,definition,diagnosis_differential；exam_lab；treatment,2,0,0,0,0,0,0,"definition: 非阵发性房室交界性心动过速定义, 引起者，经常合并房室交界区文氏型传导阻滞，使心室律变得不规则",g1_needs_backfill,否,C2结构化候选仍需人工/规则深审计后才能进入curated delta
心房扑动,房性心律失常,条目,,4396,4408,disease_or_subtype,clinical_manifestation；definition；diagnosis_differential；exam_lab；treatment,clinical_manifestation；definition；etiology_pathogenesis；treatment,diagnosis_differential；exam_lab,2,7,1,0,0,8,0,"definition: 心房扑动定义, 是介于房速和房颤之间的快速型心律失常；etiology_pathogenesis: 多见于冠心病、瓣膜病、高血压心脏病和心肌病等器质性心脏病, 肺栓塞、甲状腺功能亢进、酒精中毒和心包炎等, 部分病人也可无明显病因, 高血压, 冠心病；clinical_manifestation: 心绞痛；treatment: β受体拮抗剂, 胺碘酮, 非二氢吡啶类钙通道阻滞剂, 地高辛, 钙通道阻滞剂",g1_needs_backfill,否,C2结构化候选仍需人工/规则深审计后才能进入curated delta
心房颤动,房性心律失常,条目,,4409,4452,disease_or_subtype,clinical_manifestation；definition；diagnosis_differential；exam_lab；treatment,clinical_manifestation；definition；etiology_pathogenesis,diagnosis_differential；exam_lab；treatment,5,10,2,0,0,0,0,"definition: 心房颤动定义, 是最常见的心律失常之一，是指规则有序的心房电活动丧失，代之以快速无序的颤动波，是最严重的心房电活动紊乱, 是房颤病人的主要病理生理特点, 指规则有序的心房电活动丧失，代之以快速无序的颤动波，是最严重的心房电活动紊乱, 引起心室极不规则的反应；etiology_pathogenesis: 房颤常发生于器质性心脏病病人, 多见于冠心病、高血压心脏病、瓣膜病、心肌病以及甲状腺功能亢进, 其次缩窄性心包炎、慢性肺源性心脏病、预激综合征以及高龄老人也可合并房颤, 部分房颤原因不明, 在情绪激动、外科手术、运动或大量饮酒时发生；clinical_manifestation: 心绞痛, 心动过速",g1_needs_backfill,否,C2结构化候选仍需人工/规则深审计后才能进入curated delta
房性心动过速,房性心律失常,条目,,4371,4395,ecg_defined_arrhythmia,definition；diagnosis_differential；exam_lab；treatment,clinical_manifestation；definition；etiology_pathogenesis；treatment,diagnosis_differential；exam_lab,3,5,8,0,0,7,0,"definition: 房性心动过速定义, 是严重肺部疾病常见的心律失常，最终可能发展为心房颤动, 指起源于心房且无需房室结参与维持的心动过速；etiology_pathogenesis: 冠心病、慢性肺部疾病、洋地黄中毒、大量饮酒以及各种代谢障碍均可成为致病原因, 心脏外科手术或导管消融术后所致的手术瘢痕也可引起房性心动过速, 亦可见于部分心脏结构正常的病人, 饮酒, 冠心病；clinical_manifestation: 胸痛, 心悸, 晕厥, 乏力, 头晕；treatment: β受体拮抗剂, 胺碘酮, 非二氢吡啶类钙通道阻滞剂, 钙通道阻滞剂, 导管消融",g1_needs_backfill,否,C2结构化候选仍需人工/规则深审计后才能进入curated delta
房性期前收缩,房性心律失常,条目,,4363,4370,ecg_defined_arrhythmia,definition；diagnosis_differential；exam_lab；treatment,clinical_manifestation；definition,diagnosis_differential；exam_lab；treatment,3,0,3,0,0,0,0,"definition: 房性期前收缩定义, 是指起源于窦房结以外心房的任何部位的心房激动，是临床上常见的心律失常, 指起源于窦房结以外心房的任何部位的心房激动，是临床上常见的心律失常；clinical_manifestation: 胸闷, 心悸, 乏力",g1_needs_backfill,否,C2结构化候选仍需人工/规则深审计后才能进入curated delta
病态窦房结综合征,窦性心律失常,条目,,4347,4360,disease_or_subtype,clinical_manifestation；definition；diagnosis_differential；exam_lab；treatment,clinical_manifestation；definition；etiology_pathogenesis,diagnosis_differential；exam_lab；treatment,3,6,9,0,0,0,0,"definition: 病态窦房结综合征定义, 是由窦房结病变导致功能减退，产生多种心律失常的综合表现, 导致功能减退，产生多种心律失常的综合表现；etiology_pathogenesis: 如窦房结纤维化与脂肪浸润、硬化与退行性变、淀粉样变性、甲状腺功能减退、某些感染（布鲁氏菌病、伤寒）等均可损害窦房结, 导致窦房结起搏与窦房传导功能障碍, 窦房结动脉供血减少、窦房结周围神经和心房肌的病变亦是SSS的病因, 颈动脉窦过敏、脑血管意外、高血钾、迷走神经张力增高、某些抗心律失常药物如洋地黄类药物、乙酰胆碱等抑制窦房结功能亦可导致窦房结功能障碍, 感染；clinical_manifestation: 心悸, 晕厥, 黑矇, 乏力, 耐力下降",g1_needs_backfill,否,C2结构化候选仍需人工/规则深审计后才能进入curated delta
窦性心动过缓,窦性心律失常,条目,,4327,4341,ecg_defined_arrhythmia,definition；diagnosis_differential；exam_lab；treatment,definition,diagnosis_differential；exam_lab；treatment,4,0,0,0,0,0,0,"definition: 窦性心动过缓定义, 是指窦房结不能产生冲动, 指窦房结不能产生冲动, 引起窦性停搏",g1_needs_backfill,否,C2结构化候选仍需人工/规则深审计后才能进入curated delta
窦性心动过速,窦性心律失常,条目,,4321,4326,ecg_defined_arrhythmia,definition；diagnosis_differential；exam_lab；treatment,definition,diagnosis_differential；exam_lab；treatment,3,0,0,0,0,0,0,"definition: 窦性心动过速定义, 是指在静息状态下心率的持续性增快，或心率的增快与生理、情绪激动、病理状态或药物作用无关或不相一致，其发生机制不明，可能与窦房结本身的自律性增强，或自主神经对窦房结, 指在静息状态下心率的持续性增快，或心率的增快与生理、情绪激动、病理状态或药物作用无关或不相一致，其发生机制不明，可能与窦房结本身的自律性增强，或自主神经对窦房结的",g1_needs_backfill,否,C2结构化候选仍需人工/规则深审计后才能进入curated delta
窦房传导阻滞,窦性心律失常,条目,,4342,4346,ecg_defined_arrhythmia,definition；diagnosis_differential；exam_lab；treatment,definition,diagnosis_differential；exam_lab；treatment,2,0,0,0,0,0,0,"definition: 窦房传导阻滞定义, 指窦房结冲动传导至心房时发生延缓或阻滞",g1_needs_backfill,否,C2结构化候选仍需人工/规则深审计后才能进入curated delta
先天性心血管病,第三篇循环系统疾病,章,,6067,6070,category_container,,,,0,0,0,0,0,0,0,,g1_container_rollup_only,否,C2结构化候选仍需人工/规则深审计后才能进入curated delta
动脉粥样硬化和冠状动脉粥样硬化性心脏病,第三篇循环系统疾病,章,,4890,4942,category_container,,clinical_manifestation；definition；diagnosis_differential；exam_lab；prognosis_followup；treatment,,9,0,3,8,6,11,6,"definition: 动脉粥样硬化和冠状动脉粥样硬化性心脏病定义, 是包括血管内超声（IVUS）和光学相干断层扫描（OCT）在内的腔内影像学技术的进展和普及，对不同临床类型冠心病病人的斑块性状有了更直接和更清晰的认识, 是稳定型，即纤维帽较厚而脂质池较小的斑块, 是不稳定型（又称为易损型），其纤维帽较薄，脂质池较大易于破裂, 导致急性缺血性心血管事件的发生；clinical_manifestation: 上腹痛, 少尿, 高血压；exam_lab: 超声心动图, 冠状动脉CT血管成像, 心电图, 运动负荷试验, X线；diagnosis_differential: 诊断并不困难, 但早期诊断很不容易, 年长病人发现血脂异常, 应首先考虑诊断本病, 梅毒性主动脉炎和主动脉瘤以及纵隔肿瘤相鉴别；prognosis_followup: 本病预后随病变部位、程度、血管狭窄发展速度、受累器官受损情况和有无并发症而不同, 病变涉及心、脑、肾等重要脏器动脉者预后不良, 本病预后随病变部位、程度、血管狭窄发展速度、受累器官受损情况和有无并发症而不同, 病变涉及心、脑、肾等重要脏器动脉者预后不良, 本病预后随病变部位、程度、血管狭窄发展速度、受累器官受损情况和有无并发症而不同；treatment: P2Y12受体抑制剂, 他汀类药物, 阿司匹林, 抗凝药物, 氯吡格雷",g1_container_rollup_only,否,C2结构化候选仍需人工/规则深审计后才能进入curated delta
心力衰竭,第三篇循环系统疾病,章,,3905,3909,category_container,,definition,,6,0,0,0,0,0,0,"definition: 心力衰竭定义, 是各种原因导致的心脏结构和/或功能异常，使心脏出现收缩和/或充盈障碍，在静息或运动时心排血量下降或心腔内压力增高而引起的一组复杂临床综合征，主要表现为活动耐量下降, 是一个更广泛的概念，伴有临床症状的心功能不全称之为心力衰竭（简称心衰）, 主要表现为活动耐量下降和液体潴留, 导致的心脏结构和/或功能异常，使心脏出现收缩和/或充盈障碍，在静息或运动时心排血量下降或心腔内压力增高而引起的一组复杂临床综",g1_container_rollup_only,否,C2结构化候选仍需人工/规则深审计后才能进入curated delta
心包疾病,第三篇循环系统疾病,章,,6684,6689,category_container,,definition,,4,0,0,0,0,0,0,"definition: 心包疾病定义, 是由感染、肿瘤、代谢性疾病、结缔组织病、外伤、药物、放射等引起的心包病理性改变，常表现为心包炎、心包积液、缩窄性心包炎, 导致的心腔迅速扩张或过度充盈，也能阻止炎症和恶性肿瘤向心脏转移, 引起的心包病理性改变，常表现为心包炎、心包积液、缩窄性心包炎",g1_container_rollup_only,否,C2结构化候选仍需人工/规则深审计后才能进入curated delta
心律失常,第三篇循环系统疾病,章,,4229,4232,category_container,,,,0,0,0,0,0,0,0,,g1_container_rollup_only,否,C2结构化候选仍需人工/规则深审计后才能进入curated delta
心肌疾病,第三篇循环系统疾病,章,,5739,5745,category_container,,definition,,6,0,0,0,0,0,0,"definition: 心肌疾病定义, 是一组病因和表型异质性高的心肌疾病，其心肌结构和/或功能异常无法以前/后负荷增加或心肌缺血等疾病来诠释, 是：①将CM视为常见临床表现（心力衰竭、心律失常）的原因, 指南》的分类法将其分为5个临床表型：肥厚型心肌病（HCM）、扩张型心肌病（DCM）、非扩张型左心室心肌病（NDLVC）、致心律失常性右心室心肌病（ARVC）和限制, 指导心源性猝死（SCD）的预防",g1_container_rollup_only,否,C2结构化候选仍需人工/规则深审计后才能进入curated delta
心脏瓣膜病,第三篇循环系统疾病,章,,6386,6391,category_container,,definition,,4,0,0,0,0,0,0,"definition: 心脏瓣膜病定义, 是由多种原因引起的心脏瓣膜狭窄或/和反流所致的心脏疾病, 导致心房或心室结构改变及功能失常，最终出现心力衰竭、心律失常等临床表现, 引起的心脏瓣膜狭窄或/和反流所致的心脏疾病",g1_container_rollup_only,否,C2结构化候选仍需人工/规则深审计后才能进入curated delta
心脏骤停与心脏性猝死,第三篇循环系统疾病,章,,7005,7156,category_container,,clinical_manifestation；definition；etiology_pathogenesis；prognosis_followup,,8,24,8,0,0,0,2,"definition: 心脏骤停与心脏性猝死定义, 是指心脏射血功能突然终止，造成全身血液循环中断、呼吸停止和意识丧失, 是心脏性猝死的直接原因, 是指急性症状发作后1小时内发生的以意识突然丧失为特征的、由心脏原因引起的自然死亡, 是否有心脏病，死亡的时间和形式未能预料；etiology_pathogenesis: 心脏骤停病因多样, 包括病人自身疾病（心源性疾病、非心源性疾病、疾病终末期等）和外部因素（如创伤、溺水、自杀等）, 其中心源性疾病为主要病因, 绝大多数SCD发生在有器质性心脏病的病人, 西方国家SCD中约80%由冠心病及其并发症引起；prognosis_followup: 心脏骤停, 室性心律失常；clinical_manifestation: 胸痛, 呼吸困难, 心悸, 乏力, 头晕",g1_container_rollup_only,否,C2结构化候选仍需人工/规则深审计后才能进入curated delta
心血管神经症,第三篇循环系统疾病,章,,7338,7392,disease_or_subtype,clinical_manifestation；definition；diagnosis_differential；exam_lab；treatment,definition,clinical_manifestation；diagnosis_differential；exam_lab；treatment,1,0,0,0,0,0,0,definition: 心血管神经症定义,g1_needs_backfill,否,C2结构化候选仍需人工/规则深审计后才能进入curated delta
感染性心内膜炎,第三篇循环系统疾病,章,,6837,7004,disease_or_subtype,clinical_manifestation；definition；diagnosis_differential；exam_lab；treatment,clinical_manifestation；definition；diagnosis_differential；etiology_pathogenesis；exam_lab；prognosis_followup,treatment,3,16,2,6,15,0,27,"definition: 感染性心内膜炎定义, 是指病原体循血行途径或直接感染心瓣膜、心内膜或邻近大血管内膜所致的感染性疾病，感染最常累及瓣膜，常伴赘生物形成、局部结构与功能受损、终末器官感染性栓塞及全身炎症反, 指病原体循血行途径或直接感染心瓣膜、心内膜或邻近大血管内膜所致的感染性疾病，感染最常累及瓣膜，常伴赘生物形成、局部结构与功能受损、终末器官感染性栓塞及全身炎症反应；etiology_pathogenesis: 2.感染病原包括细菌、真菌、病毒、立克次体、衣原体等, 约90%社区获得性IE由链球菌、葡萄球菌或肠球菌引起（前者居多）, 医院获得性或静脉药物成瘾IE则多由金黄色葡萄球菌所致, 急性IE主要由金黄色葡萄球菌引起, 亚急性IE则多由草绿色链球菌致病；clinical_manifestation: 乏力, 心脏杂音；exam_lab: 超声心动图, 心脏磁共振成像, X线, CT, MRI；diagnosis_differential: 2.诊断标准病理标本培养或检出病原体是诊断的“金标准”, 血培养和超声心动图仍是临床诊断IE的两大基石：阳性血培养两次且为同一致病菌、超声检出赘生物是诊断的最主要证据, Duke诊断标准曾是公认的临床综合诊断标准, 2023年欧洲心脏病学会（ESC）发布了新版IE诊断标准（表3-10-1）, 按新标准；prognosis_followup: 预防IE的最有效措施是良好的口腔卫生习惯和定期的牙科检查, 在任何静脉导管插入或其他有创性操作过程中都必须严格无菌操作, 使用抗生素预防IE较以往减少, 对有IE易患因素的高危病人, 操作时可预防性应用抗生素",g1_needs_backfill,否,C2结构化候选仍需人工/规则深审计后才能进入curated delta
高血压,第三篇循环系统疾病,章,,5479,5482,category_container,,,,0,0,0,0,0,0,0,,g1_container_rollup_only,否,C2结构化候选仍需人工/规则深审计后才能进入curated delta
糖尿病与冠心病,糖尿病相关心血管疾病,节,,7541,7569,disease_or_subtype,clinical_manifestation；definition；diagnosis_differential；exam_lab；treatment,clinical_manifestation；definition；diagnosis_differential；etiology_pathogenesis；treatment,exam_lab,2,12,2,0,1,1,0,"definition: 糖尿病与冠心病定义, 是糖尿病病人最主要的大血管并发症，超过40%的糖尿病病人死于心血管疾病，尤其是ASCVD；etiology_pathogenesis: 糖尿病导致冠心病的发病机制非常复杂, 目前认为与高血糖和胰岛素抵抗引起的内皮功能紊乱、炎症水平上升、脂代谢异常、氧化应激、高凝状态等因素密切相关, 1.内皮功能紊乱高血糖可直接抑制内皮细胞依赖的血管舒张, 高胰岛素血症通过促进内皮素-1和血管紧张素Ⅱ产生、活性氧（ROS）激活, 加重内皮功能不良；clinical_manifestation: 胸痛, 胸闷；diagnosis_differential: 参照“冠心病”“糖尿病”相关章节；treatment: 钠-葡萄糖共转运蛋白2抑制剂",g1_needs_backfill,否,C2结构化候选仍需人工/规则深审计后才能进入curated delta
糖尿病与心力衰竭,糖尿病相关心血管疾病,节,,7570,7599,disease_or_subtype,clinical_manifestation；definition；diagnosis_differential；exam_lab；treatment,clinical_manifestation；definition；etiology_pathogenesis；prognosis_followup；treatment,diagnosis_differential；exam_lab,2,11,1,0,0,10,1,"definition: 糖尿病与心力衰竭定义, 是心力衰竭（以下简称“心衰”）的独立危险因素；etiology_pathogenesis: 糖尿病病人发生心衰是多种因素共同作用的结果, 除了高血糖的直接和间接损害外, 还包括肥胖等其他伴发代谢疾病对心肌的损害等, 从病理生理学层面分析, 心肌细胞代谢紊乱、钙离子调节功能障碍、线粒体功能紊乱、氧化应激损伤以及心脏微循环灌注不良、神经体液过度激活等在糖尿病病人心力衰竭的发生发展中具有重要作用；prognosis_followup: 心力衰竭；clinical_manifestation: 心脏扩大；treatment: ACEI/ARB, β受体拮抗剂, 利尿剂, 血管紧张素转换酶抑制剂, 血管紧张素II受体拮抗剂",g1_needs_backfill,否,C2结构化候选仍需人工/规则深审计后才能进入curated delta
糖尿病与高血压,糖尿病相关心血管疾病,节,,7527,7540,disease_or_subtype,clinical_manifestation；definition；diagnosis_differential；exam_lab；treatment,clinical_manifestation；definition；diagnosis_differential；etiology_pathogenesis；treatment,exam_lab,1,11,1,0,1,7,0,"definition: 糖尿病与高血压定义；etiology_pathogenesis: 主要与肾素-血管紧张素-醛固酮系统（RAAS）过度激活、线粒体功能紊乱、慢性炎症等有密切的关系, 1.RAAS过度激活高血糖和胰岛素抵抗可引发RAAS过度激活, 使血管紧张素Ⅱ和醛固酮水平升高, 抑制胰岛素信号通路下游PI3K/Akt通路激活, 抑制eNOS活化；clinical_manifestation: 高血压；diagnosis_differential: 参照“高血压”“糖尿病”相关章节；treatment: β受体拮抗剂, 利尿剂, 血管紧张素转换酶抑制剂, 血管紧张素II受体拮抗剂, ACEI",g1_needs_backfill,否,C2结构化候选仍需人工/规则深审计后才能进入curated delta
肿瘤治疗相关的其他心血管疾病,肿瘤心脏病学,节,,7457,7526,therapy_or_management_section,treatment,definition,treatment,9,0,0,0,0,0,0,"definition: 肿瘤治疗相关的其他心血管疾病定义, 是放疗常见的远期并发症，发生率约为10%, 是对霍奇金淋巴瘤、乳腺癌、肺癌的放疗）、细胞毒性治疗、靶向治疗和免疫治疗等多种肿瘤治疗可引起心包炎或心包积液, 导致1型PH, 导致CTRCD，进而引起2型PH",g1_needs_backfill,否,C2结构化候选仍需人工/规则深审计后才能进入curated delta
肿瘤治疗相关的冠状动脉疾病,肿瘤心脏病学,节,,7427,7436,therapy_or_management_section,treatment,clinical_manifestation；definition；etiology_pathogenesis；treatment,,1,5,1,0,0,3,0,"definition: 肿瘤治疗相关的冠状动脉疾病定义；etiology_pathogenesis: 上述药物诱发冠心病的主要机制包括冠脉内皮损伤、冠脉痉挛、急性血栓形成等, 放疗也可诱发冠心病, 其主要机制包括冠脉内皮损伤、炎症反应、氧化应激、动脉粥样硬化进程加快、微血栓形成及斑块破裂等, 放疗诱发的冠脉病变部位常见于冠脉近端或开口处, 冠心病；clinical_manifestation: 胸闷；treatment: 经皮冠状动脉介入治疗, PCI, 血运重建",g1_structured_candidate_ready,否,C2结构化候选仍需人工/规则深审计后才能进入curated delta
肿瘤治疗相关的心功能不全,肿瘤心脏病学,节,,7393,7426,therapy_or_management_section,treatment,diagnosis_differential；etiology_pathogenesis；exam_lab；treatment,,0,12,0,7,1,8,0,"etiology_pathogenesis: 多种肿瘤治疗药物均可能导致不同程度的CTRCD, 常见CTRCD病因如下, 1.蒽环类药物相关CTRCD蒽环类药物（如多柔比星）是多种实体肿瘤（如乳腺癌）及血液系统恶性肿瘤（如淋巴瘤、急性白血病）常用的化疗药物, 可以通过氧化应激、铁代谢障碍、钙超载、抑制拓扑异构酶Ⅱβ诱导DNA损伤等机制导致心肌损伤, 蒽环类药物相关CTRCD与累积药物剂量呈正相关；exam_lab: 超声心动图, 心内膜心肌活检, 心脏磁共振成像, CT, 心脏磁共振；diagnosis_differential: （表3-14-1）表3-14-1CTRCD的分类及诊断标准；treatment: ACEI/ARB, β受体拮抗剂, 血管紧张素转换酶抑制剂, 血管紧张素II受体拮抗剂, 钠-葡萄糖共转运蛋白2抑制剂",g1_structured_candidate_ready,否,C2结构化候选仍需人工/规则深审计后才能进入curated delta
肿瘤治疗相关的心律失常,肿瘤心脏病学,节,,7437,7450,therapy_or_management_section,treatment,definition,treatment,8,0,0,0,0,0,0,"definition: 肿瘤治疗相关的心律失常定义, 是CYP3A4和P-糖蛋白的抑制剂，普罗帕酮主要经CYP2D6代谢，应用时需注意与肿瘤治疗药物间的相互作用, 导致QT间期延长，同时肿瘤病人常合并的电解质紊乱/肝肾功能不全等因素，使得QT间期延长发生率进一步增加, 导致QT间期延长的药物, 导致QT间期延长的危险因素，动态监测心电图变化",g1_needs_backfill,否,C2结构化候选仍需人工/规则深审计后才能进入curated delta
肿瘤治疗相关的血栓性疾病,肿瘤心脏病学,节,,7454,7456,therapy_or_management_section,treatment,definition,treatment,4,0,0,0,0,0,0,"definition: 肿瘤治疗相关的血栓性疾病定义, 是肿瘤病人外科手术后最常见的死因之一, 是腹部或盆腔手术）病人，术后应给予4周的预防性抗凝, 引起，也可能继发于房颤",g1_needs_backfill,否,C2结构化候选仍需人工/规则深审计后才能进入curated delta
肿瘤治疗相关的高血压,肿瘤心脏病学,节,,7451,7453,therapy_or_management_section,treatment,definition,treatment,4,0,0,0,0,0,0,"definition: 肿瘤治疗相关的高血压定义, 是肿瘤病人重要的合并症，部分高血压与肿瘤治疗药物相关, 是＜140/90mmHg，如病人耐受性良好，建议控制在130/80mmHg以下, 引起高血压和使原有高血压病情加重的概率高达11%～45%",g1_needs_backfill,否,C2结构化候选仍需人工/规则深审计后才能进入curated delta
原发性高血压,高血压,节,,5483,5655,disease_or_subtype,clinical_manifestation；definition；diagnosis_differential；exam_lab；treatment,definition；diagnosis_differential；etiology_pathogenesis；exam_lab；treatment,clinical_manifestation,5,14,0,8,10,9,0,"definition: 原发性高血压定义, 是以体循环动脉压升高为主要临床表现的心血管综合征，可分为原发性高血压（essentialhypertension）和继发性高血压（secondaryhyperte, 是心脑血管疾病最重要的危险因素之一，常与其他心血管危险因素共存，可损伤重要脏器，如心、脑、肾的结构和功能，最终导致这些器官的功能衰竭, 是根据临床及流行病学资料界定的, 导致这些器官的功能衰竭；etiology_pathogenesis: 原发性高血压是遗传和环境因素交互作用的结果, 并非一种同质性疾病, 不同个体间病因和发病机制不尽相同, 不同阶段始动、维持和加速机制不同, 各种发病机制间也存在交互作用；exam_lab: 超声心动图, 心电图, 心脏磁共振成像, 胸部X线, X线；diagnosis_differential: 高血压诊断根据诊室测量的血压值, 一般需非同日测量三次血压值收缩压均≥140mmHg和/或舒张压均≥90mmHg可诊断高血压, 也诊断为高血压, 夜间收缩压平均值≥120mmHg和/或舒张压平均值≥70mmHg来诊断高血压, 是否血压升高；treatment: ACEI/ARB, β受体拮抗剂, 利尿剂, 血管紧张素转换酶抑制剂, 血管紧张素II受体拮抗剂",g1_needs_backfill,否,C2结构化候选仍需人工/规则深审计后才能进入curated delta
继发性高血压,高血压,节,,5656,5738,disease_or_subtype,clinical_manifestation；definition；diagnosis_differential；exam_lab；treatment,definition,clinical_manifestation；diagnosis_differential；exam_lab；treatment,9,0,0,0,0,0,0,"definition: 继发性高血压定义, 是指由某些确定的疾病或病因引起的血压升高, 是最常见的继发性高血压，终末期肾病80%～90%合并高血压, 是由于肾单位大量丢失，导致水钠潴留和细胞外容量增加，以及肾脏RAAS激活与排钠减少, 是单侧或双侧肾动脉主干或分支狭窄引起的高血压",g1_needs_backfill,否,C2结构化候选仍需人工/规则深审计后才能进入curated delta
