id,entity_type,kg_node_code,kg_node_name,target_table,issue_type,reason,proposed_value,current_value,source,target_id,target_code,target_name,review_layer,recommended_action,classification_reason,normalized_name,term_relation,normalization_basis,group_id
5ad30257dab9517db4b63dfcc1affbfb,Sign,SIGN-CARD-1431D67A6000,肺水肿,K_CLINICAL_SIGN_DICT,WRONG_TYPE_OR_COMPOSITE,更适合并发症、检查发现或临床规则，不注册为标准体征,"{""action"": ""reclassify_or_decompose""}",,,,,,无需人工审核,退回并重分类,原队列已确认类型错误或不是原子项；不进入Oracle注册。,肺水肿,,,
4b29941e108e53279455d7fb9bb21692,Sign,SIGN-CARD-8F15AA48D767,肺淤血,K_CLINICAL_SIGN_DICT,WRONG_TYPE_OR_COMPOSITE,更适合并发症、检查发现或临床规则，不注册为标准体征,"{""action"": ""reclassify_or_decompose""}",,,,,,无需人工审核,退回并重分类,原队列已确认类型错误或不是原子项；不进入Oracle注册。,肺淤血,,,
b7ea6513872950f6a077d24a26e85159,Sign,SIGN-CARD-74FB701F06FE,靶器官损害,K_CLINICAL_SIGN_DICT,WRONG_TYPE_OR_COMPOSITE,更适合并发症、检查发现或临床规则，不注册为标准体征,"{""action"": ""reclassify_or_decompose""}",,,,,,无需人工审核,退回并重分类,原队列已确认类型错误或不是原子项；不进入Oracle注册。,靶器官损害,,,
743624af4d1752958a8272ae1a9c1042,Sign,SIGN-CARD-667CA8B6F7D8,胸腔积液,K_CLINICAL_SIGN_DICT,WRONG_TYPE_OR_COMPOSITE,更适合并发症、检查发现或临床规则，不注册为标准体征,"{""action"": ""reclassify_or_decompose""}",,,,,,无需人工审核,退回并重分类,原队列已确认类型错误或不是原子项；不进入Oracle注册。,胸腔积液,,,
6549c8c772fa515b8b5de8370e29ae5e,Sign,SIGN-CARD-8D884A9CED51,心功能不全,K_CLINICAL_SIGN_DICT,WRONG_TYPE_OR_COMPOSITE,更适合并发症、检查发现或临床规则，不注册为标准体征,"{""action"": ""reclassify_or_decompose""}",,,,,,无需人工审核,退回并重分类,原队列已确认类型错误或不是原子项；不进入Oracle注册。,心功能不全,,,
3cc8c62b99605f4d99f5b2b7eb147ed5,Sign,SIGN-CARD-CM-ACM-VENTRICULAR-ARRHYTHMIA,室性心律失常表现,K_CLINICAL_SIGN_DICT,WRONG_TYPE_OR_COMPOSITE,疾病概括体征或表现，不是原子体征,"{""action"": ""reclassify_or_decompose""}",,,,,,无需人工审核,退回并重分类,原队列已确认类型错误或不是原子项；不进入Oracle注册。,室性心律失常表现,,,
a0b5e8e3d8265ba4a66de368708ac8ad,Sign,SIGN-CARD-028F5AE6B5B1,心动过缓或房室分离表现,K_CLINICAL_SIGN_DICT,WRONG_TYPE_OR_COMPOSITE,疾病概括体征或表现，不是原子体征,"{""action"": ""reclassify_or_decompose""}",,,,,,无需人工审核,退回并重分类,原队列已确认类型错误或不是原子项；不进入Oracle注册。,心动过缓或房室分离表现,,,
5c92e7dd171d517eb4ac09e3753dad4d,Sign,SIGN-CARD-DFDF19EA4460,Stanford B型主动脉夹层体征,K_CLINICAL_SIGN_DICT,WRONG_TYPE_OR_COMPOSITE,疾病概括体征或表现，不是原子体征,"{""action"": ""reclassify_or_decompose""}",,,,,,无需人工审核,退回并重分类,原队列已确认类型错误或不是原子项；不进入Oracle注册。,Stanford B型主动脉夹层体征,,,
349efbc13a495c0cad5d8ad4b6cf7591,Sign,SIGN-CARD-71F59D966951,一度房室传导阻滞体征,K_CLINICAL_SIGN_DICT,WRONG_TYPE_OR_COMPOSITE,疾病概括体征或表现，不是原子体征,"{""action"": ""reclassify_or_decompose""}",,,,,,无需人工审核,退回并重分类,原队列已确认类型错误或不是原子项；不进入Oracle注册。,一度房室传导阻滞体征,,,
6dcd3a8343b35065b08b544788550846,Sign,SIGN-CARD-165916FB884A,三尖瓣反流体征,K_CLINICAL_SIGN_DICT,WRONG_TYPE_OR_COMPOSITE,疾病概括体征或表现，不是原子体征,"{""action"": ""reclassify_or_decompose""}",,,,,,无需人工审核,退回并重分类,原队列已确认类型错误或不是原子项；不进入Oracle注册。,三尖瓣反流体征,,,
945953244203590ea4af950bf774efb0,Sign,SIGN-CARD-541629E55AF5,三度房室传导阻滞体征,K_CLINICAL_SIGN_DICT,WRONG_TYPE_OR_COMPOSITE,疾病概括体征或表现，不是原子体征,"{""action"": ""reclassify_or_decompose""}",,,,,,无需人工审核,退回并重分类,原队列已确认类型错误或不是原子项；不进入Oracle注册。,三度房室传导阻滞体征,,,
1829d8b63bfd53e2938fb853a91ff76b,Sign,SIGN-CARD-PAD-PULSE-WOUND-GANGRENE,下肢脉搏异常、伤口不愈合或坏疽,K_CLINICAL_SIGN_DICT,WRONG_TYPE_OR_COMPOSITE,复合体征，应拆分为原子项或规则,"{""action"": ""reclassify_or_decompose""}",,,,,,无需人工审核,退回并重分类,原队列已确认类型错误或不是原子项；不进入Oracle注册。,下肢脉搏异常、伤口不愈合或坏疽,,,
cf75c7e7281d54db91e04836ff6585d9,Sign,SIGN-CARD-7EC3D028771F,主动脉夹层体征,K_CLINICAL_SIGN_DICT,WRONG_TYPE_OR_COMPOSITE,疾病概括体征或表现，不是原子体征,"{""action"": ""reclassify_or_decompose""}",,,,,,无需人工审核,退回并重分类,原队列已确认类型错误或不是原子项；不进入Oracle注册。,主动脉夹层体征,,,
e44e7d41d263554f81c816c7882a52a3,Sign,SIGN-CARD-B169155AB948,主动脉瓣反流体征,K_CLINICAL_SIGN_DICT,WRONG_TYPE_OR_COMPOSITE,疾病概括体征或表现，不是原子体征,"{""action"": ""reclassify_or_decompose""}",,,,,,无需人工审核,退回并重分类,原队列已确认类型错误或不是原子项；不进入Oracle注册。,主动脉瓣反流体征,,,
39fa8706dfb55117a9b5de1f6d24daa1,Sign,SIGN-CARD-335EDA4A1635,主动脉瓣狭窄体征,K_CLINICAL_SIGN_DICT,WRONG_TYPE_OR_COMPOSITE,疾病概括体征或表现，不是原子体征,"{""action"": ""reclassify_or_decompose""}",,,,,,无需人工审核,退回并重分类,原队列已确认类型错误或不是原子项；不进入Oracle注册。,主动脉瓣狭窄体征,,,
53d926248ad154e0a1082aaf65999cbf,Sign,SIGN-CARD-6ED622A23829,二尖瓣反流体征,K_CLINICAL_SIGN_DICT,WRONG_TYPE_OR_COMPOSITE,疾病概括体征或表现，不是原子体征,"{""action"": ""reclassify_or_decompose""}",,,,,,无需人工审核,退回并重分类,原队列已确认类型错误或不是原子项；不进入Oracle注册。,二尖瓣反流体征,,,
8aeefab9a7635a3e9b8aeeada502f9dc,Sign,SIGN-CARD-6AA156CF83ED,二尖瓣狭窄体征,K_CLINICAL_SIGN_DICT,WRONG_TYPE_OR_COMPOSITE,疾病概括体征或表现，不是原子体征,"{""action"": ""reclassify_or_decompose""}",,,,,,无需人工审核,退回并重分类,原队列已确认类型错误或不是原子项；不进入Oracle注册。,二尖瓣狭窄体征,,,
5dfd1a38e6cb5b81b8f5304a2a9255a5,Sign,SIGN-CARD-6ACCCADEAFEB,二度房室传导阻滞体征,K_CLINICAL_SIGN_DICT,WRONG_TYPE_OR_COMPOSITE,疾病概括体征或表现，不是原子体征,"{""action"": ""reclassify_or_decompose""}",,,,,,无需人工审核,退回并重分类,原队列已确认类型错误或不是原子项；不进入Oracle注册。,二度房室传导阻滞体征,,,
d0d2fab0ca3b57aa94c9a7f1dc17e25f,Sign,SIGN-CARD-1CAB37674011,先天性心脏病体征,K_CLINICAL_SIGN_DICT,WRONG_TYPE_OR_COMPOSITE,疾病概括体征或表现，不是原子体征,"{""action"": ""reclassify_or_decompose""}",,,,,,无需人工审核,退回并重分类,原队列已确认类型错误或不是原子项；不进入Oracle注册。,先天性心脏病体征,,,
e96bd220905053ebbef749fc829036a1,Sign,SIGN-CARD-0EE4DEA9587D,先天性心脏病相关肺动脉高压体征,K_CLINICAL_SIGN_DICT,WRONG_TYPE_OR_COMPOSITE,疾病概括体征或表现，不是原子体征,"{""action"": ""reclassify_or_decompose""}",,,,,,无需人工审核,退回并重分类,原队列已确认类型错误或不是原子项；不进入Oracle注册。,先天性心脏病相关肺动脉高压体征,,,
0926fc06802a578cb7854f42c76553c3,Sign,SIGN-CARD-BCE0C13CAEF5,动脉导管未闭体征,K_CLINICAL_SIGN_DICT,WRONG_TYPE_OR_COMPOSITE,疾病概括体征或表现，不是原子体征,"{""action"": ""reclassify_or_decompose""}",,,,,,无需人工审核,退回并重分类,原队列已确认类型错误或不是原子项；不进入Oracle注册。,动脉导管未闭体征,,,
a15e7946511a5e519253a7bdea62c09f,Sign,SIGN-CARD-B37A3EB81ED2,动脉性肺动脉高压体征,K_CLINICAL_SIGN_DICT,WRONG_TYPE_OR_COMPOSITE,疾病概括体征或表现，不是原子体征,"{""action"": ""reclassify_or_decompose""}",,,,,,无需人工审核,退回并重分类,原队列已确认类型错误或不是原子项；不进入Oracle注册。,动脉性肺动脉高压体征,,,
0830a71114a9565092d33baf63b8ff1f,Sign,SIGN-CARD-F215CD2C6184,卵圆孔未闭体征,K_CLINICAL_SIGN_DICT,WRONG_TYPE_OR_COMPOSITE,疾病概括体征或表现，不是原子体征,"{""action"": ""reclassify_or_decompose""}",,,,,,无需人工审核,退回并重分类,原队列已确认类型错误或不是原子项；不进入Oracle注册。,卵圆孔未闭体征,,,
25e789a500fe5acf89700771e92a3d95,Sign,SIGN-CARD-E3B404FFF957,多瓣膜病体征,K_CLINICAL_SIGN_DICT,WRONG_TYPE_OR_COMPOSITE,疾病概括体征或表现，不是原子体征,"{""action"": ""reclassify_or_decompose""}",,,,,,无需人工审核,退回并重分类,原队列已确认类型错误或不是原子项；不进入Oracle注册。,多瓣膜病体征,,,
f0b6f886ad1a589d8661b1fd06ae1b88,Sign,SIGN-CARD-CM-AMYLOID-LVH-LOW-VOLTAGE,室壁增厚与心电低电压不匹配,K_CLINICAL_SIGN_DICT,WRONG_TYPE_OR_COMPOSITE,复合体征，应拆分为原子项或规则,"{""action"": ""reclassify_or_decompose""}",,,,,,无需人工审核,退回并重分类,原队列已确认类型错误或不是原子项；不进入Oracle注册。,室壁增厚与心电低电压不匹配,,,
19719ab0347b5397900f497bb94ba5cb,Sign,SIGN-CARD-B6A5F5A925FF,室间隔缺损体征,K_CLINICAL_SIGN_DICT,WRONG_TYPE_OR_COMPOSITE,疾病概括体征或表现，不是原子体征,"{""action"": ""reclassify_or_decompose""}",,,,,,无需人工审核,退回并重分类,原队列已确认类型错误或不是原子项；不进入Oracle注册。,室间隔缺损体征,,,
44fea8dfa80c5cae8d3dfea4a8d2718e,Sign,SIGN-CARD-87E6A7F32565,左心室肥厚,K_CLINICAL_SIGN_DICT,WRONG_TYPE_OR_COMPOSITE,更适合并发症、检查发现或临床规则，不注册为标准体征,"{""action"": ""reclassify_or_decompose""}",,,,,,无需人工审核,退回并重分类,原队列已确认类型错误或不是原子项；不进入Oracle注册。,左心室肥厚,,,
a9a573747df85333a1aa9e880a3c6c8c,Sign,SIGN-CARD-5A56B306CD53,心包炎体征,K_CLINICAL_SIGN_DICT,WRONG_TYPE_OR_COMPOSITE,疾病概括体征或表现，不是原子体征,"{""action"": ""reclassify_or_decompose""}",,,,,,无需人工审核,退回并重分类,原队列已确认类型错误或不是原子项；不进入Oracle注册。,心包炎体征,,,
2ae2ac3d09c05ed69dbb0a00c13d04ec,Sign,SIGN-CARD-E826AD0DF329,心肌炎体征,K_CLINICAL_SIGN_DICT,WRONG_TYPE_OR_COMPOSITE,疾病概括体征或表现，不是原子体征,"{""action"": ""reclassify_or_decompose""}",,,,,,无需人工审核,退回并重分类,原队列已确认类型错误或不是原子项；不进入Oracle注册。,心肌炎体征,,,
9ff2f073a4bd5ea8a89731fa5155ccc7,Sign,SIGN-CARD-86F5BDED564F,心脏瓣膜病体征,K_CLINICAL_SIGN_DICT,WRONG_TYPE_OR_COMPOSITE,疾病概括体征或表现，不是原子体征,"{""action"": ""reclassify_or_decompose""}",,,,,,无需人工审核,退回并重分类,原队列已确认类型错误或不是原子项；不进入Oracle注册。,心脏瓣膜病体征,,,
84a59d9a5b4c51f6a2733973efa431af,Sign,SIGN-CARD-50CD8A1652EA,感染性心内膜炎体征,K_CLINICAL_SIGN_DICT,WRONG_TYPE_OR_COMPOSITE,疾病概括体征或表现，不是原子体征,"{""action"": ""reclassify_or_decompose""}",,,,,,无需人工审核,退回并重分类,原队列已确认类型错误或不是原子项；不进入Oracle注册。,感染性心内膜炎体征,,,
612f55413f6750f0b21748917a04db23,Sign,SIGN-CARD-6896EFBC8929,慢性血栓栓塞性肺动脉高压体征,K_CLINICAL_SIGN_DICT,WRONG_TYPE_OR_COMPOSITE,疾病概括体征或表现，不是原子体征,"{""action"": ""reclassify_or_decompose""}",,,,,,无需人工审核,退回并重分类,原队列已确认类型错误或不是原子项；不进入Oracle注册。,慢性血栓栓塞性肺动脉高压体征,,,
de43e178ca445b11844e7116ad80b00d,Sign,SIGN-CARD-A8A3ACF49B99,房室传导阻滞体征,K_CLINICAL_SIGN_DICT,WRONG_TYPE_OR_COMPOSITE,疾病概括体征或表现，不是原子体征,"{""action"": ""reclassify_or_decompose""}",,,,,,无需人工审核,退回并重分类,原队列已确认类型错误或不是原子项；不进入Oracle注册。,房室传导阻滞体征,,,
e97c81516f3d5338afdb7b7e0d8dc7b3,Sign,SIGN-CARD-42C51CA09C2F,房间隔缺损体征,K_CLINICAL_SIGN_DICT,WRONG_TYPE_OR_COMPOSITE,疾病概括体征或表现，不是原子体征,"{""action"": ""reclassify_or_decompose""}",,,,,,无需人工审核,退回并重分类,原队列已确认类型错误或不是原子项；不进入Oracle注册。,房间隔缺损体征,,,
80689026ee5d5152b31de99e9e680969,Sign,SIGN-CARD-C9C78F04261F,暴发性心肌炎体征,K_CLINICAL_SIGN_DICT,WRONG_TYPE_OR_COMPOSITE,疾病概括体征或表现，不是原子体征,"{""action"": ""reclassify_or_decompose""}",,,,,,无需人工审核,退回并重分类,原队列已确认类型错误或不是原子项；不进入Oracle注册。,暴发性心肌炎体征,,,
199795d7cd3457fd92c42257802a467c,Sign,SIGN-CARD-62E55BA7DADE,束支传导阻滞体征,K_CLINICAL_SIGN_DICT,WRONG_TYPE_OR_COMPOSITE,疾病概括体征或表现，不是原子体征,"{""action"": ""reclassify_or_decompose""}",,,,,,无需人工审核,退回并重分类,原队列已确认类型错误或不是原子项；不进入Oracle注册。,束支传导阻滞体征,,,
7ae3d81854f351c28e7728c02c080316,Sign,SIGN-CARD-A832DDE85F1A,特发性肺动脉高压体征,K_CLINICAL_SIGN_DICT,WRONG_TYPE_OR_COMPOSITE,疾病概括体征或表现，不是原子体征,"{""action"": ""reclassify_or_decompose""}",,,,,,无需人工审核,退回并重分类,原队列已确认类型错误或不是原子项；不进入Oracle注册。,特发性肺动脉高压体征,,,
86cb113683085d09a77471ca5038055c,Sign,SIGN-CARD-REQ-555D4E5CFAA7,短QT间期综合征相关临床体征,K_CLINICAL_SIGN_DICT,WRONG_TYPE_OR_COMPOSITE,疾病概括体征或表现，不是原子体征,"{""action"": ""reclassify_or_decompose""}",,,,,,无需人工审核,退回并重分类,原队列已确认类型错误或不是原子项；不进入Oracle注册。,短QT间期综合征相关临床体征,,,
190e882e1a16591d976791ecc69a49d8,Sign,SIGN-CARD-F10C32C93E92,窦房结功能障碍体征,K_CLINICAL_SIGN_DICT,WRONG_TYPE_OR_COMPOSITE,疾病概括体征或表现，不是原子体征,"{""action"": ""reclassify_or_decompose""}",,,,,,无需人工审核,退回并重分类,原队列已确认类型错误或不是原子项；不进入Oracle注册。,窦房结功能障碍体征,,,
1fb297ca1eb1514ba07ee0612ca068fc,Sign,SIGN-CARD-B4FED240FB6C,结缔组织病相关肺动脉高压体征,K_CLINICAL_SIGN_DICT,WRONG_TYPE_OR_COMPOSITE,疾病概括体征或表现，不是原子体征,"{""action"": ""reclassify_or_decompose""}",,,,,,无需人工审核,退回并重分类,原队列已确认类型错误或不是原子项；不进入Oracle注册。,结缔组织病相关肺动脉高压体征,,,
afd096c6ced4553dbf1e018504396b7c,Sign,SIGN-CARD-DB1CC6A9B67B,肺动脉瓣狭窄体征,K_CLINICAL_SIGN_DICT,WRONG_TYPE_OR_COMPOSITE,疾病概括体征或表现，不是原子体征,"{""action"": ""reclassify_or_decompose""}",,,,,,无需人工审核,退回并重分类,原队列已确认类型错误或不是原子项；不进入Oracle注册。,肺动脉瓣狭窄体征,,,
72142987be6f59c5a96b90265981f3fb,Sign,SIGN-CARD-C9FA2CD0D241,肺动脉高压体征,K_CLINICAL_SIGN_DICT,WRONG_TYPE_OR_COMPOSITE,疾病概括体征或表现，不是原子体征,"{""action"": ""reclassify_or_decompose""}",,,,,,无需人工审核,退回并重分类,原队列已确认类型错误或不是原子项；不进入Oracle注册。,肺动脉高压体征,,,
785909126fd8502bbc651e04ccd3dbf3,Sign,SIGN-CARD-AAS-PULSE-BP-DIFFERENTIAL,脉搏缺失或双上肢收缩压差,K_CLINICAL_SIGN_DICT,WRONG_TYPE_OR_COMPOSITE,复合体征，应拆分为原子项或规则,"{""action"": ""reclassify_or_decompose""}",,,,,,无需人工审核,退回并重分类,原队列已确认类型错误或不是原子项；不进入Oracle注册。,脉搏缺失或双上肢收缩压差,,,
7ad54bec3d66504cb84250929f4fd30a,Sign,SIGN-CARD-70CCDF26928B,腹主动脉瘤体征,K_CLINICAL_SIGN_DICT,WRONG_TYPE_OR_COMPOSITE,疾病概括体征或表现，不是原子体征,"{""action"": ""reclassify_or_decompose""}",,,,,,无需人工审核,退回并重分类,原队列已确认类型错误或不是原子项；不进入Oracle注册。,腹主动脉瘤体征,,,
8c6ce7b64fc15aed8e241ce8263ebf21,Sign,SIGN-CARD-2772E689A2C1,血脂异常体征,K_CLINICAL_SIGN_DICT,WRONG_TYPE_OR_COMPOSITE,疾病概括体征或表现，不是原子体征,"{""action"": ""reclassify_or_decompose""}",,,,,,无需人工审核,退回并重分类,原队列已确认类型错误或不是原子项；不进入Oracle注册。,血脂异常体征,,,
8efed3e03ccc568ca27012a00cead53d,Sign,SIGN-CARD-984BA4A30147,遗传性肺动脉高压体征,K_CLINICAL_SIGN_DICT,WRONG_TYPE_OR_COMPOSITE,疾病概括体征或表现，不是原子体征,"{""action"": ""reclassify_or_decompose""}",,,,,,无需人工审核,退回并重分类,原队列已确认类型错误或不是原子项；不进入Oracle注册。,遗传性肺动脉高压体征,,,
9e3bfc40eebd52b19299290cc3ceed27,Sign,SIGN-CARD-C783F0B34669,风湿性心脏瓣膜病体征,K_CLINICAL_SIGN_DICT,WRONG_TYPE_OR_COMPOSITE,疾病概括体征或表现，不是原子体征,"{""action"": ""reclassify_or_decompose""}",,,,,,无需人工审核,退回并重分类,原队列已确认类型错误或不是原子项；不进入Oracle注册。,风湿性心脏瓣膜病体征,,,
9404fb058180563483811921143a4887,Sign,SIGN-CARD-47494ECB7569,高胆固醇血症体征,K_CLINICAL_SIGN_DICT,WRONG_TYPE_OR_COMPOSITE,疾病概括体征或表现，不是原子体征,"{""action"": ""reclassify_or_decompose""}",,,,,,无需人工审核,退回并重分类,原队列已确认类型错误或不是原子项；不进入Oracle注册。,高胆固醇血症体征,,,
3ef9b7a1c28c52ac92d2c40916195345,ExamObservation,IND-CARD-STEMI-D6A001366BC3,ST段持续抬高提示室壁瘤,K_EXAM_OBSERVATION_DICT,RULE_OR_WRONG_TYPE,包含推理结论，应迁移为临床规则,"{""action"": ""move_to_clinical_rule""}",,,,,,无需人工审核,转入临床规则,该内容属于条件或推理结论，不是标准字典实体。,ST段持续抬高提示室壁瘤,,,
a8b29a060ae55eec888cc597645972f3,ExamObservation,IND-CARD-STEMI-17801B3D7472,V1至V5导联QS型提示前壁梗死,K_EXAM_OBSERVATION_DICT,RULE_OR_WRONG_TYPE,包含推理结论，应迁移为临床规则,"{""action"": ""move_to_clinical_rule""}",,,,,,无需人工审核,转入临床规则,该内容属于条件或推理结论，不是标准字典实体。,V1至V5导联QS型提示前壁梗死,,,
98090a3addd350a4a064f83841228a4c,ExamObservation,IND-CARD-STEMI-0A05978707AA,Ⅱ、Ⅲ、aVF导联ST段抬高提示下壁梗死,K_EXAM_OBSERVATION_DICT,RULE_OR_WRONG_TYPE,包含推理结论，应迁移为临床规则,"{""action"": ""move_to_clinical_rule""}",,,,,,无需人工审核,转入临床规则,该内容属于条件或推理结论，不是标准字典实体。,Ⅱ、Ⅲ、aVF导联ST段抬高提示下壁梗死,,,
6c767e4170765605ae4264180508ce83,ExamObservation,IND-CARD-F90926124AEA,发病时间,K_EXAM_OBSERVATION_DICT,RULE_OR_WRONG_TYPE,不是检查观察结果,"{""action"": ""move_to_clinical_rule""}",,,,,,无需人工审核,转入临床规则,该内容属于条件或推理结论，不是标准字典实体。,发病时间,,,
5b4e6d95bab752a6a6e4f771a4f6aea6,ExamObservation,IND-EXAM-GENETIC-家族遗传证据,家族遗传证据,K_EXAM_OBSERVATION_DICT,RULE_OR_WRONG_TYPE,不是检查观察结果,"{""action"": ""move_to_clinical_rule""}",,,,,,无需人工审核,转入临床规则,该内容属于条件或推理结论，不是标准字典实体。,家族遗传证据,,,
0ec5d300c949590792f5cb6d1f8ffa0d,ExamObservation,IND-EXAM-EMB-病原体证据,病原体证据,K_EXAM_OBSERVATION_DICT,RULE_OR_WRONG_TYPE,不是检查观察结果,"{""action"": ""move_to_clinical_rule""}",,,,,,无需人工审核,转入临床规则,该内容属于条件或推理结论，不是标准字典实体。,病原体证据,,,
3127036ce263552a8ec3ac7bc2a3633e,Symptom,CARD-SKELETON-20260709-SYMPTOM-4ED4019569B77DEB,一、稳定型心绞痛-症状,K_SYMPTOM_DICT,MISSING_IN_EXISTING_DICTIONARY,现有Oracle字典未能唯一匹配；第一批不修改既有字典,[],"{""aliases"": []}",Neo4j图谱与Oracle有效字典只读比对,,,,无需人工审核,退回并清理污染,名称含章节序号、标题结构或人工拼接后缀，不是可注册的临床原子项。,一、稳定型心绞痛-症状,,,
a7bda293e37d5161a04d28d0fe027a77,Symptom,CARD-SKELETON-20260709-SYMPTOM-68841F6CD0419D0B,三、导管消融-症状,K_SYMPTOM_DICT,MISSING_IN_EXISTING_DICTIONARY,现有Oracle字典未能唯一匹配；第一批不修改既有字典,[],"{""aliases"": []}",Neo4j图谱与Oracle有效字典只读比对,,,,无需人工审核,退回并清理污染,名称含章节序号、标题结构或人工拼接后缀，不是可注册的临床原子项。,三、导管消融-症状,,,
a58f498e75405d6a8a9f2b5286acce0e,Symptom,SYM-CARD-AAA-ATTRIBUTABLE-SYMPTOMS,与动脉瘤相关症状,K_SYMPTOM_DICT,MISSING_IN_EXISTING_DICTIONARY,现有Oracle字典未能唯一匹配；第一批不修改既有字典,[],"{""aliases"": [""symptoms that are attributable to the aneurysm"", ""symptomatic aneurysm"", ""symptoms that are attributable""]}",Neo4j图谱与Oracle有效字典只读比对,,,,无需人工审核,退回并拆分为原子项,该名称合并多个症状或只是疾病相关症状概括，应拆成可独立匹配的原子症状。,与动脉瘤相关症状,,,
7a7e5221c88f54cc8fb30d70105a5401,Symptom,SYM-CARD-STEMI-5B4E126F5621,心绞痛前驱症状,K_SYMPTOM_DICT,MISSING_IN_EXISTING_DICTIONARY,现有Oracle字典未能唯一匹配；第一批不修改既有字典,[],"{""aliases"": []}",Neo4j图谱与Oracle有效字典只读比对,,,,无需人工审核,退回并拆分为原子项,名称是疾病加维度形成的壳节点，应回到原文拆出真实临床项。,心绞痛前驱症状,,,
6eeddf9f2e205e4dbc6851104100dbd9,Symptom,CARD-SKELETON-20260709-SYMPTOM-3D10307B766F2860,第四节致心律失常性右心室心肌病-症状,K_SYMPTOM_DICT,MISSING_IN_EXISTING_DICTIONARY,现有Oracle字典未能唯一匹配；第一批不修改既有字典,[],"{""aliases"": []}",Neo4j图谱与Oracle有效字典只读比对,,,,无需人工审核,退回并清理污染,名称含章节序号、标题结构或人工拼接后缀，不是可注册的临床原子项。,第四节致心律失常性右心室心肌病-症状,,,
93cf6d72f32f551a91c2d9b6a71e4099,Symptom,SYM-CARD-AAS-CHEST-BACK-ABDOMINAL-PAIN,胸痛、背痛或腹痛,K_SYMPTOM_DICT,MISSING_IN_EXISTING_DICTIONARY,现有Oracle字典未能唯一匹配；第一批不修改既有字典,[],"{""aliases"": [""Chest, back, or abdominal pain""]}",Neo4j图谱与Oracle有效字典只读比对,,,,无需人工审核,退回并拆分为原子项,该名称合并多个症状或只是疾病相关症状概括，应拆成可独立匹配的原子症状。,胸痛、背痛或腹痛,,,
8ee2a9a560d65e0d88e8d8cb10aaea9c,Sign,SIGN-CARD-DFDF19EA4460,Stanford B型主动脉夹层体征,K_CLINICAL_SIGN_DICT,MISSING_IN_EXISTING_DICTIONARY,现有Oracle字典未能唯一匹配；第一批不修改既有字典,[],"{""aliases"": []}",Neo4j图谱与Oracle有效字典只读比对,,,,无需人工审核,退回并拆分为原子项,名称是疾病加维度形成的壳节点，应回到原文拆出真实临床项。,Stanford B型主动脉夹层体征,,,
38af00b62cb257819c941fb3d8e55f88,Sign,SIGN-CARD-71F59D966951,一度房室传导阻滞体征,K_CLINICAL_SIGN_DICT,MISSING_IN_EXISTING_DICTIONARY,现有Oracle字典未能唯一匹配；第一批不修改既有字典,[],"{""aliases"": []}",Neo4j图谱与Oracle有效字典只读比对,,,,无需人工审核,退回并拆分为原子项,名称是疾病加维度形成的壳节点，应回到原文拆出真实临床项。,一度房室传导阻滞体征,,,
67dff326f1b950b7b4cbc8f88901f308,Sign,SIGN-CARD-165916FB884A,三尖瓣反流体征,K_CLINICAL_SIGN_DICT,MISSING_IN_EXISTING_DICTIONARY,现有Oracle字典未能唯一匹配；第一批不修改既有字典,[],"{""aliases"": []}",Neo4j图谱与Oracle有效字典只读比对,,,,无需人工审核,退回并拆分为原子项,名称是疾病加维度形成的壳节点，应回到原文拆出真实临床项。,三尖瓣反流体征,,,
632aaabf1a195cd8a107d1a409c27988,Sign,SIGN-CARD-541629E55AF5,三度房室传导阻滞体征,K_CLINICAL_SIGN_DICT,MISSING_IN_EXISTING_DICTIONARY,现有Oracle字典未能唯一匹配；第一批不修改既有字典,[],"{""aliases"": []}",Neo4j图谱与Oracle有效字典只读比对,,,,无需人工审核,退回并拆分为原子项,名称是疾病加维度形成的壳节点，应回到原文拆出真实临床项。,三度房室传导阻滞体征,,,
dadd3559f02c56a49d819082ec577743,Sign,SIGN-CARD-PAD-PULSE-WOUND-GANGRENE,下肢脉搏异常、伤口不愈合或坏疽,K_CLINICAL_SIGN_DICT,MISSING_IN_EXISTING_DICTIONARY,现有Oracle字典未能唯一匹配；第一批不修改既有字典,[],"{""aliases"": [""Abnormal lower extremity pulse palpation"", ""Nonhealing lower extremity wound"", ""Lower extremity gangrene""]}",Neo4j图谱与Oracle有效字典只读比对,,,,无需人工审核,退回并拆分为原子项,该名称是疾病体征标题、复合表现或其他临床维度，不是可独立登记的原子体征。,下肢脉搏异常、伤口不愈合或坏疽,,,
96c6d14771a65c77b6ad4c0be438c967,Sign,SIGN-CARD-7EC3D028771F,主动脉夹层体征,K_CLINICAL_SIGN_DICT,MISSING_IN_EXISTING_DICTIONARY,现有Oracle字典未能唯一匹配；第一批不修改既有字典,[],"{""aliases"": []}",Neo4j图谱与Oracle有效字典只读比对,,,,无需人工审核,退回并拆分为原子项,名称是疾病加维度形成的壳节点，应回到原文拆出真实临床项。,主动脉夹层体征,,,
a3a23292c30b570fa729856519eb7db3,Sign,SIGN-CARD-B169155AB948,主动脉瓣反流体征,K_CLINICAL_SIGN_DICT,MISSING_IN_EXISTING_DICTIONARY,现有Oracle字典未能唯一匹配；第一批不修改既有字典,[],"{""aliases"": []}",Neo4j图谱与Oracle有效字典只读比对,,,,无需人工审核,退回并拆分为原子项,名称是疾病加维度形成的壳节点，应回到原文拆出真实临床项。,主动脉瓣反流体征,,,
8197c42810b35a718eb599ce7ed80485,Sign,SIGN-CARD-335EDA4A1635,主动脉瓣狭窄体征,K_CLINICAL_SIGN_DICT,MISSING_IN_EXISTING_DICTIONARY,现有Oracle字典未能唯一匹配；第一批不修改既有字典,[],"{""aliases"": []}",Neo4j图谱与Oracle有效字典只读比对,,,,无需人工审核,退回并拆分为原子项,名称是疾病加维度形成的壳节点，应回到原文拆出真实临床项。,主动脉瓣狭窄体征,,,
d2298c7ee5205d64a82101474556e989,Sign,SIGN-CARD-6ED622A23829,二尖瓣反流体征,K_CLINICAL_SIGN_DICT,MISSING_IN_EXISTING_DICTIONARY,现有Oracle字典未能唯一匹配；第一批不修改既有字典,[],"{""aliases"": []}",Neo4j图谱与Oracle有效字典只读比对,,,,无需人工审核,退回并拆分为原子项,名称是疾病加维度形成的壳节点，应回到原文拆出真实临床项。,二尖瓣反流体征,,,
240e15da4e6a5cef91ebba764a629639,Sign,SIGN-CARD-6AA156CF83ED,二尖瓣狭窄体征,K_CLINICAL_SIGN_DICT,MISSING_IN_EXISTING_DICTIONARY,现有Oracle字典未能唯一匹配；第一批不修改既有字典,[],"{""aliases"": []}",Neo4j图谱与Oracle有效字典只读比对,,,,无需人工审核,退回并拆分为原子项,名称是疾病加维度形成的壳节点，应回到原文拆出真实临床项。,二尖瓣狭窄体征,,,
6df7b09533ba5d6eaaaafc4ee966eae9,Sign,SIGN-CARD-6ACCCADEAFEB,二度房室传导阻滞体征,K_CLINICAL_SIGN_DICT,MISSING_IN_EXISTING_DICTIONARY,现有Oracle字典未能唯一匹配；第一批不修改既有字典,[],"{""aliases"": []}",Neo4j图谱与Oracle有效字典只读比对,,,,无需人工审核,退回并拆分为原子项,名称是疾病加维度形成的壳节点，应回到原文拆出真实临床项。,二度房室传导阻滞体征,,,
2eb8a715166a5c18a7efd65212fc26c3,Sign,SIGN-CARD-1CAB37674011,先天性心脏病体征,K_CLINICAL_SIGN_DICT,MISSING_IN_EXISTING_DICTIONARY,现有Oracle字典未能唯一匹配；第一批不修改既有字典,[],"{""aliases"": []}",Neo4j图谱与Oracle有效字典只读比对,,,,无需人工审核,退回并拆分为原子项,名称是疾病加维度形成的壳节点，应回到原文拆出真实临床项。,先天性心脏病体征,,,
6d87eb1021d35dda8788c72b15e1e151,Sign,SIGN-CARD-0EE4DEA9587D,先天性心脏病相关肺动脉高压体征,K_CLINICAL_SIGN_DICT,MISSING_IN_EXISTING_DICTIONARY,现有Oracle字典未能唯一匹配；第一批不修改既有字典,[],"{""aliases"": []}",Neo4j图谱与Oracle有效字典只读比对,,,,无需人工审核,退回并拆分为原子项,名称是疾病加维度形成的壳节点，应回到原文拆出真实临床项。,先天性心脏病相关肺动脉高压体征,,,
a661f297819c59b78685b661b9cb77d9,Sign,SIGN-CARD-BCE0C13CAEF5,动脉导管未闭体征,K_CLINICAL_SIGN_DICT,MISSING_IN_EXISTING_DICTIONARY,现有Oracle字典未能唯一匹配；第一批不修改既有字典,[],"{""aliases"": []}",Neo4j图谱与Oracle有效字典只读比对,,,,无需人工审核,退回并拆分为原子项,名称是疾病加维度形成的壳节点，应回到原文拆出真实临床项。,动脉导管未闭体征,,,
ce89750eded957ce814eae37266165ee,Sign,SIGN-CARD-B37A3EB81ED2,动脉性肺动脉高压体征,K_CLINICAL_SIGN_DICT,MISSING_IN_EXISTING_DICTIONARY,现有Oracle字典未能唯一匹配；第一批不修改既有字典,[],"{""aliases"": []}",Neo4j图谱与Oracle有效字典只读比对,,,,无需人工审核,退回并拆分为原子项,名称是疾病加维度形成的壳节点，应回到原文拆出真实临床项。,动脉性肺动脉高压体征,,,
aa5a04de4e4c51c1bee2075852aaca23,Sign,SIGN-CARD-F215CD2C6184,卵圆孔未闭体征,K_CLINICAL_SIGN_DICT,MISSING_IN_EXISTING_DICTIONARY,现有Oracle字典未能唯一匹配；第一批不修改既有字典,[],"{""aliases"": []}",Neo4j图谱与Oracle有效字典只读比对,,,,无需人工审核,退回并拆分为原子项,名称是疾病加维度形成的壳节点，应回到原文拆出真实临床项。,卵圆孔未闭体征,,,
3040bd11e6815acdbefac47c269a5b2d,Sign,SIGN-CARD-E3B404FFF957,多瓣膜病体征,K_CLINICAL_SIGN_DICT,MISSING_IN_EXISTING_DICTIONARY,现有Oracle字典未能唯一匹配；第一批不修改既有字典,[],"{""aliases"": []}",Neo4j图谱与Oracle有效字典只读比对,,,,无需人工审核,退回并拆分为原子项,名称是疾病加维度形成的壳节点，应回到原文拆出真实临床项。,多瓣膜病体征,,,
360290cb93f856d18fa0cb4f8eb26dc7,Sign,SIGN-CARD-CM-AMYLOID-LVH-LOW-VOLTAGE,室壁增厚与心电低电压不匹配,K_CLINICAL_SIGN_DICT,MISSING_IN_EXISTING_DICTIONARY,现有Oracle字典未能唯一匹配；第一批不修改既有字典,[],"{""aliases"": [""低电压"", ""非高电压"", ""左心室肥厚伴低电压""]}",Neo4j图谱与Oracle有效字典只读比对,,,,无需人工审核,退回并拆分为原子项,该名称是疾病体征标题、复合表现或其他临床维度，不是可独立登记的原子体征。,室壁增厚与心电低电压不匹配,,,
1ff17393204e5730a78ec4c248711b56,Sign,SIGN-CARD-CM-ACM-VENTRICULAR-ARRHYTHMIA,室性心律失常表现,K_CLINICAL_SIGN_DICT,MISSING_IN_EXISTING_DICTIONARY,现有Oracle字典未能唯一匹配；第一批不修改既有字典,[],"{""aliases"": [""频发室性早搏"", ""非持续性室性心动过速"", ""持续性室性心动过速"", ""心律失常性晕厥"", ""室性心律失常"", ""猝死首发表现"", ""心力衰竭""]}",Neo4j图谱与Oracle有效字典只读比对,,,,无需人工审核,退回并拆分为原子项,该名称是疾病体征标题、复合表现或其他临床维度，不是可独立登记的原子体征。,室性心律失常表现,,,
5542c3eda7a65bbba900fc89b891d47f,Sign,SIGN-CARD-B6A5F5A925FF,室间隔缺损体征,K_CLINICAL_SIGN_DICT,MISSING_IN_EXISTING_DICTIONARY,现有Oracle字典未能唯一匹配；第一批不修改既有字典,[],"{""aliases"": []}",Neo4j图谱与Oracle有效字典只读比对,,,,无需人工审核,退回并拆分为原子项,名称是疾病加维度形成的壳节点，应回到原文拆出真实临床项。,室间隔缺损体征,,,
1ff39039db345b9da22608d30dcf773d,Sign,SIGN-CARD-87E6A7F32565,左心室肥厚,K_CLINICAL_SIGN_DICT,MISSING_IN_EXISTING_DICTIONARY,现有Oracle字典未能唯一匹配；第一批不修改既有字典,[],"{""aliases"": [""左室肥厚""]}",Neo4j图谱与Oracle有效字典只读比对,,,,无需人工审核,退回并拆分为原子项,该名称是疾病体征标题、复合表现或其他临床维度，不是可独立登记的原子体征。,左心室肥厚,,,
23cd62f2711158d09f6c80648d4fe427,Sign,SIGN-CARD-8D884A9CED51,心功能不全,K_CLINICAL_SIGN_DICT,MISSING_IN_EXISTING_DICTIONARY,现有Oracle字典未能唯一匹配；第一批不修改既有字典,[],"{""aliases"": [""心力衰竭表现"", ""低心排""]}",Neo4j图谱与Oracle有效字典只读比对,,,,无需人工审核,退回并拆分为原子项,该名称是疾病体征标题、复合表现或其他临床维度，不是可独立登记的原子体征。,心功能不全,,,
c6f5750ddd96507abe16ca7a4b01ebb4,Sign,SIGN-CARD-5A56B306CD53,心包炎体征,K_CLINICAL_SIGN_DICT,MISSING_IN_EXISTING_DICTIONARY,现有Oracle字典未能唯一匹配；第一批不修改既有字典,[],"{""aliases"": []}",Neo4j图谱与Oracle有效字典只读比对,,,,无需人工审核,退回并拆分为原子项,名称是疾病加维度形成的壳节点，应回到原文拆出真实临床项。,心包炎体征,,,
c02979bcecbb574392bea298d6dc607d,Sign,SIGN-CARD-E826AD0DF329,心肌炎体征,K_CLINICAL_SIGN_DICT,MISSING_IN_EXISTING_DICTIONARY,现有Oracle字典未能唯一匹配；第一批不修改既有字典,[],"{""aliases"": []}",Neo4j图谱与Oracle有效字典只读比对,,,,无需人工审核,退回并拆分为原子项,该名称是疾病体征标题、复合表现或其他临床维度，不是可独立登记的原子体征。,心肌炎体征,,,
648e040964dc5002a93a373abff6dbe3,Sign,SIGN-CARD-86F5BDED564F,心脏瓣膜病体征,K_CLINICAL_SIGN_DICT,MISSING_IN_EXISTING_DICTIONARY,现有Oracle字典未能唯一匹配；第一批不修改既有字典,[],"{""aliases"": []}",Neo4j图谱与Oracle有效字典只读比对,,,,无需人工审核,退回并拆分为原子项,名称是疾病加维度形成的壳节点，应回到原文拆出真实临床项。,心脏瓣膜病体征,,,
78f4e202cbcd55debcb13df82c5505b5,Sign,SIGN-CARD-50CD8A1652EA,感染性心内膜炎体征,K_CLINICAL_SIGN_DICT,MISSING_IN_EXISTING_DICTIONARY,现有Oracle字典未能唯一匹配；第一批不修改既有字典,[],"{""aliases"": []}",Neo4j图谱与Oracle有效字典只读比对,,,,无需人工审核,退回并拆分为原子项,名称是疾病加维度形成的壳节点，应回到原文拆出真实临床项。,感染性心内膜炎体征,,,
9c5b65b4ddf15e0dacee7be8b36c0120,Sign,SIGN-CARD-6896EFBC8929,慢性血栓栓塞性肺动脉高压体征,K_CLINICAL_SIGN_DICT,MISSING_IN_EXISTING_DICTIONARY,现有Oracle字典未能唯一匹配；第一批不修改既有字典,[],"{""aliases"": []}",Neo4j图谱与Oracle有效字典只读比对,,,,无需人工审核,退回并拆分为原子项,名称是疾病加维度形成的壳节点，应回到原文拆出真实临床项。,慢性血栓栓塞性肺动脉高压体征,,,
e89b9096aa99558dad9d5fcaf6f3a59f,Sign,SIGN-CARD-A8A3ACF49B99,房室传导阻滞体征,K_CLINICAL_SIGN_DICT,MISSING_IN_EXISTING_DICTIONARY,现有Oracle字典未能唯一匹配；第一批不修改既有字典,[],"{""aliases"": []}",Neo4j图谱与Oracle有效字典只读比对,,,,无需人工审核,退回并拆分为原子项,名称是疾病加维度形成的壳节点，应回到原文拆出真实临床项。,房室传导阻滞体征,,,
57be25faec3e58c4b0a6d572d01b27d0,Sign,SIGN-CARD-42C51CA09C2F,房间隔缺损体征,K_CLINICAL_SIGN_DICT,MISSING_IN_EXISTING_DICTIONARY,现有Oracle字典未能唯一匹配；第一批不修改既有字典,[],"{""aliases"": []}",Neo4j图谱与Oracle有效字典只读比对,,,,无需人工审核,退回并拆分为原子项,名称是疾病加维度形成的壳节点，应回到原文拆出真实临床项。,房间隔缺损体征,,,
d275a1f612da50a5b49a348074825b84,Sign,SIGN-CARD-C9C78F04261F,暴发性心肌炎体征,K_CLINICAL_SIGN_DICT,MISSING_IN_EXISTING_DICTIONARY,现有Oracle字典未能唯一匹配；第一批不修改既有字典,[],"{""aliases"": []}",Neo4j图谱与Oracle有效字典只读比对,,,,无需人工审核,退回并拆分为原子项,该名称是疾病体征标题、复合表现或其他临床维度，不是可独立登记的原子体征。,暴发性心肌炎体征,,,
ea41baf073a45c0ea91d26d9e83e2278,Sign,SIGN-CARD-62E55BA7DADE,束支传导阻滞体征,K_CLINICAL_SIGN_DICT,MISSING_IN_EXISTING_DICTIONARY,现有Oracle字典未能唯一匹配；第一批不修改既有字典,[],"{""aliases"": []}",Neo4j图谱与Oracle有效字典只读比对,,,,无需人工审核,退回并拆分为原子项,名称是疾病加维度形成的壳节点，应回到原文拆出真实临床项。,束支传导阻滞体征,,,
b8a627f0990951359a19876ba3605eb3,Sign,SIGN-CARD-A832DDE85F1A,特发性肺动脉高压体征,K_CLINICAL_SIGN_DICT,MISSING_IN_EXISTING_DICTIONARY,现有Oracle字典未能唯一匹配；第一批不修改既有字典,[],"{""aliases"": []}",Neo4j图谱与Oracle有效字典只读比对,,,,无需人工审核,退回并拆分为原子项,名称是疾病加维度形成的壳节点，应回到原文拆出真实临床项。,特发性肺动脉高压体征,,,
6f696d284f9b57d5b2f9e0713e85958c,Sign,SIGN-CARD-REQ-555D4E5CFAA7,短QT间期综合征相关临床体征,K_CLINICAL_SIGN_DICT,MISSING_IN_EXISTING_DICTIONARY,现有Oracle字典未能唯一匹配；第一批不修改既有字典,[],"{""aliases"": [""QT间期缩短"", ""SQTS"", ""Short QT syndrome"", ""arrhythmia"", ""cardiac arrest"", ""short-QT syndrome"", ""临床表现"", ""体征"", ""心律失常"", ""恶性心律失常"", ""短QT综合征"", ""短QT间期综合征""]}",Neo4j图谱与Oracle有效字典只读比对,,,,无需人工审核,退回并拆分为原子项,该名称是疾病体征标题、复合表现或其他临床维度，不是可独立登记的原子体征。,短QT间期综合征相关临床体征,,,
4eba0f2b439e50159816da40910a79c1,Sign,SIGN-CARD-F10C32C93E92,窦房结功能障碍体征,K_CLINICAL_SIGN_DICT,MISSING_IN_EXISTING_DICTIONARY,现有Oracle字典未能唯一匹配；第一批不修改既有字典,[],"{""aliases"": []}",Neo4j图谱与Oracle有效字典只读比对,,,,无需人工审核,退回并拆分为原子项,名称是疾病加维度形成的壳节点，应回到原文拆出真实临床项。,窦房结功能障碍体征,,,
cf921e04792e5f65891fb52434cfe915,Sign,SIGN-CARD-B4FED240FB6C,结缔组织病相关肺动脉高压体征,K_CLINICAL_SIGN_DICT,MISSING_IN_EXISTING_DICTIONARY,现有Oracle字典未能唯一匹配；第一批不修改既有字典,[],"{""aliases"": []}",Neo4j图谱与Oracle有效字典只读比对,,,,无需人工审核,退回并拆分为原子项,名称是疾病加维度形成的壳节点，应回到原文拆出真实临床项。,结缔组织病相关肺动脉高压体征,,,
ff04a97148585c06af749e4deabb459f,Sign,SIGN-CARD-DB1CC6A9B67B,肺动脉瓣狭窄体征,K_CLINICAL_SIGN_DICT,MISSING_IN_EXISTING_DICTIONARY,现有Oracle字典未能唯一匹配；第一批不修改既有字典,[],"{""aliases"": []}",Neo4j图谱与Oracle有效字典只读比对,,,,无需人工审核,退回并拆分为原子项,名称是疾病加维度形成的壳节点，应回到原文拆出真实临床项。,肺动脉瓣狭窄体征,,,
c4b175ff06d65e00ac273b6a9ae376c1,Sign,SIGN-CARD-C9FA2CD0D241,肺动脉高压体征,K_CLINICAL_SIGN_DICT,MISSING_IN_EXISTING_DICTIONARY,现有Oracle字典未能唯一匹配；第一批不修改既有字典,[],"{""aliases"": []}",Neo4j图谱与Oracle有效字典只读比对,,,,无需人工审核,退回并拆分为原子项,名称是疾病加维度形成的壳节点，应回到原文拆出真实临床项。,肺动脉高压体征,,,
edd1365979e25a8f9fb91c57f9852a87,Sign,SIGN-CARD-1431D67A6000,肺水肿,K_CLINICAL_SIGN_DICT,MISSING_IN_EXISTING_DICTIONARY,现有Oracle字典未能唯一匹配；第一批不修改既有字典,[],"{""aliases"": [""肺水肿""]}",Neo4j图谱与Oracle有效字典只读比对,,,,无需人工审核,退回并拆分为原子项,该名称是疾病体征标题、复合表现或其他临床维度，不是可独立登记的原子体征。,肺水肿,,,
58c2d0f228f658ee83164045ba3a5a50,Sign,SIGN-CARD-8F15AA48D767,肺淤血,K_CLINICAL_SIGN_DICT,MISSING_IN_EXISTING_DICTIONARY,现有Oracle字典未能唯一匹配；第一批不修改既有字典,[],"{""aliases"": [""肺充血""]}",Neo4j图谱与Oracle有效字典只读比对,,,,无需人工审核,退回并拆分为原子项,该名称是疾病体征标题、复合表现或其他临床维度，不是可独立登记的原子体征。,肺淤血,,,
5f0ccb891d1050fea0d008aaef59e774,Sign,SIGN-CARD-667CA8B6F7D8,胸腔积液,K_CLINICAL_SIGN_DICT,MISSING_IN_EXISTING_DICTIONARY,现有Oracle字典未能唯一匹配；第一批不修改既有字典,[],"{""aliases"": []}",Neo4j图谱与Oracle有效字典只读比对,,,,无需人工审核,退回并拆分为原子项,该名称是疾病体征标题、复合表现或其他临床维度，不是可独立登记的原子体征。,胸腔积液,,,
89831e6f26e85434b0705f7d83537c92,Sign,SIGN-CARD-AAS-PULSE-BP-DIFFERENTIAL,脉搏缺失或双上肢收缩压差,K_CLINICAL_SIGN_DICT,MISSING_IN_EXISTING_DICTIONARY,现有Oracle字典未能唯一匹配；第一批不修改既有字典,[],"{""aliases"": [""Pulse deficit"", ""systolic blood pressure differential""]}",Neo4j图谱与Oracle有效字典只读比对,,,,无需人工审核,退回并拆分为原子项,该名称是疾病体征标题、复合表现或其他临床维度，不是可独立登记的原子体征。,脉搏缺失或双上肢收缩压差,,,
d45c90149c2054539886f9f00116eecc,Sign,SIGN-CARD-70CCDF26928B,腹主动脉瘤体征,K_CLINICAL_SIGN_DICT,MISSING_IN_EXISTING_DICTIONARY,现有Oracle字典未能唯一匹配；第一批不修改既有字典,[],"{""aliases"": []}",Neo4j图谱与Oracle有效字典只读比对,,,,无需人工审核,退回并拆分为原子项,名称是疾病加维度形成的壳节点，应回到原文拆出真实临床项。,腹主动脉瘤体征,,,
72d1becd96c85d62aed2ec3d1ac2a847,Sign,SIGN-CARD-2772E689A2C1,血脂异常体征,K_CLINICAL_SIGN_DICT,MISSING_IN_EXISTING_DICTIONARY,现有Oracle字典未能唯一匹配；第一批不修改既有字典,[],"{""aliases"": []}",Neo4j图谱与Oracle有效字典只读比对,,,,无需人工审核,退回并拆分为原子项,名称是疾病加维度形成的壳节点，应回到原文拆出真实临床项。,血脂异常体征,,,
f700885a11c7543d8b2fbfbf451491c2,Sign,SIGN-CARD-984BA4A30147,遗传性肺动脉高压体征,K_CLINICAL_SIGN_DICT,MISSING_IN_EXISTING_DICTIONARY,现有Oracle字典未能唯一匹配；第一批不修改既有字典,[],"{""aliases"": []}",Neo4j图谱与Oracle有效字典只读比对,,,,无需人工审核,退回并拆分为原子项,名称是疾病加维度形成的壳节点，应回到原文拆出真实临床项。,遗传性肺动脉高压体征,,,
1c1496e6e09f574eb8f3f736a1a8a1cb,Sign,SIGN-CARD-74FB701F06FE,靶器官损害,K_CLINICAL_SIGN_DICT,MISSING_IN_EXISTING_DICTIONARY,现有Oracle字典未能唯一匹配；第一批不修改既有字典,[],"{""aliases"": [""靶器官受损"", ""HMOD""]}",Neo4j图谱与Oracle有效字典只读比对,,,,无需人工审核,退回并拆分为原子项,该名称是疾病体征标题、复合表现或其他临床维度，不是可独立登记的原子体征。,靶器官损害,,,
b6e80ce5d8d75a1ba067ae21c1d829a5,Sign,SIGN-CARD-C783F0B34669,风湿性心脏瓣膜病体征,K_CLINICAL_SIGN_DICT,MISSING_IN_EXISTING_DICTIONARY,现有Oracle字典未能唯一匹配；第一批不修改既有字典,[],"{""aliases"": []}",Neo4j图谱与Oracle有效字典只读比对,,,,无需人工审核,退回并拆分为原子项,名称是疾病加维度形成的壳节点，应回到原文拆出真实临床项。,风湿性心脏瓣膜病体征,,,
8297baab6dae50ba892d2880d7daaf5e,Sign,SIGN-CARD-47494ECB7569,高胆固醇血症体征,K_CLINICAL_SIGN_DICT,MISSING_IN_EXISTING_DICTIONARY,现有Oracle字典未能唯一匹配；第一批不修改既有字典,[],"{""aliases"": []}",Neo4j图谱与Oracle有效字典只读比对,,,,无需人工审核,退回并拆分为原子项,名称是疾病加维度形成的壳节点，应回到原文拆出真实临床项。,高胆固醇血症体征,,,
213c11c031bc5cf7afde7dca4ad5278c,ExamItem,EXAM-CARD-A71DE0F3C4AD,ST段抬高型心肌梗死检查,K_EXAM_ITEM_DICT,MISSING_IN_EXISTING_DICTIONARY,现有Oracle字典未能唯一匹配；第一批不修改既有字典,[],"{""aliases"": []}",Neo4j图谱与Oracle有效字典只读比对,,,,无需人工审核,退回并拆分为原子项,名称是疾病加维度形成的壳节点，应回到原文拆出真实临床项。,ST段抬高型心肌梗死检查,,,
f3614531f2df575eae521f0ed194425e,ExamItem,EXAM-CARD-272288934A19,Stanford B型主动脉夹层检查,K_EXAM_ITEM_DICT,MISSING_IN_EXISTING_DICTIONARY,现有Oracle字典未能唯一匹配；第一批不修改既有字典,[],"{""aliases"": []}",Neo4j图谱与Oracle有效字典只读比对,,,,无需人工审核,退回并拆分为原子项,名称是疾病加维度形成的壳节点，应回到原文拆出真实临床项。,Stanford B型主动脉夹层检查,,,
538115f1cb15513c99e8f98f1dbe4464,ExamItem,EXAM-CARD-C548875CF43C,一度房室传导阻滞检查,K_EXAM_ITEM_DICT,MISSING_IN_EXISTING_DICTIONARY,现有Oracle字典未能唯一匹配；第一批不修改既有字典,[],"{""aliases"": []}",Neo4j图谱与Oracle有效字典只读比对,,,,无需人工审核,退回并拆分为原子项,名称是疾病加维度形成的壳节点，应回到原文拆出真实临床项。,一度房室传导阻滞检查,,,
081db45908e25e9284251683519ca32c,ExamItem,EXAM-CARD-16F0D6920182,三尖瓣反流检查,K_EXAM_ITEM_DICT,MISSING_IN_EXISTING_DICTIONARY,现有Oracle字典未能唯一匹配；第一批不修改既有字典,[],"{""aliases"": []}",Neo4j图谱与Oracle有效字典只读比对,,,,无需人工审核,退回并拆分为原子项,名称是疾病加维度形成的壳节点，应回到原文拆出真实临床项。,三尖瓣反流检查,,,
c4f506414fe05fc78b347ae2e40713e3,ExamItem,EXAM-CARD-97D69E2921A1,三度房室传导阻滞检查,K_EXAM_ITEM_DICT,MISSING_IN_EXISTING_DICTIONARY,现有Oracle字典未能唯一匹配；第一批不修改既有字典,[],"{""aliases"": []}",Neo4j图谱与Oracle有效字典只读比对,,,,无需人工审核,退回并拆分为原子项,名称是疾病加维度形成的壳节点，应回到原文拆出真实临床项。,三度房室传导阻滞检查,,,
5b9119f33cd451a98210f2a9aaf8e35b,ExamItem,EXAM-CARD-C6DF71BCCAF5,不稳定型心绞痛检查,K_EXAM_ITEM_DICT,MISSING_IN_EXISTING_DICTIONARY,现有Oracle字典未能唯一匹配；第一批不修改既有字典,[],"{""aliases"": []}",Neo4j图谱与Oracle有效字典只读比对,,,,无需人工审核,退回并拆分为原子项,名称是疾病加维度形成的壳节点，应回到原文拆出真实临床项。,不稳定型心绞痛检查,,,
f52b5ee4a1df52f289f94de7424945e7,ExamItem,EXAM-CARD-28A2BDE20795,主动脉夹层检查,K_EXAM_ITEM_DICT,MISSING_IN_EXISTING_DICTIONARY,现有Oracle字典未能唯一匹配；第一批不修改既有字典,[],"{""aliases"": []}",Neo4j图谱与Oracle有效字典只读比对,,,,无需人工审核,退回并拆分为原子项,名称是疾病加维度形成的壳节点，应回到原文拆出真实临床项。,主动脉夹层检查,,,
3d7ced5f7b2e54acb760c15a5339a6d2,ExamItem,EXAM-CARD-DBD1F40853C8,主动脉瓣反流检查,K_EXAM_ITEM_DICT,MISSING_IN_EXISTING_DICTIONARY,现有Oracle字典未能唯一匹配；第一批不修改既有字典,[],"{""aliases"": []}",Neo4j图谱与Oracle有效字典只读比对,,,,无需人工审核,退回并拆分为原子项,名称是疾病加维度形成的壳节点，应回到原文拆出真实临床项。,主动脉瓣反流检查,,,
d8c79a6ec026513faf954f69b8680689,ExamItem,EXAM-CARD-708809C38DF0,主动脉瓣狭窄检查,K_EXAM_ITEM_DICT,MISSING_IN_EXISTING_DICTIONARY,现有Oracle字典未能唯一匹配；第一批不修改既有字典,[],"{""aliases"": []}",Neo4j图谱与Oracle有效字典只读比对,,,,无需人工审核,退回并拆分为原子项,名称是疾病加维度形成的壳节点，应回到原文拆出真实临床项。,主动脉瓣狭窄检查,,,
9e86511689dd5b1eaabeb3a75329b639,ExamItem,EXAM-CARD-73E7CBE78E09,二尖瓣反流检查,K_EXAM_ITEM_DICT,MISSING_IN_EXISTING_DICTIONARY,现有Oracle字典未能唯一匹配；第一批不修改既有字典,[],"{""aliases"": []}",Neo4j图谱与Oracle有效字典只读比对,,,,无需人工审核,退回并拆分为原子项,名称是疾病加维度形成的壳节点，应回到原文拆出真实临床项。,二尖瓣反流检查,,,
801aff9bc66c5f2bad0c5b35d0d1a634,ExamItem,EXAM-CARD-0865DD245608,二尖瓣狭窄检查,K_EXAM_ITEM_DICT,MISSING_IN_EXISTING_DICTIONARY,现有Oracle字典未能唯一匹配；第一批不修改既有字典,[],"{""aliases"": []}",Neo4j图谱与Oracle有效字典只读比对,,,,无需人工审核,退回并拆分为原子项,名称是疾病加维度形成的壳节点，应回到原文拆出真实临床项。,二尖瓣狭窄检查,,,
86862e52ed755ab5baeff06ac9500360,ExamItem,EXAM-CARD-B819A6206DDB,二度房室传导阻滞检查,K_EXAM_ITEM_DICT,MISSING_IN_EXISTING_DICTIONARY,现有Oracle字典未能唯一匹配；第一批不修改既有字典,[],"{""aliases"": []}",Neo4j图谱与Oracle有效字典只读比对,,,,无需人工审核,退回并拆分为原子项,名称是疾病加维度形成的壳节点，应回到原文拆出真实临床项。,二度房室传导阻滞检查,,,
d6d0c50747dd597388dc9b68dd955399,ExamItem,EXAM-CARD-5DECE91D9410,先天性心脏病检查,K_EXAM_ITEM_DICT,MISSING_IN_EXISTING_DICTIONARY,现有Oracle字典未能唯一匹配；第一批不修改既有字典,[],"{""aliases"": []}",Neo4j图谱与Oracle有效字典只读比对,,,,无需人工审核,退回并拆分为原子项,名称是疾病加维度形成的壳节点，应回到原文拆出真实临床项。,先天性心脏病检查,,,
5fa8d44e17d95e16bd998cc15761d9ae,ExamItem,EXAM-CARD-A9459B69C059,先天性心脏病相关肺动脉高压检查,K_EXAM_ITEM_DICT,MISSING_IN_EXISTING_DICTIONARY,现有Oracle字典未能唯一匹配；第一批不修改既有字典,[],"{""aliases"": []}",Neo4j图谱与Oracle有效字典只读比对,,,,无需人工审核,退回并拆分为原子项,名称是疾病加维度形成的壳节点，应回到原文拆出真实临床项。,先天性心脏病相关肺动脉高压检查,,,
73e5445d5a135c31a22c95961a75b2a3,ExamItem,EXAM-CARD-3D8494591EDD,动脉导管未闭检查,K_EXAM_ITEM_DICT,MISSING_IN_EXISTING_DICTIONARY,现有Oracle字典未能唯一匹配；第一批不修改既有字典,[],"{""aliases"": []}",Neo4j图谱与Oracle有效字典只读比对,,,,无需人工审核,退回并拆分为原子项,名称是疾病加维度形成的壳节点，应回到原文拆出真实临床项。,动脉导管未闭检查,,,
1c424ba07c125fef9e522cf86680749d,ExamItem,EXAM-CARD-9853A68E651E,动脉性肺动脉高压检查,K_EXAM_ITEM_DICT,MISSING_IN_EXISTING_DICTIONARY,现有Oracle字典未能唯一匹配；第一批不修改既有字典,[],"{""aliases"": []}",Neo4j图谱与Oracle有效字典只读比对,,,,无需人工审核,退回并拆分为原子项,名称是疾病加维度形成的壳节点，应回到原文拆出真实临床项。,动脉性肺动脉高压检查,,,
d7f24eb15cc15e32bb99d3605d6d522b,ExamItem,EXAM-CARD-402C5F4A8797,卵圆孔未闭检查,K_EXAM_ITEM_DICT,MISSING_IN_EXISTING_DICTIONARY,现有Oracle字典未能唯一匹配；第一批不修改既有字典,[],"{""aliases"": []}",Neo4j图谱与Oracle有效字典只读比对,,,,无需人工审核,退回并拆分为原子项,名称是疾病加维度形成的壳节点，应回到原文拆出真实临床项。,卵圆孔未闭检查,,,
a6fb2d6781e25076b526399b658a509a,ExamItem,EXAM-CARD-76E926AC5403,外周动脉疾病检查,K_EXAM_ITEM_DICT,MISSING_IN_EXISTING_DICTIONARY,现有Oracle字典未能唯一匹配；第一批不修改既有字典,[],"{""aliases"": []}",Neo4j图谱与Oracle有效字典只读比对,,,,无需人工审核,退回并拆分为原子项,名称是疾病加维度形成的壳节点，应回到原文拆出真实临床项。,外周动脉疾病检查,,,
a8ed52deb577583f992e4f86d2e289b1,ExamItem,EXAM-CARD-A75C6A09C4B4,多瓣膜病检查,K_EXAM_ITEM_DICT,MISSING_IN_EXISTING_DICTIONARY,现有Oracle字典未能唯一匹配；第一批不修改既有字典,[],"{""aliases"": []}",Neo4j图谱与Oracle有效字典只读比对,,,,无需人工审核,退回并拆分为原子项,名称是疾病加维度形成的壳节点，应回到原文拆出真实临床项。,多瓣膜病检查,,,
c6d82546cd5c59ae8509d1d9d0668d7c,ExamItem,EXAM-CARD-CCF4280ECBDB,室性心律失常检查,K_EXAM_ITEM_DICT,MISSING_IN_EXISTING_DICTIONARY,现有Oracle字典未能唯一匹配；第一批不修改既有字典,[],"{""aliases"": []}",Neo4j图谱与Oracle有效字典只读比对,,,,无需人工审核,退回并拆分为原子项,名称是疾病加维度形成的壳节点，应回到原文拆出真实临床项。,室性心律失常检查,,,
457a039eab5b5df09fd9c1e980412c57,ExamItem,EXAM-CARD-90C30ED23298,室间隔缺损检查,K_EXAM_ITEM_DICT,MISSING_IN_EXISTING_DICTIONARY,现有Oracle字典未能唯一匹配；第一批不修改既有字典,[],"{""aliases"": []}",Neo4j图谱与Oracle有效字典只读比对,,,,无需人工审核,退回并拆分为原子项,名称是疾病加维度形成的壳节点，应回到原文拆出真实临床项。,室间隔缺损检查,,,
c41f1983bd60538bae6f47cd088efb7b,ExamItem,EXAM-CARD-1964B3FBB1A3,家族性高胆固醇血症检查,K_EXAM_ITEM_DICT,MISSING_IN_EXISTING_DICTIONARY,现有Oracle字典未能唯一匹配；第一批不修改既有字典,[],"{""aliases"": []}",Neo4j图谱与Oracle有效字典只读比对,,,,无需人工审核,退回并拆分为原子项,名称是疾病加维度形成的壳节点，应回到原文拆出真实临床项。,家族性高胆固醇血症检查,,,
4da86375790c505e8c37cacd46b39584,ExamItem,EXAM-CARD-127CAD01EC4B,心包炎检查,K_EXAM_ITEM_DICT,MISSING_IN_EXISTING_DICTIONARY,现有Oracle字典未能唯一匹配；第一批不修改既有字典,[],"{""aliases"": []}",Neo4j图谱与Oracle有效字典只读比对,,,,无需人工审核,退回并拆分为原子项,名称是疾病加维度形成的壳节点，应回到原文拆出真实临床项。,心包炎检查,,,
55a600f3108754f4b5a86dc3158ad829,ExamItem,EXAM-CARD-7A21E308EAA9,心房扑动检查,K_EXAM_ITEM_DICT,MISSING_IN_EXISTING_DICTIONARY,现有Oracle字典未能唯一匹配；第一批不修改既有字典,[],"{""aliases"": []}",Neo4j图谱与Oracle有效字典只读比对,,,,无需人工审核,退回并拆分为原子项,名称是疾病加维度形成的壳节点，应回到原文拆出真实临床项。,心房扑动检查,,,
4f63941dedb95e74a010acf8a2a6d12a,ExamItem,EXAM-CARD-43F6A7846AC9,心房颤动检查,K_EXAM_ITEM_DICT,MISSING_IN_EXISTING_DICTIONARY,现有Oracle字典未能唯一匹配；第一批不修改既有字典,[],"{""aliases"": []}",Neo4j图谱与Oracle有效字典只读比对,,,,无需人工审核,退回并拆分为原子项,名称是疾病加维度形成的壳节点，应回到原文拆出真实临床项。,心房颤动检查,,,
ee04ae9a1ade5d9ea70377e4d95e7eff,ExamItem,EXAM-CARD-B28D2A148D7A,心肌病检查,K_EXAM_ITEM_DICT,MISSING_IN_EXISTING_DICTIONARY,现有Oracle字典未能唯一匹配；第一批不修改既有字典,[],"{""aliases"": []}",Neo4j图谱与Oracle有效字典只读比对,,,,无需人工审核,退回并拆分为原子项,名称是疾病加维度形成的壳节点，应回到原文拆出真实临床项。,心肌病检查,,,
629f5270b33d54b697cc43468eda26aa,ExamItem,EXAM-CARD-900CCD450F81,心脏性猝死检查,K_EXAM_ITEM_DICT,MISSING_IN_EXISTING_DICTIONARY,现有Oracle字典未能唯一匹配；第一批不修改既有字典,[],"{""aliases"": []}",Neo4j图谱与Oracle有效字典只读比对,,,,无需人工审核,退回并拆分为原子项,名称是疾病加维度形成的壳节点，应回到原文拆出真实临床项。,心脏性猝死检查,,,
406abf124186547ab13a71c4865e4525,ExamItem,EXAM-CARD-3952FA87CE06,心脏瓣膜病检查,K_EXAM_ITEM_DICT,MISSING_IN_EXISTING_DICTIONARY,现有Oracle字典未能唯一匹配；第一批不修改既有字典,[],"{""aliases"": []}",Neo4j图谱与Oracle有效字典只读比对,,,,无需人工审核,退回并拆分为原子项,名称是疾病加维度形成的壳节点，应回到原文拆出真实临床项。,心脏瓣膜病检查,,,
ba201ffc308b599a8ba61d558c77816c,ExamItem,EXAM-CARD-A3E759D2D858,急性冠脉综合征检查,K_EXAM_ITEM_DICT,MISSING_IN_EXISTING_DICTIONARY,现有Oracle字典未能唯一匹配；第一批不修改既有字典,[],"{""aliases"": []}",Neo4j图谱与Oracle有效字典只读比对,,,,无需人工审核,退回并拆分为原子项,名称是疾病加维度形成的壳节点，应回到原文拆出真实临床项。,急性冠脉综合征检查,,,
c2d91774ac445beeac9b3f33e424057e,ExamItem,EXAM-CARD-CBACF8C6F67E,急性心肌梗死检查,K_EXAM_ITEM_DICT,MISSING_IN_EXISTING_DICTIONARY,现有Oracle字典未能唯一匹配；第一批不修改既有字典,[],"{""aliases"": []}",Neo4j图谱与Oracle有效字典只读比对,,,,无需人工审核,退回并拆分为原子项,名称是疾病加维度形成的壳节点，应回到原文拆出真实临床项。,急性心肌梗死检查,,,
9074b2b6b8bc5178a5ce893ea822d49e,ExamItem,EXAM-CARD-713603A45490,感染性心内膜炎检查,K_EXAM_ITEM_DICT,MISSING_IN_EXISTING_DICTIONARY,现有Oracle字典未能唯一匹配；第一批不修改既有字典,[],"{""aliases"": []}",Neo4j图谱与Oracle有效字典只读比对,,,,无需人工审核,退回并拆分为原子项,名称是疾病加维度形成的壳节点，应回到原文拆出真实临床项。,感染性心内膜炎检查,,,
2a1d632d5ee65a709753da7e0b50498d,ExamItem,EXAM-CARD-48545B9DF12D,慢性血栓栓塞性肺动脉高压检查,K_EXAM_ITEM_DICT,MISSING_IN_EXISTING_DICTIONARY,现有Oracle字典未能唯一匹配；第一批不修改既有字典,[],"{""aliases"": []}",Neo4j图谱与Oracle有效字典只读比对,,,,无需人工审核,退回并拆分为原子项,名称是疾病加维度形成的壳节点，应回到原文拆出真实临床项。,慢性血栓栓塞性肺动脉高压检查,,,
d1d37d8126ad573fb44d820db07f3ba4,ExamItem,EXAM-CARD-2A5C372915FF,房室传导阻滞检查,K_EXAM_ITEM_DICT,MISSING_IN_EXISTING_DICTIONARY,现有Oracle字典未能唯一匹配；第一批不修改既有字典,[],"{""aliases"": []}",Neo4j图谱与Oracle有效字典只读比对,,,,无需人工审核,退回并拆分为原子项,名称是疾病加维度形成的壳节点，应回到原文拆出真实临床项。,房室传导阻滞检查,,,
15914028ae5e50a18c23124e94820a34,ExamItem,EXAM-CARD-7B61D32BDA87,房间隔缺损检查,K_EXAM_ITEM_DICT,MISSING_IN_EXISTING_DICTIONARY,现有Oracle字典未能唯一匹配；第一批不修改既有字典,[],"{""aliases"": []}",Neo4j图谱与Oracle有效字典只读比对,,,,无需人工审核,退回并拆分为原子项,名称是疾病加维度形成的壳节点，应回到原文拆出真实临床项。,房间隔缺损检查,,,
c8b348734120506bbe67c38c0a0d61ac,ExamItem,EXAM-CARD-B69BEF354836,扩张型心肌病检查,K_EXAM_ITEM_DICT,MISSING_IN_EXISTING_DICTIONARY,现有Oracle字典未能唯一匹配；第一批不修改既有字典,[],"{""aliases"": []}",Neo4j图谱与Oracle有效字典只读比对,,,,无需人工审核,退回并拆分为原子项,名称是疾病加维度形成的壳节点，应回到原文拆出真实临床项。,扩张型心肌病检查,,,
a493a17187ab59f092dbb7497f01c113,ExamItem,EXAM-CARD-4AD769033513,束支传导阻滞检查,K_EXAM_ITEM_DICT,MISSING_IN_EXISTING_DICTIONARY,现有Oracle字典未能唯一匹配；第一批不修改既有字典,[],"{""aliases"": []}",Neo4j图谱与Oracle有效字典只读比对,,,,无需人工审核,退回并拆分为原子项,名称是疾病加维度形成的壳节点，应回到原文拆出真实临床项。,束支传导阻滞检查,,,
c500860f4ced50dc91057592d5e8aac9,ExamItem,EXAM-CARD-CBBD6856A319,特发性肺动脉高压检查,K_EXAM_ITEM_DICT,MISSING_IN_EXISTING_DICTIONARY,现有Oracle字典未能唯一匹配；第一批不修改既有字典,[],"{""aliases"": []}",Neo4j图谱与Oracle有效字典只读比对,,,,无需人工审核,退回并拆分为原子项,名称是疾病加维度形成的壳节点，应回到原文拆出真实临床项。,特发性肺动脉高压检查,,,
7f8c2375aa675ef2af6046f752d47ffa,ExamItem,EXAM-CARD-FBC2CB79BDD3,窦性心动过缓检查,K_EXAM_ITEM_DICT,MISSING_IN_EXISTING_DICTIONARY,现有Oracle字典未能唯一匹配；第一批不修改既有字典,[],"{""aliases"": []}",Neo4j图谱与Oracle有效字典只读比对,,,,无需人工审核,退回并拆分为原子项,名称是疾病加维度形成的壳节点，应回到原文拆出真实临床项。,窦性心动过缓检查,,,
52e3880743b056949f80455e6bbdba86,ExamItem,EXAM-CARD-D778E05E37ED,窦房传导阻滞检查,K_EXAM_ITEM_DICT,MISSING_IN_EXISTING_DICTIONARY,现有Oracle字典未能唯一匹配；第一批不修改既有字典,[],"{""aliases"": []}",Neo4j图谱与Oracle有效字典只读比对,,,,无需人工审核,退回并拆分为原子项,名称是疾病加维度形成的壳节点，应回到原文拆出真实临床项。,窦房传导阻滞检查,,,
5dd75e77db4352c9b85e59da9c247274,ExamItem,EXAM-CARD-9392E9664208,窦房结功能障碍检查,K_EXAM_ITEM_DICT,MISSING_IN_EXISTING_DICTIONARY,现有Oracle字典未能唯一匹配；第一批不修改既有字典,[],"{""aliases"": []}",Neo4j图谱与Oracle有效字典只读比对,,,,无需人工审核,退回并拆分为原子项,名称是疾病加维度形成的壳节点，应回到原文拆出真实临床项。,窦房结功能障碍检查,,,
a83e792f5ebf5d68874d5eb9bdd4f249,ExamItem,EXAM-CARD-A6EE67C8B755,结缔组织病相关肺动脉高压检查,K_EXAM_ITEM_DICT,MISSING_IN_EXISTING_DICTIONARY,现有Oracle字典未能唯一匹配；第一批不修改既有字典,[],"{""aliases"": []}",Neo4j图谱与Oracle有效字典只读比对,,,,无需人工审核,退回并拆分为原子项,名称是疾病加维度形成的壳节点，应回到原文拆出真实临床项。,结缔组织病相关肺动脉高压检查,,,
fc977eab792e51b8a64be7597b03874a,ExamItem,EXAM-CARD-EADD36742F7D,缓慢性心律失常检查,K_EXAM_ITEM_DICT,MISSING_IN_EXISTING_DICTIONARY,现有Oracle字典未能唯一匹配；第一批不修改既有字典,[],"{""aliases"": []}",Neo4j图谱与Oracle有效字典只读比对,,,,无需人工审核,退回并拆分为原子项,名称是疾病加维度形成的壳节点，应回到原文拆出真实临床项。,缓慢性心律失常检查,,,
aeef5a4840a25ea79422733940d6c802,ExamItem,EXAM-CARD-2E1CBA7A1AD3,肥厚型心肌病检查,K_EXAM_ITEM_DICT,MISSING_IN_EXISTING_DICTIONARY,现有Oracle字典未能唯一匹配；第一批不修改既有字典,[],"{""aliases"": []}",Neo4j图谱与Oracle有效字典只读比对,,,,无需人工审核,退回并拆分为原子项,名称是疾病加维度形成的壳节点，应回到原文拆出真实临床项。,肥厚型心肌病检查,,,
955cb1aa90e25fb7b74916be10979c6d,ExamItem,EXAM-CARD-0BFEB8726F1A,肺动脉瓣狭窄检查,K_EXAM_ITEM_DICT,MISSING_IN_EXISTING_DICTIONARY,现有Oracle字典未能唯一匹配；第一批不修改既有字典,[],"{""aliases"": []}",Neo4j图谱与Oracle有效字典只读比对,,,,无需人工审核,退回并拆分为原子项,名称是疾病加维度形成的壳节点，应回到原文拆出真实临床项。,肺动脉瓣狭窄检查,,,
fff41712b8575805ab4856d6d664d6c3,ExamItem,EXAM-CARD-4E359DE6E39D,肺动脉高压检查,K_EXAM_ITEM_DICT,MISSING_IN_EXISTING_DICTIONARY,现有Oracle字典未能唯一匹配；第一批不修改既有字典,[],"{""aliases"": []}",Neo4j图谱与Oracle有效字典只读比对,,,,无需人工审核,退回并拆分为原子项,名称是疾病加维度形成的壳节点，应回到原文拆出真实临床项。,肺动脉高压检查,,,
61ddee4d07ae5e0f81050a833fca9068,ExamItem,EXAM-CARD-F3C88113B628,腹主动脉瘤检查,K_EXAM_ITEM_DICT,MISSING_IN_EXISTING_DICTIONARY,现有Oracle字典未能唯一匹配；第一批不修改既有字典,[],"{""aliases"": []}",Neo4j图谱与Oracle有效字典只读比对,,,,无需人工审核,退回并拆分为原子项,名称是疾病加维度形成的壳节点，应回到原文拆出真实临床项。,腹主动脉瘤检查,,,
cb5963327c2a56948316dc09d2d54c17,ExamItem,EXAM-CARD-5A1C54A5CE55,致心律失常性心肌病检查,K_EXAM_ITEM_DICT,MISSING_IN_EXISTING_DICTIONARY,现有Oracle字典未能唯一匹配；第一批不修改既有字典,[],"{""aliases"": []}",Neo4j图谱与Oracle有效字典只读比对,,,,无需人工审核,退回并拆分为原子项,名称是疾病加维度形成的壳节点，应回到原文拆出真实临床项。,致心律失常性心肌病检查,,,
9a7444e35d23523294a772f5fa806680,ExamItem,EXAM-CARD-F6CCC6040970,血脂异常检查,K_EXAM_ITEM_DICT,MISSING_IN_EXISTING_DICTIONARY,现有Oracle字典未能唯一匹配；第一批不修改既有字典,[],"{""aliases"": []}",Neo4j图谱与Oracle有效字典只读比对,,,,无需人工审核,退回并拆分为原子项,名称是疾病加维度形成的壳节点，应回到原文拆出真实临床项。,血脂异常检查,,,
021d189928f257efbe9ba5e343fec8b1,ExamItem,EXAM-CARD-B5C1A79FAC54,遗传性肺动脉高压检查,K_EXAM_ITEM_DICT,MISSING_IN_EXISTING_DICTIONARY,现有Oracle字典未能唯一匹配；第一批不修改既有字典,[],"{""aliases"": []}",Neo4j图谱与Oracle有效字典只读比对,,,,无需人工审核,退回并拆分为原子项,名称是疾病加维度形成的壳节点，应回到原文拆出真实临床项。,遗传性肺动脉高压检查,,,
f9940280f3f65ca7a06a3403003aa4a9,ExamItem,EXAM-CARD-2B5A32405D42,限制型心肌病检查,K_EXAM_ITEM_DICT,MISSING_IN_EXISTING_DICTIONARY,现有Oracle字典未能唯一匹配；第一批不修改既有字典,[],"{""aliases"": []}",Neo4j图谱与Oracle有效字典只读比对,,,,无需人工审核,退回并拆分为原子项,名称是疾病加维度形成的壳节点，应回到原文拆出真实临床项。,限制型心肌病检查,,,
81089ceee90b5d919f2540305f95966c,ExamItem,EXAM-CARD-C69987F22160,非ST段抬高型心肌梗死检查,K_EXAM_ITEM_DICT,MISSING_IN_EXISTING_DICTIONARY,现有Oracle字典未能唯一匹配；第一批不修改既有字典,[],"{""aliases"": []}",Neo4j图谱与Oracle有效字典只读比对,,,,无需人工审核,退回并拆分为原子项,名称是疾病加维度形成的壳节点，应回到原文拆出真实临床项。,非ST段抬高型心肌梗死检查,,,
c8560fe7ecab5e9392924493116f79aa,ExamItem,EXAM-CARD-4BB7B70D85A1,风湿性心脏瓣膜病检查,K_EXAM_ITEM_DICT,MISSING_IN_EXISTING_DICTIONARY,现有Oracle字典未能唯一匹配；第一批不修改既有字典,[],"{""aliases"": []}",Neo4j图谱与Oracle有效字典只读比对,,,,无需人工审核,退回并拆分为原子项,名称是疾病加维度形成的壳节点，应回到原文拆出真实临床项。,风湿性心脏瓣膜病检查,,,
e3c11604b45c5de7ade086c9e6c2d598,ExamItem,EXAM-CARD-2EE41C709D36,高胆固醇血症检查,K_EXAM_ITEM_DICT,MISSING_IN_EXISTING_DICTIONARY,现有Oracle字典未能唯一匹配；第一批不修改既有字典,[],"{""aliases"": []}",Neo4j图谱与Oracle有效字典只读比对,,,,无需人工审核,退回并拆分为原子项,名称是疾病加维度形成的壳节点，应回到原文拆出真实临床项。,高胆固醇血症检查,,,
479cbbb8837251d0bafcad443a38c34d,ExamItem,EXAM-CARD-D3BAE443103C,高血压检查,K_EXAM_ITEM_DICT,MISSING_IN_EXISTING_DICTIONARY,现有Oracle字典未能唯一匹配；第一批不修改既有字典,[],"{""aliases"": []}",Neo4j图谱与Oracle有效字典只读比对,,,,无需人工审核,退回并拆分为原子项,名称是疾病加维度形成的壳节点，应回到原文拆出真实临床项。,高血压检查,,,
59d86609da875c2bb227875ad47eabf4,ExamObservation,IND-CARD-STEMI-D6A001366BC3,ST段持续抬高提示室壁瘤,K_EXAM_OBSERVATION_DICT,MISSING_IN_EXISTING_DICTIONARY,现有Oracle字典未能唯一匹配；第一批不修改既有字典,[],"{""aliases"": []}",Neo4j图谱与Oracle有效字典只读比对,,,,无需人工审核,转入临床规则,名称包含诊断或风险推理，不应注册为普通标准字典实体。,ST段持续抬高提示室壁瘤,,,
a06fe242e0935bf29277113f73e80788,ExamObservation,IND-CARD-STEMI-17801B3D7472,V1至V5导联QS型提示前壁梗死,K_EXAM_OBSERVATION_DICT,MISSING_IN_EXISTING_DICTIONARY,现有Oracle字典未能唯一匹配；第一批不修改既有字典,[],"{""aliases"": []}",Neo4j图谱与Oracle有效字典只读比对,,,,无需人工审核,转入临床规则,名称包含诊断或风险推理，不应注册为普通标准字典实体。,V1至V5导联QS型提示前壁梗死,,,
f9422eb532b95e949b329a92113c784e,ExamObservation,IND-CARD-STEMI-0A05978707AA,Ⅱ、Ⅲ、aVF导联ST段抬高提示下壁梗死,K_EXAM_OBSERVATION_DICT,MISSING_IN_EXISTING_DICTIONARY,现有Oracle字典未能唯一匹配；第一批不修改既有字典,[],"{""aliases"": []}",Neo4j图谱与Oracle有效字典只读比对,,,,无需人工审核,转入临床规则,名称包含诊断或风险推理，不应注册为普通标准字典实体。,Ⅱ、Ⅲ、aVF导联ST段抬高提示下壁梗死,,,
23a6d81dd0165158b624286e8c9ee60a,ExamObservation,IND-CARD-F90926124AEA,发病时间,K_EXAM_OBSERVATION_DICT,MISSING_IN_EXISTING_DICTIONARY,现有Oracle字典未能唯一匹配；第一批不修改既有字典,[],"{""aliases"": [""起病时间"", ""胸痛时间"", ""症状发作时间""]}",Neo4j图谱与Oracle有效字典只读比对,,,,无需人工审核,转入临床规则,该名称是病史、遗传或病原证据条件，不是检查项目产生的观察结果。,发病时间,,,
60d98bd3f52d59aaa57d0dfbaba6f917,ExamObservation,IND-EXAM-GENETIC-家族遗传证据,家族遗传证据,K_EXAM_OBSERVATION_DICT,MISSING_IN_EXISTING_DICTIONARY,现有Oracle字典未能唯一匹配；第一批不修改既有字典,[],"{""aliases"": []}",Neo4j图谱与Oracle有效字典只读比对,,,,无需人工审核,转入临床规则,该名称是病史、遗传或病原证据条件，不是检查项目产生的观察结果。,家族遗传证据,,,
5c753c0b75ee5332a7109ed52c87f29b,ExamObservation,IND-EXAM-EMB-病原体证据,病原体证据,K_EXAM_OBSERVATION_DICT,MISSING_IN_EXISTING_DICTIONARY,现有Oracle字典未能唯一匹配；第一批不修改既有字典,[],"{""aliases"": []}",Neo4j图谱与Oracle有效字典只读比对,,,,无需人工审核,转入临床规则,该名称是病史、遗传或病原证据条件，不是检查项目产生的观察结果。,病原体证据,,,
6e65387abed85f349bbe5ddf16b642ec,LabSubitem,IND-CARD-LAB-BNP-ELEVATED,BNP升高,K_LAB_SUBITEM_DICT,MISSING_IN_EXISTING_DICTIONARY,现有Oracle字典未能唯一匹配；第一批不修改既有字典,[],"{""aliases"": []}",Neo4j图谱与Oracle有效字典只读比对,,,,无需人工审核,拆分为检验细项与结果状态,名称把检验细项和升高、异常或阈值条件混在一起，应由标准细项加结果/规则表达。,BNP升高,,,
8ccbc61a01fb5e3fb95a9b131b0fdd39,LabSubitem,IND-CARD-AMI-LAB-EB5597E7C61B,C反应蛋白升高,K_LAB_SUBITEM_DICT,MISSING_IN_EXISTING_DICTIONARY,现有Oracle字典未能唯一匹配；第一批不修改既有字典,[],"{""aliases"": []}",Neo4j图谱与Oracle有效字典只读比对,,,,无需人工审核,拆分为检验细项与结果状态,名称把检验细项和升高、异常或阈值条件混在一起，应由标准细项加结果/规则表达。,C反应蛋白升高,,,
65a8aa98e2b6598cb8bd7524a93ef4ba,LabSubitem,IND-CARD-AMI-LAB-5CFDDE34866E,D-二聚体升高,K_LAB_SUBITEM_DICT,MISSING_IN_EXISTING_DICTIONARY,现有Oracle字典未能唯一匹配；第一批不修改既有字典,[],"{""aliases"": []}",Neo4j图谱与Oracle有效字典只读比对,,,,无需人工审核,拆分为检验细项与结果状态,名称把检验细项和升高、异常或阈值条件混在一起，应由标准细项加结果/规则表达。,D-二聚体升高,,,
cae410646fe056d399f082c7de4f3850,LabSubitem,IND-CARD-LAB-DDIMER-PE-ELEVATED-20260714,D-二聚体升高提示肺栓塞鉴别线索但需结合临床,K_LAB_SUBITEM_DICT,MISSING_IN_EXISTING_DICTIONARY,现有Oracle字典未能唯一匹配；第一批不修改既有字典,[],"{""aliases"": []}",Neo4j图谱与Oracle有效字典只读比对,,,,无需人工审核,转入临床规则,名称包含诊断或风险推理，不应注册为普通标准字典实体。,D-二聚体升高提示肺栓塞鉴别线索但需结合临床,,,
9e47190da8195436b6fe1178dfce6e26,LabSubitem,IND-CARD-LAB-DDIMER-PTE-NEG-20260714,D-二聚体＜500μg/L可基本排除低度临床可能性急性PTE,K_LAB_SUBITEM_DICT,MISSING_IN_EXISTING_DICTIONARY,现有Oracle字典未能唯一匹配；第一批不修改既有字典,[],"{""aliases"": []}",Neo4j图谱与Oracle有效字典只读比对,,,,无需人工审核,拆分为检验细项与结果状态,名称把检验细项和升高、异常或阈值条件混在一起，应由标准细项加结果/规则表达。,D-二聚体＜500μg/L可基本排除低度临床可能性急性PTE,,,
632b1968ba9f53fdb717dec1f8c7bb3c,LabSubitem,IND-CARD-LAB-INR-ABNORMAL,INR异常,K_LAB_SUBITEM_DICT,MISSING_IN_EXISTING_DICTIONARY,现有Oracle字典未能唯一匹配；第一批不修改既有字典,[],"{""aliases"": []}",Neo4j图谱与Oracle有效字典只读比对,,,,无需人工审核,拆分为检验细项与结果状态,名称把检验细项和升高、异常或阈值条件混在一起，应由标准细项加结果/规则表达。,INR异常,,,
fbd262cdeca15652b065edf3bcf81ad4,LabSubitem,IND-CARD-LAB-NTPROBNP-ELEVATED,NT-proBNP升高,K_LAB_SUBITEM_DICT,MISSING_IN_EXISTING_DICTIONARY,现有Oracle字典未能唯一匹配；第一批不修改既有字典,[],"{""aliases"": []}",Neo4j图谱与Oracle有效字典只读比对,,,,无需人工审核,拆分为检验细项与结果状态,名称把检验细项和升高、异常或阈值条件混在一起，应由标准细项加结果/规则表达。,NT-proBNP升高,,,
55454cac2eeb5d7dbed935879678ffd2,LabSubitem,IND-CARD-AMI-LAB-A07CEA5883A7,中性粒细胞增多,K_LAB_SUBITEM_DICT,MISSING_IN_EXISTING_DICTIONARY,现有Oracle字典未能唯一匹配；第一批不修改既有字典,[],"{""aliases"": []}",Neo4j图谱与Oracle有效字典只读比对,,,,无需人工审核,拆分为检验细项与结果状态,名称把检验细项和升高、异常或阈值条件混在一起，应由标准细项加结果/规则表达。,中性粒细胞增多,,,
57919a8887405ad1a971010840fe14f7,LabSubitem,IND-CARD-AMI-LAB-4F371E5141D0,低密度脂蛋白胆固醇升高,K_LAB_SUBITEM_DICT,MISSING_IN_EXISTING_DICTIONARY,现有Oracle字典未能唯一匹配；第一批不修改既有字典,[],"{""aliases"": []}",Neo4j图谱与Oracle有效字典只读比对,,,,无需人工审核,拆分为检验细项与结果状态,名称把检验细项和升高、异常或阈值条件混在一起，应由标准细项加结果/规则表达。,低密度脂蛋白胆固醇升高,,,
205bdc504e645f9196aa2651cab58e46,LabSubitem,IND-CARD-LAB-COAGULATION-ABNORMAL,凝血功能异常,K_LAB_SUBITEM_DICT,MISSING_IN_EXISTING_DICTIONARY,现有Oracle字典未能唯一匹配；第一批不修改既有字典,[],"{""aliases"": []}",Neo4j图谱与Oracle有效字典只读比对,,,,无需人工审核,拆分为检验细项与结果状态,名称把检验细项和升高、异常或阈值条件混在一起，应由标准细项加结果/规则表达。,凝血功能异常,,,
72c32b10629a597ab6773baf2b53f275,LabSubitem,IND-CARD-LAB-ABG-ABNORMAL,动脉血气异常,K_LAB_SUBITEM_DICT,MISSING_IN_EXISTING_DICTIONARY,现有Oracle字典未能唯一匹配；第一批不修改既有字典,[],"{""aliases"": []}",Neo4j图谱与Oracle有效字典只读比对,,,,无需人工审核,拆分为检验细项与结果状态,名称把检验细项和升高、异常或阈值条件混在一起，应由标准细项加结果/规则表达。,动脉血气异常,,,
a89f6f25cf01524ebfd8b3367b049c25,LabSubitem,IND-CARD-AMI-LAB-027A760481F7,嗜酸性粒细胞减少或消失,K_LAB_SUBITEM_DICT,MISSING_IN_EXISTING_DICTIONARY,现有Oracle字典未能唯一匹配；第一批不修改既有字典,[],"{""aliases"": []}",Neo4j图谱与Oracle有效字典只读比对,,,,无需人工审核,拆分为检验细项与结果状态,名称把检验细项和升高、异常或阈值条件混在一起，应由标准细项加结果/规则表达。,嗜酸性粒细胞减少或消失,,,
ac601c33bd155e9c8ea4e4724a4ca14a,LabSubitem,IND-CARD-HT-LAB-UACR-ABNORMAL,尿白蛋白/肌酐比值异常,K_LAB_SUBITEM_DICT,MISSING_IN_EXISTING_DICTIONARY,现有Oracle字典未能唯一匹配；第一批不修改既有字典,[],"{""aliases"": [""UACR异常"", ""尿微量白蛋白肌酐比异常"", ""尿白蛋白肌酐比升高""]}",Neo4j图谱与Oracle有效字典只读比对,,,,无需人工审核,拆分为检验细项与结果状态,名称把检验细项和升高、异常或阈值条件混在一起，应由标准细项加结果/规则表达。,尿白蛋白/肌酐比值异常,,,
c9fe9753121052e895b81caefda05d90,LabSubitem,IND-CARD-LAB-DDIMER-AGE-ADJ-20260714,年龄校正D-二聚体临界值（＞50岁：年龄×10μg/L）,K_LAB_SUBITEM_DICT,MISSING_IN_EXISTING_DICTIONARY,现有Oracle字典未能唯一匹配；第一批不修改既有字典,[],"{""aliases"": []}",Neo4j图谱与Oracle有效字典只读比对,,,,无需人工审核,拆分为检验细项与结果状态,名称把检验细项和升高、异常或阈值条件混在一起，应由标准细项加结果/规则表达。,年龄校正D-二聚体临界值（＞50岁：年龄×10μg/L）,,,
6c5aebd0ce185b869d1c0fd875b4620b,LabSubitem,IND-CARD-AMI-LAB-2906F6AE1C62,心肌肌钙蛋白升高,K_LAB_SUBITEM_DICT,MISSING_IN_EXISTING_DICTIONARY,现有Oracle字典未能唯一匹配；第一批不修改既有字典,[],"{""aliases"": []}",Neo4j图谱与Oracle有效字典只读比对,,,,无需人工审核,拆分为检验细项与结果状态,名称把检验细项和升高、异常或阈值条件混在一起，应由标准细项加结果/规则表达。,心肌肌钙蛋白升高,,,
5ceb92f3b8815aa8a79d1839e60a50a4,LabSubitem,IND-CARD-LAB-FREE-FATTY-ACID-HIGH,游离脂肪酸升高,K_LAB_SUBITEM_DICT,MISSING_IN_EXISTING_DICTIONARY,现有Oracle字典未能唯一匹配；第一批不修改既有字典,[],"{""aliases"": []}",Neo4j图谱与Oracle有效字典只读比对,,,,无需人工审核,拆分为检验细项与结果状态,名称把检验细项和升高、异常或阈值条件混在一起，应由标准细项加结果/规则表达。,游离脂肪酸升高,,,
9b36bade91c85adeb1d45fd602c35106,LabSubitem,IND-CARD-LAB-THYROID-FUNCTION-ABNORMAL,甲状腺功能异常,K_LAB_SUBITEM_DICT,MISSING_IN_EXISTING_DICTIONARY,现有Oracle字典未能唯一匹配；第一批不修改既有字典,[],"{""aliases"": []}",Neo4j图谱与Oracle有效字典只读比对,,,,无需人工审核,拆分为检验细项与结果状态,名称把检验细项和升高、异常或阈值条件混在一起，应由标准细项加结果/规则表达。,甲状腺功能异常,,,
27a64295ef4b516a9523f56291bf507a,LabSubitem,IND-CARD-LAB-ELECTROLYTE-ABNORMAL,电解质异常,K_LAB_SUBITEM_DICT,MISSING_IN_EXISTING_DICTIONARY,现有Oracle字典未能唯一匹配；第一批不修改既有字典,[],"{""aliases"": []}",Neo4j图谱与Oracle有效字典只读比对,,,,无需人工审核,拆分为检验细项与结果状态,名称把检验细项和升高、异常或阈值条件混在一起，应由标准细项加结果/规则表达。,电解质异常,,,
aaca854c6f28570c977c7f9db701cbdc,LabSubitem,IND-CARD-AMI-LAB-68B53FF37FA2,白细胞计数升高,K_LAB_SUBITEM_DICT,MISSING_IN_EXISTING_DICTIONARY,现有Oracle字典未能唯一匹配；第一批不修改既有字典,[],"{""aliases"": []}",Neo4j图谱与Oracle有效字典只读比对,,,,无需人工审核,拆分为检验细项与结果状态,名称把检验细项和升高、异常或阈值条件混在一起，应由标准细项加结果/规则表达。,白细胞计数升高,,,
63ce676bf6f653b0b5e3e9b75d680d67,LabSubitem,IND-CARD-HT-LAB-FPG-ABNORMAL,空腹血糖异常,K_LAB_SUBITEM_DICT,MISSING_IN_EXISTING_DICTIONARY,现有Oracle字典未能唯一匹配；第一批不修改既有字典,[],"{""aliases"": [""FPG异常"", ""空腹血糖升高"", ""空腹血糖降低""]}",Neo4j图谱与Oracle有效字典只读比对,,,,无需人工审核,拆分为检验细项与结果状态,名称把检验细项和升高、异常或阈值条件混在一起，应由标准细项加结果/规则表达。,空腹血糖异常,,,
51e48eb559f554b7aed6618c0b5c0df1,LabSubitem,IND-CARD-AMI-LAB-3D862E7F3F4E,红细胞沉降率增快,K_LAB_SUBITEM_DICT,MISSING_IN_EXISTING_DICTIONARY,现有Oracle字典未能唯一匹配；第一批不修改既有字典,[],"{""aliases"": []}",Neo4j图谱与Oracle有效字典只读比对,,,,无需人工审核,拆分为检验细项与结果状态,名称把检验细项和升高、异常或阈值条件混在一起，应由标准细项加结果/规则表达。,红细胞沉降率增快,,,
dfb3882026a1597a83a33aa59f3bc38b,LabSubitem,IND-CARD-AMI-LAB-0E23D936276F,肌红蛋白升高,K_LAB_SUBITEM_DICT,MISSING_IN_EXISTING_DICTIONARY,现有Oracle字典未能唯一匹配；第一批不修改既有字典,[],"{""aliases"": []}",Neo4j图谱与Oracle有效字典只读比对,,,,无需人工审核,拆分为检验细项与结果状态,名称把检验细项和升高、异常或阈值条件混在一起，应由标准细项加结果/规则表达。,肌红蛋白升高,,,
26c4a6f49dd85c3b810173a2d4e1ab19,LabSubitem,IND-CARD-AMI-LAB-68AAB9D88BA4,肌酸激酶升高,K_LAB_SUBITEM_DICT,MISSING_IN_EXISTING_DICTIONARY,现有Oracle字典未能唯一匹配；第一批不修改既有字典,[],"{""aliases"": []}",Neo4j图谱与Oracle有效字典只读比对,,,,无需人工审核,拆分为检验细项与结果状态,名称把检验细项和升高、异常或阈值条件混在一起，应由标准细项加结果/规则表达。,肌酸激酶升高,,,
26603a0c9d1d50ca9eac8ff4ba267376,LabSubitem,IND-CARD-AMI-LAB-0FC93EB091FE,肌酸激酶同工酶升高,K_LAB_SUBITEM_DICT,MISSING_IN_EXISTING_DICTIONARY,现有Oracle字典未能唯一匹配；第一批不修改既有字典,[],"{""aliases"": []}",Neo4j图谱与Oracle有效字典只读比对,,,,无需人工审核,拆分为检验细项与结果状态,名称把检验细项和升高、异常或阈值条件混在一起，应由标准细项加结果/规则表达。,肌酸激酶同工酶升高,,,
b51f298776995ee7978a3e665386931c,LabSubitem,IND-CARD-LAB-LIVER-FUNCTION-ABNORMAL,肝功能异常,K_LAB_SUBITEM_DICT,MISSING_IN_EXISTING_DICTIONARY,现有Oracle字典未能唯一匹配；第一批不修改既有字典,[],"{""aliases"": []}",Neo4j图谱与Oracle有效字典只读比对,,,,无需人工审核,拆分为检验细项与结果状态,名称把检验细项和升高、异常或阈值条件混在一起，应由标准细项加结果/规则表达。,肝功能异常,,,
ff04404f35ed5418bbebe4988c9f806e,LabSubitem,IND-CARD-LAB-RENAL-FUNCTION-ABNORMAL,肾功能异常,K_LAB_SUBITEM_DICT,MISSING_IN_EXISTING_DICTIONARY,现有Oracle字典未能唯一匹配；第一批不修改既有字典,[],"{""aliases"": []}",Neo4j图谱与Oracle有效字典只读比对,,,,无需人工审核,拆分为检验细项与结果状态,名称把检验细项和升高、异常或阈值条件混在一起，应由标准细项加结果/规则表达。,肾功能异常,,,
153688048aa65c7e89a03b739d5e2c25,LabSubitem,IND-CARD-HT-LAB-URIC-ACID-ELEVATED,血尿酸升高,K_LAB_SUBITEM_DICT,MISSING_IN_EXISTING_DICTIONARY,现有Oracle字典未能唯一匹配；第一批不修改既有字典,[],"{""aliases"": [""高尿酸血症"", ""尿酸升高"", ""血清尿酸升高""]}",Neo4j图谱与Oracle有效字典只读比对,,,,无需人工审核,拆分为检验细项与结果状态,名称把检验细项和升高、异常或阈值条件混在一起，应由标准细项加结果/规则表达。,血尿酸升高,,,
9def482df32b5b73bb3958876981f03b,LabSubitem,IND-CARD-LAB-GLUCOSE-ABNORMAL,血糖异常,K_LAB_SUBITEM_DICT,MISSING_IN_EXISTING_DICTIONARY,现有Oracle字典未能唯一匹配；第一批不修改既有字典,[],"{""aliases"": []}",Neo4j图谱与Oracle有效字典只读比对,,,,无需人工审核,拆分为检验细项与结果状态,名称把检验细项和升高、异常或阈值条件混在一起，应由标准细项加结果/规则表达。,血糖异常,,,
718f3ead0c5557ca83e8d083214a99c8,LabSubitem,IND-CARD-HT-LAB-CREATININE-ABNORMAL,血肌酐异常,K_LAB_SUBITEM_DICT,MISSING_IN_EXISTING_DICTIONARY,现有Oracle字典未能唯一匹配；第一批不修改既有字典,[],"{""aliases"": [""肌酐异常"", ""血清肌酐异常"", ""Scr异常""]}",Neo4j图谱与Oracle有效字典只读比对,,,,无需人工审核,拆分为检验细项与结果状态,名称把检验细项和升高、异常或阈值条件混在一起，应由标准细项加结果/规则表达。,血肌酐异常,,,
1809166a83145020bebc9b91758ceb6d,LabSubitem,IND-CARD-LAB-LIPID-ABNORMAL,血脂异常,K_LAB_SUBITEM_DICT,MISSING_IN_EXISTING_DICTIONARY,现有Oracle字典未能唯一匹配；第一批不修改既有字典,[],"{""aliases"": []}",Neo4j图谱与Oracle有效字典只读比对,,,,无需人工审核,拆分为检验细项与结果状态,名称把检验细项和升高、异常或阈值条件混在一起，应由标准细项加结果/规则表达。,血脂异常,,,
37b5187461105709b610d1971c477904,LabSubitem,IND-CARD-LAB-POTASSIUM-ABNORMAL,血钾异常,K_LAB_SUBITEM_DICT,MISSING_IN_EXISTING_DICTIONARY,现有Oracle字典未能唯一匹配；第一批不修改既有字典,[],"{""aliases"": []}",Neo4j图谱与Oracle有效字典只读比对,,,,无需人工审核,拆分为检验细项与结果状态,名称把检验细项和升高、异常或阈值条件混在一起，应由标准细项加结果/规则表达。,血钾异常,,,
5598fb2c330a5b1ba43491cb45946553,LabSubitem,IND-CARD-LAB-MAGNESIUM-ABNORMAL,血镁异常,K_LAB_SUBITEM_DICT,MISSING_IN_EXISTING_DICTIONARY,现有Oracle字典未能唯一匹配；第一批不修改既有字典,[],"{""aliases"": []}",Neo4j图谱与Oracle有效字典只读比对,,,,无需人工审核,拆分为检验细项与结果状态,名称把检验细项和升高、异常或阈值条件混在一起，应由标准细项加结果/规则表达。,血镁异常,,,
b13043a6f6a15be78a6949bf41961b83,LabSubitem,IND-CARD-HT-LAB-ARR-ABNORMAL,醛固酮/肾素比值异常,K_LAB_SUBITEM_DICT,MISSING_IN_EXISTING_DICTIONARY,现有Oracle字典未能唯一匹配；第一批不修改既有字典,[],"{""aliases"": [""ARR异常"", ""醛固酮肾素比异常"", ""醛固酮/肾素比升高""]}",Neo4j图谱与Oracle有效字典只读比对,,,,无需人工审核,拆分为检验细项与结果状态,名称把检验细项和升高、异常或阈值条件混在一起，应由标准细项加结果/规则表达。,醛固酮/肾素比值异常,,,
043863238d585dbb8e6a3336051cc079,Medication,MED-CARD-86E5A960E1BF,P2Y12受体抑制剂,K_DRUG_DICT,MISSING_IN_EXISTING_DICTIONARY,现有Oracle字典未能唯一匹配；第一批不修改既有字典,[],"{""aliases"": [""P2Y12受体抑制剂"", ""P2Y12抑制剂""]}",Neo4j图谱与Oracle有效字典只读比对,,,,无需人工审核,转为药物类别,这是药物类别或药理类别，不是可开立的具体药品通用名。,P2Y12受体抑制剂,member_of,药物类别与具体药品是上下位关系，不是同义关系。,
38ba549d73345837b87716c6377aba8d,Medication,CARD-SKELETON-20260709-MEDICATION-DDAA1C07D618EDC7,β受体拮抗剂,K_DRUG_DICT,MISSING_IN_EXISTING_DICTIONARY,现有Oracle字典未能唯一匹配；第一批不修改既有字典,[],"{""aliases"": [""β受体拮抗剂""]}",Neo4j图谱与Oracle有效字典只读比对,,,,无需人工审核,转为药物类别,这是药物类别或药理类别，不是可开立的具体药品通用名。,β受体拮抗剂,member_of,药物类别与具体药品是上下位关系，不是同义关系。,
4242021250e855c4aeedbbb7dadeff4c,Medication,MED-BETA-BLOCKER,β受体阻滞剂,K_DRUG_DICT,MISSING_IN_EXISTING_DICTIONARY,现有Oracle字典未能唯一匹配；第一批不修改既有字典,[],"{""aliases"": [""β受体拮抗剂"", ""beta blocker"", ""Beta-blocker"", ""BB""]}",Neo4j图谱与Oracle有效字典只读比对,,,,无需人工审核,转为药物类别,这是药物类别或药理类别，不是可开立的具体药品通用名。,β受体阻滞剂,member_of,药物类别与具体药品是上下位关系，不是同义关系。,
7255fc1f09435101b3f69ddf1897d13f,Medication,MED-CARD-DAE0F0B68F1D,他汀类药物,K_DRUG_DICT,MISSING_IN_EXISTING_DICTIONARY,现有Oracle字典未能唯一匹配；第一批不修改既有字典,[],"{""aliases"": [""他汀"", ""HMG-CoA还原酶抑制剂"", ""statins""]}",Neo4j图谱与Oracle有效字典只读比对,,,,无需人工审核,转为药物类别,这是药物类别或药理类别，不是可开立的具体药品通用名。,他汀类药物,member_of,药物类别与具体药品是上下位关系，不是同义关系。,
242395cbd6e152798504e732d8fa8397,Medication,MED-CARD-02BB82DF8F9A,低分子肝素,K_DRUG_DICT,MISSING_IN_EXISTING_DICTIONARY,现有Oracle字典未能唯一匹配；第一批不修改既有字典,[],"{""aliases"": [""依诺肝素"", ""那屈肝素""]}",Neo4j图谱与Oracle有效字典只读比对,,,,无需人工审核,转为药物类别,这是药物类别或药理类别，不是可开立的具体药品通用名。,低分子肝素,member_of,药物类别与具体药品是上下位关系，不是同义关系。,
3044c5769dea5a4fa68bb081aa11e637,Medication,MED-CARD-2CCCA76B39F5,低分子量肝素,K_DRUG_DICT,MISSING_IN_EXISTING_DICTIONARY,现有Oracle字典未能唯一匹配；第一批不修改既有字典,[],"{""aliases"": []}",Neo4j图谱与Oracle有效字典只读比对,,,,无需人工审核,转为药物类别,这是药物类别或药理类别，不是可开立的具体药品通用名。,低分子量肝素,member_of,药物类别与具体药品是上下位关系，不是同义关系。,
add0fa80f71953bb9a5e60c9fc135e87,Medication,MED-CARD-B98A2C3955DF,内皮素受体拮抗剂,K_DRUG_DICT,MISSING_IN_EXISTING_DICTIONARY,现有Oracle字典未能唯一匹配；第一批不修改既有字典,[],"{""aliases"": [""内皮素受体拮抗药"", ""内皮素受体拮抗剂类药物""]}",Neo4j图谱与Oracle有效字典只读比对,,,,无需人工审核,转为药物类别,这是药物类别或药理类别，不是可开立的具体药品通用名。,内皮素受体拮抗剂,member_of,药物类别与具体药品是上下位关系，不是同义关系。,
ace9a6c9696858b2b730a6d0ea0d8b1a,Medication,MED-DIURETIC,利尿剂,K_DRUG_DICT,MISSING_IN_EXISTING_DICTIONARY,现有Oracle字典未能唯一匹配；第一批不修改既有字典,[],"{""aliases"": [""噻嗪类利尿剂"", ""噻嗪样利尿剂"", ""Diuretics""]}",Neo4j图谱与Oracle有效字典只读比对,,,,无需人工审核,转为药物类别,这是药物类别或药理类别，不是可开立的具体药品通用名。,利尿剂,member_of,药物类别与具体药品是上下位关系，不是同义关系。,
7a9ffacb6f1a5b11bc99a9301746b4a9,Medication,MED-CARD-218CE42327F8,前列环素通路药物,K_DRUG_DICT,MISSING_IN_EXISTING_DICTIONARY,现有Oracle字典未能唯一匹配；第一批不修改既有字典,[],"{""aliases"": [""前列环素类药物"", ""前列环素类似物"", ""前列环素受体激动剂""]}",Neo4j图谱与Oracle有效字典只读比对,,,,无需人工审核,转为药物类别,这是药物类别或药理类别，不是可开立的具体药品通用名。,前列环素通路药物,member_of,药物类别与具体药品是上下位关系，不是同义关系。,
547a1b041de45a08ae7ef0d47a37a7b2,Medication,MED-CARD-E2353B3B1CAF,可溶性鸟苷酸环化酶刺激剂,K_DRUG_DICT,MISSING_IN_EXISTING_DICTIONARY,现有Oracle字典未能唯一匹配；第一批不修改既有字典,[],"{""aliases"": [""可溶性鸟苷酸环化酶激动剂""]}",Neo4j图谱与Oracle有效字典只读比对,,,,无需人工审核,转为药物类别,这是药物类别或药理类别，不是可开立的具体药品通用名。,可溶性鸟苷酸环化酶刺激剂,member_of,药物类别与具体药品是上下位关系，不是同义关系。,
28934ac79f605905a59997d8bc072b31,Medication,MED-CARD-TEXT-EE219280A7,抗凝药物,K_DRUG_DICT,MISSING_IN_EXISTING_DICTIONARY,现有Oracle字典未能唯一匹配；第一批不修改既有字典,[],"{""aliases"": [""抗凝剂""]}",Neo4j图谱与Oracle有效字典只读比对,,,,无需人工审核,转为药物类别,这是药物类别或药理类别，不是可开立的具体药品通用名。,抗凝药物,member_of,药物类别与具体药品是上下位关系，不是同义关系。,
c4be55b225045597bce46198f6a965b1,Medication,MED-CARD-73E3BE4E64BB,抗心律失常药物,K_DRUG_DICT,MISSING_IN_EXISTING_DICTIONARY,现有Oracle字典未能唯一匹配；第一批不修改既有字典,[],"{""aliases"": [""抗心律失常药""]}",Neo4j图谱与Oracle有效字典只读比对,,,,无需人工审核,转为药物类别,这是药物类别或药理类别，不是可开立的具体药品通用名。,抗心律失常药物,member_of,药物类别与具体药品是上下位关系，不是同义关系。,
e73a093d358a56bd96eec02959ab20b4,Medication,MED-CARD-TEXT-4E798D0AB2,抗血小板药物,K_DRUG_DICT,MISSING_IN_EXISTING_DICTIONARY,现有Oracle字典未能唯一匹配；第一批不修改既有字典,[],"{""aliases"": [""抗血小板剂""]}",Neo4j图谱与Oracle有效字典只读比对,,,,无需人工审核,转为药物类别,这是药物类别或药理类别，不是可开立的具体药品通用名。,抗血小板药物,member_of,药物类别与具体药品是上下位关系，不是同义关系。,
d186a01651705b208cb82e57881aec12,Medication,MED-CARD-STEMI-579132151037,极化液,K_DRUG_DICT,MISSING_IN_EXISTING_DICTIONARY,现有Oracle字典未能唯一匹配；第一批不修改既有字典,[],"{""aliases"": []}",Neo4j图谱与Oracle有效字典只读比对,,,,无需人工审核,转为治疗项目,极化液是复方治疗组合，不是单一标准药品。,极化液,reclassified_as,先判定概念类型，再进入对应标准字典。,
5965b5bece425285be2c2bd802f928de,Medication,MED-CARD-STEMI-611F442336F1,洋地黄制剂,K_DRUG_DICT,MISSING_IN_EXISTING_DICTIONARY,现有Oracle字典未能唯一匹配；第一批不修改既有字典,[],"{""aliases"": []}",Neo4j图谱与Oracle有效字典只读比对,,,,无需人工审核,转为药物类别,这是药物类别或药理类别，不是可开立的具体药品通用名。,洋地黄制剂,member_of,药物类别与具体药品是上下位关系，不是同义关系。,
903b2f6959a054589c83a09c7695a2e7,Medication,MED-CARD-TEXT-93710567D3,洋地黄类药物,K_DRUG_DICT,MISSING_IN_EXISTING_DICTIONARY,现有Oracle字典未能唯一匹配；第一批不修改既有字典,[],"{""aliases"": [""洋地黄""]}",Neo4j图谱与Oracle有效字典只读比对,,,,无需人工审核,转为药物类别,这是药物类别或药理类别，不是可开立的具体药品通用名。,洋地黄类药物,member_of,药物类别与具体药品是上下位关系，不是同义关系。,
f03f813f6d1052d8a5e9635c4cbe524c,Medication,MED-CARD-TEXT-D07193A49C,溶栓药物,K_DRUG_DICT,MISSING_IN_EXISTING_DICTIONARY,现有Oracle字典未能唯一匹配；第一批不修改既有字典,[],"{""aliases"": [""纤溶药物""]}",Neo4j图谱与Oracle有效字典只读比对,,,,无需人工审核,转为药物类别,这是药物类别或药理类别，不是可开立的具体药品通用名。,溶栓药物,member_of,药物类别与具体药品是上下位关系，不是同义关系。,
5932db0d01ad5de8b9034c7e31074232,Medication,MED-CARD-E2FE14E667D7,盐皮质激素受体拮抗剂,K_DRUG_DICT,MISSING_IN_EXISTING_DICTIONARY,现有Oracle字典未能唯一匹配；第一批不修改既有字典,[],"{""aliases"": [""醛固酮受体拮抗剂"", ""MRA"", ""Mineralocorticoid receptor antagonist""]}",Neo4j图谱与Oracle有效字典只读比对,,,,无需人工审核,转为药物类别,这是药物类别或药理类别，不是可开立的具体药品通用名。,盐皮质激素受体拮抗剂,member_of,药物类别与具体药品是上下位关系，不是同义关系。,
4bce11d55d9555ceaae3923500381198,Medication,MED-CARD-STEMI-38F899E9910B,直接口服抗凝药,K_DRUG_DICT,MISSING_IN_EXISTING_DICTIONARY,现有Oracle字典未能唯一匹配；第一批不修改既有字典,[],"{""aliases"": []}",Neo4j图谱与Oracle有效字典只读比对,,,,无需人工审核,转为药物类别,这是药物类别或药理类别，不是可开立的具体药品通用名。,直接口服抗凝药,member_of,药物类别与具体药品是上下位关系，不是同义关系。,
07633a06d9635f609e1ff44cc8950972,Medication,MED-CARD-55157DA54154,硝酸酯类药物,K_DRUG_DICT,MISSING_IN_EXISTING_DICTIONARY,现有Oracle字典未能唯一匹配；第一批不修改既有字典,[],"{""aliases"": [""nitrates"", ""硝酸酯"", ""硝酸酯类药物""]}",Neo4j图谱与Oracle有效字典只读比对,,,,无需人工审核,转为药物类别,这是药物类别或药理类别，不是可开立的具体药品通用名。,硝酸酯类药物,member_of,药物类别与具体药品是上下位关系，不是同义关系。,
4b29accf5346583d8bb00e2128ace3a1,Medication,MED-CARD-52EFFCE32B76,磷酸二酯酶5抑制剂,K_DRUG_DICT,MISSING_IN_EXISTING_DICTIONARY,现有Oracle字典未能唯一匹配；第一批不修改既有字典,[],"{""aliases"": [""磷酸二酯酶5"", ""磷酸二酯酶-5抑制剂""]}",Neo4j图谱与Oracle有效字典只读比对,,,,无需人工审核,转为药物类别,这是药物类别或药理类别，不是可开立的具体药品通用名。,磷酸二酯酶5抑制剂,member_of,药物类别与具体药品是上下位关系，不是同义关系。,
c49be05024e950fe9a9588badf180d11,Medication,MED-CARD-STEMI-C6E5F2B51268,糖蛋白Ⅱb/Ⅲa受体拮抗剂,K_DRUG_DICT,MISSING_IN_EXISTING_DICTIONARY,现有Oracle字典未能唯一匹配；第一批不修改既有字典,[],"{""aliases"": [""GPⅡb/Ⅲa受体拮抗剂"", ""GPIIb/IIIa受体拮抗剂"", ""GP IIb/IIIa inhibitor"", ""糖蛋白IIb/IIIa受体拮抗剂""]}",Neo4j图谱与Oracle有效字典只读比对,,,,无需人工审核,转为药物类别,这是药物类别或药理类别，不是可开立的具体药品通用名。,糖蛋白Ⅱb/Ⅲa受体拮抗剂,member_of,药物类别与具体药品是上下位关系，不是同义关系。,
485de2cc5bf55b59b707a34333d61d52,Medication,MED-CARD-80FC8F8A3EB4,组织型纤溶酶原激活物,K_DRUG_DICT,MISSING_IN_EXISTING_DICTIONARY,现有Oracle字典未能唯一匹配；第一批不修改既有字典,[],"{""aliases"": [""t-PA"", ""rt-PA""]}",Neo4j图谱与Oracle有效字典只读比对,,,,无需人工审核,转为药物类别,这是药物类别或药理类别，不是可开立的具体药品通用名。,组织型纤溶酶原激活物,member_of,药物类别与具体药品是上下位关系，不是同义关系。,
fad894873eb255acbb11913da0f21a98,Medication,MED-CARD-5F6B66291B8B,肠溶阿司匹林,K_DRUG_DICT,MISSING_IN_EXISTING_DICTIONARY,现有Oracle字典未能唯一匹配；第一批不修改既有字典,[],"{""aliases"": [""肠溶阿司匹林""]}",Neo4j图谱与Oracle有效字典只读比对,,,,无需人工审核,保留为别名并匹配规范制剂,原名称是口语化或词序倒置的制剂短语，不得新建为标准药品主名。,阿司匹林肠溶片,alias_of,药监部门批准的制剂通用名称为‘阿司匹林肠溶片’；原词序仅作检索别名。,
6c7eaff3213a5ce38e0c55fe25559dd4,Medication,CARD-SKELETON-20260709-MEDICATION-09DFB5E0DF9F68B9,血管紧张素II受体拮抗剂,K_DRUG_DICT,MISSING_IN_EXISTING_DICTIONARY,现有Oracle字典未能唯一匹配；第一批不修改既有字典,[],"{""aliases"": []}",Neo4j图谱与Oracle有效字典只读比对,,,,无需人工审核,转为药物类别,这是药物类别或药理类别，不是可开立的具体药品通用名。,血管紧张素II受体拮抗剂,member_of,药物类别与具体药品是上下位关系，不是同义关系。,
14969d9b345358d99c3e8dba7bc249b7,Medication,MED-CARD-92F68F550745,血管紧张素Ⅱ受体拮抗剂,K_DRUG_DICT,MISSING_IN_EXISTING_DICTIONARY,现有Oracle字典未能唯一匹配；第一批不修改既有字典,[],"{""aliases"": [""ARB"", ""沙坦类药物"", ""血管紧张素Ⅱ受体阻滞剂"", ""血管紧张素受体阻滞剂""]}",Neo4j图谱与Oracle有效字典只读比对,,,,无需人工审核,转为药物类别,这是药物类别或药理类别，不是可开立的具体药品通用名。,血管紧张素Ⅱ受体拮抗剂,member_of,药物类别与具体药品是上下位关系，不是同义关系。,
d404f6037ac55a79af200775f9d2f562,Medication,MED-CARD-C015B7A5655A,血管紧张素Ⅱ受体阻滞剂,K_DRUG_DICT,MISSING_IN_EXISTING_DICTIONARY,现有Oracle字典未能唯一匹配；第一批不修改既有字典,[],"{""aliases"": [""ARB"", ""血管紧张素受体拮抗剂"", ""Angiotensin receptor blocker""]}",Neo4j图谱与Oracle有效字典只读比对,,,,无需人工审核,转为药物类别,这是药物类别或药理类别，不是可开立的具体药品通用名。,血管紧张素Ⅱ受体阻滞剂,member_of,药物类别与具体药品是上下位关系，不是同义关系。,
6fd62525ec515d4da8f65229797a5bf1,Medication,MED-CARD-5C774D10CF46,血管紧张素受体脑啡肽酶抑制剂,K_DRUG_DICT,MISSING_IN_EXISTING_DICTIONARY,现有Oracle字典未能唯一匹配；第一批不修改既有字典,[],"{""aliases"": [""沙库巴曲/缬沙坦"", ""ARNI""]}",Neo4j图谱与Oracle有效字典只读比对,,,,无需人工审核,转为药物类别,这是药物类别或药理类别，不是可开立的具体药品通用名。,血管紧张素受体脑啡肽酶抑制剂,member_of,药物类别与具体药品是上下位关系，不是同义关系。,
72f5fbca216b5096ac1ce2a8497d909b,Medication,MED-CARD-E40082221530,血管紧张素转换酶抑制剂,K_DRUG_DICT,MISSING_IN_EXISTING_DICTIONARY,现有Oracle字典未能唯一匹配；第一批不修改既有字典,[],"{""aliases"": [""ACE抑制剂"", ""ACEI"", ""Angiotensin-converting enzyme inhibitor"", ""ACE inhibitor"", ""普利类药物""]}",Neo4j图谱与Oracle有效字典只读比对,,,,无需人工审核,转为药物类别,这是药物类别或药理类别，不是可开立的具体药品通用名。,血管紧张素转换酶抑制剂,member_of,药物类别与具体药品是上下位关系，不是同义关系。,
832ab3f39d415fecb081f1ce3bbaf18f,Medication,CARD-SKELETON-20260709-MEDICATION-7887433A96437926,血管紧张素转换酶抑制剂或血管紧张素受体阻滞剂,K_DRUG_DICT,MISSING_IN_EXISTING_DICTIONARY,现有Oracle字典未能唯一匹配；第一批不修改既有字典,[],"{""aliases"": []}",Neo4j图谱与Oracle有效字典只读比对,,,,无需人工审核,转为药物类别,这是药物类别或药理类别，不是可开立的具体药品通用名。,血管紧张素转换酶抑制剂或血管紧张素受体阻滞剂,member_of,药物类别与具体药品是上下位关系，不是同义关系。,
96813eec7acc520181b5d3fdad6e0fab,Medication,MED-CARD-072B93AB8BC2,袢利尿剂,K_DRUG_DICT,MISSING_IN_EXISTING_DICTIONARY,现有Oracle字典未能唯一匹配；第一批不修改既有字典,[],"{""aliases"": [""环利尿剂"", ""loop diuretics""]}",Neo4j图谱与Oracle有效字典只读比对,,,,无需人工审核,转为药物类别,这是药物类别或药理类别，不是可开立的具体药品通用名。,袢利尿剂,member_of,药物类别与具体药品是上下位关系，不是同义关系。,
bd6726fe623f5ad282cd1ddb409484b7,Medication,MED-CARD-TEXT-4E1713BBBA,醛固酮受体拮抗剂,K_DRUG_DICT,MISSING_IN_EXISTING_DICTIONARY,现有Oracle字典未能唯一匹配；第一批不修改既有字典,[],"{""aliases"": [""MRA""]}",Neo4j图谱与Oracle有效字典只读比对,,,,无需人工审核,转为药物类别,这是药物类别或药理类别，不是可开立的具体药品通用名。,醛固酮受体拮抗剂,member_of,药物类别与具体药品是上下位关系，不是同义关系。,
495c1d02bdc5541ab6a1544353378d55,Medication,MED-CARD-TEXT-28E925C6DE,钙通道阻滞剂,K_DRUG_DICT,MISSING_IN_EXISTING_DICTIONARY,现有Oracle字典未能唯一匹配；第一批不修改既有字典,[],"{""aliases"": [""CCB"", ""Calcium channel blocker"", ""二氢吡啶类钙通道阻滞剂"", ""钙拮抗剂"", ""钙通道阻滞剂""]}",Neo4j图谱与Oracle有效字典只读比对,,,,无需人工审核,转为药物类别,这是药物类别或药理类别，不是可开立的具体药品通用名。,钙通道阻滞剂,member_of,药物类别与具体药品是上下位关系，不是同义关系。,
6ec6ea5caa14520594dfc13f20e5bf08,Medication,CARD-SKELETON-20260709-MEDICATION-CE7B6E8D0756D10D,钠-葡萄糖共转运蛋白2抑制剂,K_DRUG_DICT,MISSING_IN_EXISTING_DICTIONARY,现有Oracle字典未能唯一匹配；第一批不修改既有字典,[],"{""aliases"": [""SGLT2抑制剂"", ""SGLT2i"", ""SGLT-2抑制剂""]}",Neo4j图谱与Oracle有效字典只读比对,,,,无需人工审核,转为药物类别,这是药物类别或药理类别，不是可开立的具体药品通用名。,钠-葡萄糖共转运蛋白2抑制剂,member_of,药物类别与具体药品是上下位关系，不是同义关系。,
314aa3faa28d5d4bb0a969fb84718aa4,Medication,MED-CARD-3B504DD7AA33,钠-葡萄糖协同转运蛋白2抑制剂,K_DRUG_DICT,MISSING_IN_EXISTING_DICTIONARY,现有Oracle字典未能唯一匹配；第一批不修改既有字典,[],"{""aliases"": [""SGLT2抑制剂"", ""SGLT2i""]}",Neo4j图谱与Oracle有效字典只读比对,,,,无需人工审核,转为药物类别,这是药物类别或药理类别，不是可开立的具体药品通用名。,钠-葡萄糖协同转运蛋白2抑制剂,member_of,药物类别与具体药品是上下位关系，不是同义关系。,
0904c0c9cda85c3ca6e84f4e229a2ce7,Medication,MED-CARD-CA961D8A62E7,钾剂,K_DRUG_DICT,MISSING_IN_EXISTING_DICTIONARY,现有Oracle字典未能唯一匹配；第一批不修改既有字典,[],"{""aliases"": [""补钾""]}",Neo4j图谱与Oracle有效字典只读比对,,,,无需人工审核,转为药物类别,这是药物类别或药理类别，不是可开立的具体药品通用名。,钾剂,member_of,药物类别与具体药品是上下位关系，不是同义关系。,
8484099e549b550e90bfcfa6ebc85730,Medication,MED-NDHP-CCB,非二氢吡啶类钙通道阻滞剂,K_DRUG_DICT,MISSING_IN_EXISTING_DICTIONARY,现有Oracle字典未能唯一匹配；第一批不修改既有字典,[],"{""aliases"": [""非二氢吡啶类钙通道阻滞剂""]}",Neo4j图谱与Oracle有效字典只读比对,,,,无需人工审核,转为药物类别,这是药物类别或药理类别，不是可开立的具体药品通用名。,非二氢吡啶类钙通道阻滞剂,member_of,药物类别与具体药品是上下位关系，不是同义关系。,
107112f619495a2199a6483d9b12cfc0,Symptom,SYM-CARD-B479F36AE54A,胸痛,K_SYMPTOM_DICT,ALIAS_TO_TERM_CANDIDATE,本地术语字典已沉淀别名，待第二批写入既有K_TERM/K_TERM_SYNONYM,"{""aliases"": [""胸骨后疼痛"", ""压榨性疼痛"", ""缺血性胸痛"", ""心前区疼痛"", ""胸部不适""]}","{""source_yaml"": ""2_症状同义词表.yaml""}",E:\BigMouse\0.CDSS文献诊疗指南材料PDF\AI专科知识图谱生成\术语字典\2_症状同义词表.yaml,1759FFFA-3F64-4BF6-9E55-FA015106D295,Z103045,胸痛,无需人工审核,保留为别名映射,保留在图谱别名和术语映射层，不改既有Oracle标准字典主记录。,胸痛,alias_of,已匹配现有有效标准字典记录。,
397dec786f3a5b56b74e2e59295dcdcd,Symptom,SYM-CARD-0039E284D715,胸闷,K_SYMPTOM_DICT,ALIAS_TO_TERM_CANDIDATE,本地术语字典已沉淀别名，待第二批写入既有K_TERM/K_TERM_SYNONYM,"{""aliases"": [""胸部压迫感"", ""胸部紧缩感""]}","{""source_yaml"": ""2_症状同义词表.yaml""}",E:\BigMouse\0.CDSS文献诊疗指南材料PDF\AI专科知识图谱生成\术语字典\2_症状同义词表.yaml,B8B6F57B-A695-48C2-A167-E702FFBD5BB4,Z102992,胸闷,无需人工审核,保留为别名映射,保留在图谱别名和术语映射层，不改既有Oracle标准字典主记录。,胸闷,alias_of,已匹配现有有效标准字典记录。,
7e0889e58d1959da85cc69c2b3319991,Symptom,SYM-CARD-CM-AMYLOID-HF-SYMPTOMS,心力衰竭相关症状,K_SYMPTOM_DICT,ALIAS_TO_TERM_CANDIDATE,本地术语字典已沉淀别名，待第二批写入既有K_TERM/K_TERM_SYNONYM,"{""aliases"": [""气短"", ""dyspnea""]}","{""source_yaml"": ""2_症状同义词表.yaml""}",E:\BigMouse\0.CDSS文献诊疗指南材料PDF\AI专科知识图谱生成\术语字典\2_症状同义词表.yaml,1F14524B-38FC-4D43-822D-E398C503D6F2,Z101023,呼吸困难,无需人工审核,保留为别名映射,保留在图谱别名和术语映射层，不改既有Oracle标准字典主记录。,呼吸困难,alias_of,已匹配现有有效标准字典记录。,
1c96cf67df6c5497a80d4de96a86567e,Symptom,SYM-CARD-3C54A8AA7CDB,劳力性呼吸困难,K_SYMPTOM_DICT,ALIAS_TO_TERM_CANDIDATE,本地术语字典已沉淀别名，待第二批写入既有K_TERM/K_TERM_SYNONYM,"{""aliases"": [""劳力性气短"", ""活动后呼吸困难"", ""活动后气短""]}","{""source_yaml"": ""2_症状同义词表.yaml""}",E:\BigMouse\0.CDSS文献诊疗指南材料PDF\AI专科知识图谱生成\术语字典\2_症状同义词表.yaml,66c20b6b9f456a58378c545064c430e8,Z101546,劳力性呼吸困难,无需人工审核,保留为别名映射,保留在图谱别名和术语映射层，不改既有Oracle标准字典主记录。,劳力性呼吸困难,alias_of,已匹配现有有效标准字典记录。,
f3111adb245d5ed582083fb7508c7857,Symptom,SYM-CARD-9BD3C4F11F7E,夜间阵发性呼吸困难,K_SYMPTOM_DICT,ALIAS_TO_TERM_CANDIDATE,本地术语字典已沉淀别名，待第二批写入既有K_TERM/K_TERM_SYNONYM,"{""aliases"": [""夜间阵发呼吸困难"", ""PND""]}","{""source_yaml"": ""2_症状同义词表.yaml""}",E:\BigMouse\0.CDSS文献诊疗指南材料PDF\AI专科知识图谱生成\术语字典\2_症状同义词表.yaml,JZ_SD000024,Z103277,夜间阵发性呼吸困难,无需人工审核,保留为别名映射,保留在图谱别名和术语映射层，不改既有Oracle标准字典主记录。,夜间阵发性呼吸困难,alias_of,已匹配现有有效标准字典记录。,
6fa77a9f921955bd8928a376c5bdf600,Symptom,SYM-CARD-C9FC2AB492AC,晕厥、头晕和乏力,K_SYMPTOM_DICT,ALIAS_TO_TERM_CANDIDATE,本地术语字典已沉淀别名，待第二批写入既有K_TERM/K_TERM_SYNONYM,"{""aliases"": [""一过性意识丧失""]}","{""source_yaml"": ""2_症状同义词表.yaml""}",E:\BigMouse\0.CDSS文献诊疗指南材料PDF\AI专科知识图谱生成\术语字典\2_症状同义词表.yaml,864ad085d558372ff340514a8433e31d,Z103231,晕厥,无需人工审核,保留为别名映射,保留在图谱别名和术语映射层，不改既有Oracle标准字典主记录。,晕厥,alias_of,已匹配现有有效标准字典记录。,
73256aed9dcb51f88a45f1f2299e4f35,Symptom,SYM-CARD-0ACC45EF4E60,乏力,K_SYMPTOM_DICT,ALIAS_TO_TERM_CANDIDATE,本地术语字典已沉淀别名，待第二批写入既有K_TERM/K_TERM_SYNONYM,"{""aliases"": [""疲乏""]}","{""source_yaml"": ""2_症状同义词表.yaml""}",E:\BigMouse\0.CDSS文献诊疗指南材料PDF\AI专科知识图谱生成\术语字典\2_症状同义词表.yaml,0FCFB1D8-863F-4710-B125-70A20C16912B,Z100579,乏力,无需人工审核,保留为别名映射,保留在图谱别名和术语映射层，不改既有Oracle标准字典主记录。,乏力,alias_of,已匹配现有有效标准字典记录。,
c9f84a14d4f95469b7908cd3b0f3fd46,Symptom,SYM-CARD-33F959FDD5F3,耐力下降,K_SYMPTOM_DICT,ALIAS_TO_TERM_CANDIDATE,本地术语字典已沉淀别名，待第二批写入既有K_TERM/K_TERM_SYNONYM,"{""aliases"": [""运动耐量下降"", ""活动耐量下降""]}","{""source_yaml"": ""2_症状同义词表.yaml""}",E:\BigMouse\0.CDSS文献诊疗指南材料PDF\AI专科知识图谱生成\术语字典\2_症状同义词表.yaml,995ef0e2c9b14e082d7a06aba1390e6b,Z103194,运动耐量下降,无需人工审核,保留为别名映射,保留在图谱别名和术语映射层，不改既有Oracle标准字典主记录。,运动耐量下降,alias_of,已匹配现有有效标准字典记录。,
cec5fc6d3c9a5ff5b3bc7506322d0cf0,Symptom,SYM-CARD-6DA3580C8B73,头晕,K_SYMPTOM_DICT,ALIAS_TO_TERM_CANDIDATE,本地术语字典已沉淀别名，待第二批写入既有K_TERM/K_TERM_SYNONYM,"{""aliases"": [""眩晕""]}","{""source_yaml"": ""2_症状同义词表.yaml""}",E:\BigMouse\0.CDSS文献诊疗指南材料PDF\AI专科知识图谱生成\术语字典\2_症状同义词表.yaml,75C08BC9-B301-4622-BEE5-28ACE9EDD4A4,Z102698,头晕,无需人工审核,保留为别名映射,保留在图谱别名和术语映射层，不改既有Oracle标准字典主记录。,头晕,alias_of,已匹配现有有效标准字典记录。,
836e3771dffc55a5b5446bd9a7239d0d,Symptom,SYM-CARD-BC91622FC62F,出汗,K_SYMPTOM_DICT,ALIAS_TO_TERM_CANDIDATE,本地术语字典已沉淀别名，待第二批写入既有K_TERM/K_TERM_SYNONYM,"{""aliases"": [""大汗"", ""冷汗""]}","{""source_yaml"": ""2_症状同义词表.yaml""}",E:\BigMouse\0.CDSS文献诊疗指南材料PDF\AI专科知识图谱生成\术语字典\2_症状同义词表.yaml,6ffc1faa52491ff1ac4798564802d414,Z100229,出汗,无需人工审核,保留为别名映射,保留在图谱别名和术语映射层，不改既有Oracle标准字典主记录。,出汗,alias_of,已匹配现有有效标准字典记录。,
5633d72b141f5714986915e2b6fdb19c,Sign,SIGN-CARD-1FA3A83EF714,低血压,K_CLINICAL_SIGN_DICT,ALIAS_TO_TERM_CANDIDATE,本地术语字典已沉淀别名，待第二批写入既有K_TERM/K_TERM_SYNONYM,"{""aliases"": [""血压下降""]}","{""source_yaml"": ""3_体征同义词表.yaml""}",E:\BigMouse\0.CDSS文献诊疗指南材料PDF\AI专科知识图谱生成\术语字典\3_体征同义词表.yaml,137d857212775a458a09213d84d268d9,TZ100005,低血压,无需人工审核,保留为别名映射,保留在图谱别名和术语映射层，不改既有Oracle标准字典主记录。,低血压,alias_of,已匹配现有有效标准字典记录。,
c0e41b2770405361825112e4fb196a12,Sign,SIGN-CARD-4E5DA62E1DA3,心动过速,K_CLINICAL_SIGN_DICT,ALIAS_TO_TERM_CANDIDATE,本地术语字典已沉淀别名，待第二批写入既有K_TERM/K_TERM_SYNONYM,"{""aliases"": [""心率增快"", ""心率快""]}","{""source_yaml"": ""3_体征同义词表.yaml""}",E:\BigMouse\0.CDSS文献诊疗指南材料PDF\AI专科知识图谱生成\术语字典\3_体征同义词表.yaml,5e33f0459bdc50698b8a63094f6922f3,TZ100015,心动过速,无需人工审核,保留为别名映射,保留在图谱别名和术语映射层，不改既有Oracle标准字典主记录。,心动过速,alias_of,已匹配现有有效标准字典记录。,
79aed7b690af5f1fb7e8de9971aef960,Sign,SIGN-CARD-EB9D2F421114,心脏扩大,K_CLINICAL_SIGN_DICT,ALIAS_TO_TERM_CANDIDATE,本地术语字典已沉淀别名，待第二批写入既有K_TERM/K_TERM_SYNONYM,"{""aliases"": [""心界扩大"", ""心腔扩大""]}","{""source_yaml"": ""3_体征同义词表.yaml""}",E:\BigMouse\0.CDSS文献诊疗指南材料PDF\AI专科知识图谱生成\术语字典\3_体征同义词表.yaml,c2c7fda0f8fd56c8857cf832478959dd,TZ100025,心脏扩大,无需人工审核,保留为别名映射,保留在图谱别名和术语映射层，不改既有Oracle标准字典主记录。,心脏扩大,alias_of,已匹配现有有效标准字典记录。,
3587c37e45655a868d7d052ca9e35eb1,Sign,SIGN-CARD-92548DA98265,心脏杂音,K_CLINICAL_SIGN_DICT,ALIAS_TO_TERM_CANDIDATE,本地术语字典已沉淀别名，待第二批写入既有K_TERM/K_TERM_SYNONYM,"{""aliases"": [""新发杂音"", ""收缩期杂音""]}","{""source_yaml"": ""3_体征同义词表.yaml""}",E:\BigMouse\0.CDSS文献诊疗指南材料PDF\AI专科知识图谱生成\术语字典\3_体征同义词表.yaml,71178cb4f05956c9b3f2f7404a6cb33f,TZ100026,心脏杂音,无需人工审核,保留为别名映射,保留在图谱别名和术语映射层，不改既有Oracle标准字典主记录。,心脏杂音,alias_of,已匹配现有有效标准字典记录。,
749fb36f8e7753c3bc8e5069eb474227,Sign,SIGN-CARD-7D7BE7B5FE4D,心音低钝,K_CLINICAL_SIGN_DICT,ALIAS_TO_TERM_CANDIDATE,本地术语字典已沉淀别名，待第二批写入既有K_TERM/K_TERM_SYNONYM,"{""aliases"": [""心音减弱""]}","{""source_yaml"": ""3_体征同义词表.yaml""}",E:\BigMouse\0.CDSS文献诊疗指南材料PDF\AI专科知识图谱生成\术语字典\3_体征同义词表.yaml,322377b655685490af5c55d5d128906c,TZ100027,心音低钝,无需人工审核,保留为别名映射,保留在图谱别名和术语映射层，不改既有Oracle标准字典主记录。,心音低钝,alias_of,已匹配现有有效标准字典记录。,
9b725023593655809557958a8fe34916,Sign,SIGN-CARD-E5C7FF8F1850,心音减弱,K_CLINICAL_SIGN_DICT,ALIAS_TO_TERM_CANDIDATE,本地术语字典已沉淀别名，待第二批写入既有K_TERM/K_TERM_SYNONYM,"{""aliases"": [""心音低钝""]}","{""source_yaml"": ""3_体征同义词表.yaml""}",E:\BigMouse\0.CDSS文献诊疗指南材料PDF\AI专科知识图谱生成\术语字典\3_体征同义词表.yaml,1cea1db2173f574ca949134a8d7a0d89,TZ100028,心音减弱,无需人工审核,保留为别名映射,保留在图谱别名和术语映射层，不改既有Oracle标准字典主记录。,心音减弱,alias_of,已匹配现有有效标准字典记录。,
1595a3245af25de7aef2592853b8ca56,Sign,SIGN-CARD-52CC24CD4C33,水肿,K_CLINICAL_SIGN_DICT,ALIAS_TO_TERM_CANDIDATE,本地术语字典已沉淀别名，待第二批写入既有K_TERM/K_TERM_SYNONYM,"{""aliases"": [""下肢水肿"", ""外周水肿""]}","{""source_yaml"": ""3_体征同义词表.yaml""}",E:\BigMouse\0.CDSS文献诊疗指南材料PDF\AI专科知识图谱生成\术语字典\3_体征同义词表.yaml,2f3e1bec80375bbd94a0d616edf6b339,TZ100035,水肿,无需人工审核,保留为别名映射,保留在图谱别名和术语映射层，不改既有Oracle标准字典主记录。,水肿,alias_of,已匹配现有有效标准字典记录。,
513db272b76a50119c7eb06f1ee91506,Sign,SIGN-CARD-FFE03BB62300,皮肤湿冷,K_CLINICAL_SIGN_DICT,ALIAS_TO_TERM_CANDIDATE,本地术语字典已沉淀别名，待第二批写入既有K_TERM/K_TERM_SYNONYM,"{""aliases"": [""四肢湿冷"", ""冷汗""]}","{""source_yaml"": ""3_体征同义词表.yaml""}",E:\BigMouse\0.CDSS文献诊疗指南材料PDF\AI专科知识图谱生成\术语字典\3_体征同义词表.yaml,be47c40ea98e5825a5e977d38a46fe82,TZ100037,皮肤湿冷,无需人工审核,保留为别名映射,保留在图谱别名和术语映射层，不改既有Oracle标准字典主记录。,皮肤湿冷,alias_of,已匹配现有有效标准字典记录。,
e52a487e9e2653c0950a11de75bb36ea,Sign,SIGN-CARD-B0814CB800B1,第三心音,K_CLINICAL_SIGN_DICT,ALIAS_TO_TERM_CANDIDATE,本地术语字典已沉淀别名，待第二批写入既有K_TERM/K_TERM_SYNONYM,"{""aliases"": [""S3心音""]}","{""source_yaml"": ""3_体征同义词表.yaml""}",E:\BigMouse\0.CDSS文献诊疗指南材料PDF\AI专科知识图谱生成\术语字典\3_体征同义词表.yaml,ef62d100087b511e87389a7616426703,TZ100042,第三心音,无需人工审核,保留为别名映射,保留在图谱别名和术语映射层，不改既有Oracle标准字典主记录。,第三心音,alias_of,已匹配现有有效标准字典记录。,
61ce8e12bd9c5a68bbd32e5f495ecae6,Sign,SIGN-CARD-658603F4081B,第四心音,K_CLINICAL_SIGN_DICT,ALIAS_TO_TERM_CANDIDATE,本地术语字典已沉淀别名，待第二批写入既有K_TERM/K_TERM_SYNONYM,"{""aliases"": [""S4心音""]}","{""source_yaml"": ""3_体征同义词表.yaml""}",E:\BigMouse\0.CDSS文献诊疗指南材料PDF\AI专科知识图谱生成\术语字典\3_体征同义词表.yaml,e5964e2f93cb5b63a1433501a901a152,TZ100044,第四心音,无需人工审核,保留为别名映射,保留在图谱别名和术语映射层，不改既有Oracle标准字典主记录。,第四心音,alias_of,已匹配现有有效标准字典记录。,
d2b6795d3279542880071506ed0f69e8,ExamObservation,IND-EXAM-CARD-CHEST-IMAGING-CDSS-肺淤血,肺淤血,K_EXAM_OBSERVATION_DICT,ALIAS_TO_TERM_CANDIDATE,本地术语字典已沉淀别名，待第二批写入既有K_TERM/K_TERM_SYNONYM,"{""aliases"": [""肺充血""]}","{""source_yaml"": ""3_体征同义词表.yaml""}",E:\BigMouse\0.CDSS文献诊疗指南材料PDF\AI专科知识图谱生成\术语字典\3_体征同义词表.yaml,cc6e86bd2bbc5a8fba2fa0c9e86e82cd,JCGC100107,肺淤血,无需人工审核,保留为别名映射,保留在图谱别名和术语映射层，不改既有Oracle标准字典主记录。,肺淤血,alias_of,已匹配现有有效标准字典记录。,
774fb76753f950e6a43d56bb9f919045,Sign,SIGN-CARD-67CD9C4673B0,肺部啰音,K_CLINICAL_SIGN_DICT,ALIAS_TO_TERM_CANDIDATE,本地术语字典已沉淀别名，待第二批写入既有K_TERM/K_TERM_SYNONYM,"{""aliases"": [""肺部湿啰音"", ""湿啰音"", ""肺啰音""]}","{""source_yaml"": ""3_体征同义词表.yaml""}",E:\BigMouse\0.CDSS文献诊疗指南材料PDF\AI专科知识图谱生成\术语字典\3_体征同义词表.yaml,6f36b46d28d55d10aabfa512ac6e75ba,TZ100049,肺部啰音,无需人工审核,保留为别名映射,保留在图谱别名和术语映射层，不改既有Oracle标准字典主记录。,肺部啰音,alias_of,已匹配现有有效标准字典记录。,
be964478cde855d0badbbf6f7f47dabe,Sign,SIGN-CARD-37D71F7E64B1,颈静脉怒张,K_CLINICAL_SIGN_DICT,ALIAS_TO_TERM_CANDIDATE,本地术语字典已沉淀别名，待第二批写入既有K_TERM/K_TERM_SYNONYM,"{""aliases"": [""JVD""]}","{""source_yaml"": ""3_体征同义词表.yaml""}",E:\BigMouse\0.CDSS文献诊疗指南材料PDF\AI专科知识图谱生成\术语字典\3_体征同义词表.yaml,9884a28ec8435b14b69fd3367d7f5526,TZ100064,颈静脉怒张,无需人工审核,保留为别名映射,保留在图谱别名和术语映射层，不改既有Oracle标准字典主记录。,颈静脉怒张,alias_of,已匹配现有有效标准字典记录。,
f67992671a825f16b13388236bdee7c0,Sign,SIGN-CARD-028F5AE6B5B1,心动过缓或房室分离表现,K_CLINICAL_SIGN_DICT,ALIAS_TO_TERM_CANDIDATE,本地术语字典已沉淀别名，待第二批写入既有K_TERM/K_TERM_SYNONYM,"{""aliases"": [""心率缓慢"", ""心率过慢"", ""心室率缓慢"", ""脉搏缓慢""]}","{""source_yaml"": ""3_体征同义词表.yaml""}",E:\BigMouse\0.CDSS文献诊疗指南材料PDF\AI专科知识图谱生成\术语字典\3_体征同义词表.yaml,2b368e56fa595d71b5dc39df2cf9ed18,TZ100014,心动过缓,无需人工审核,保留为别名映射,保留在图谱别名和术语映射层，不改既有Oracle标准字典主记录。,心动过缓,alias_of,已匹配现有有效标准字典记录。,
691da86967255fcdac5d60cbe30f30be,Medication,MED-CARD-9F606AC80BFD,阿司匹林,K_DRUG_DICT,ALIAS_TO_TERM_CANDIDATE,本地术语字典已沉淀别名，待第二批写入既有K_TERM/K_TERM_SYNONYM,"{""aliases"": [""拜阿司匹林""]}","{""source_yaml"": ""4_药物同义词表.yaml""}",E:\BigMouse\0.CDSS文献诊疗指南材料PDF\AI专科知识图谱生成\术语字典\4_药物同义词表.yaml,526850cc9b302f50f00552cd69313468,D126150,阿司匹林,无需人工审核,保留为别名映射,保留在图谱别名和术语映射层，不改既有Oracle标准字典主记录。,阿司匹林,alias_of,已匹配现有有效标准字典记录。,
694902e17c7f5c41aaeb0868f45c6ec6,ExamItem,EXAM-CARD-F60922D428D5,冠状动脉CT血管成像,K_EXAM_ITEM_DICT,ALIAS_TO_TERM_CANDIDATE,本地术语字典已沉淀别名，待第二批写入既有K_TERM/K_TERM_SYNONYM,"{""aliases"": [""冠脉CTA"", ""CTA""]}","{""source_yaml"": ""5_检查同义词表.yaml""}",E:\BigMouse\0.CDSS文献诊疗指南材料PDF\AI专科知识图谱生成\术语字典\5_检查同义词表.yaml,63E984CA9F61484E93508A54434DB58B,E120636,冠脉CTA,无需人工审核,保留为别名映射,保留在图谱别名和术语映射层，不改既有Oracle标准字典主记录。,冠脉CTA,alias_of,已匹配现有有效标准字典记录。,
51c00e36c92c520cb879427553611c98,ExamItem,EXAM-CARD-CORONARY-ANGIOGRAPHY,冠状动脉造影,K_EXAM_ITEM_DICT,ALIAS_TO_TERM_CANDIDATE,本地术语字典已沉淀别名，待第二批写入既有K_TERM/K_TERM_SYNONYM,"{""aliases"": [""冠脉造影""]}","{""source_yaml"": ""5_检查同义词表.yaml""}",E:\BigMouse\0.CDSS文献诊疗指南材料PDF\AI专科知识图谱生成\术语字典\5_检查同义词表.yaml,1EA5A18220D34ECFB34B3600A6E539AA,E100178,冠状动脉造影,无需人工审核,保留为别名映射,保留在图谱别名和术语映射层，不改既有Oracle标准字典主记录。,冠状动脉造影,alias_of,已匹配现有有效标准字典记录。,
c9a02a3571115be8a6d5dc6302334a90,ExamItem,EXAM-CARD-A096A6416690,心电图及长程心电监测,K_EXAM_ITEM_DICT,ALIAS_TO_TERM_CANDIDATE,本地术语字典已沉淀别名，待第二批写入既有K_TERM/K_TERM_SYNONYM,"{""aliases"": [""Holter心电图""]}","{""source_yaml"": ""5_检查同义词表.yaml""}",E:\BigMouse\0.CDSS文献诊疗指南材料PDF\AI专科知识图谱生成\术语字典\5_检查同义词表.yaml,82DECBB03242453EB5D39D0A66E98DA0,E120852,动态心电图,无需人工审核,保留为别名映射,保留在图谱别名和术语映射层，不改既有Oracle标准字典主记录。,动态心电图,alias_of,已匹配现有有效标准字典记录。,
560214a3f599545ba7424c25cb2e2316,LabItem,LAB-CARD-960C7CE8E22B,肌酸激酶同工酶（CK-MB）,K_LAB_ITEM_DICT,ALIAS_TO_TERM_CANDIDATE,本地术语字典已沉淀别名，待第二批写入既有K_TERM/K_TERM_SYNONYM,"{""aliases"": [""CK-MB"", ""CKMB"", ""肌酸激酶同工酶"", ""肌酸激酶同工酶MB"", ""肌酸激酶MB"", ""肌酸激酶MB同工酶""]}","{""source_yaml"": ""5_检查同义词表.yaml""}",E:\BigMouse\0.CDSS文献诊疗指南材料PDF\AI专科知识图谱生成\术语字典\5_检查同义词表.yaml,4621FC27A58E4F50A13259E37470DCF1,3245,CK-MB,无需人工审核,保留为别名映射,保留在图谱别名和术语映射层，不改既有Oracle标准字典主记录。,CK-MB,alias_of,已匹配现有有效标准字典记录。,
