generated_at,priority_scope_note,category,disease_code,disease_name,match_status,match_type,match_score,hit_text,source_section_path,docx_paragraph_start,docx_paragraph_end,pdf_page_start,pdf_page_end,skeleton_slot,knowledge_layer,definition_candidate,description_candidate,available_slots_in_source
2026-07-08 09:16:41,冠心病、心肌病、心力衰竭、心律失常为优先验证集；通过后按同规则自动扩大到心血管内科其他疾病。,冠状动脉粥样硬化性心脏病,DIS-CARD-CAD-STEMI,ST段抬高型心肌梗死,ready_for_import_after_sampling,exact_title,100,急性 ST 段抬高型心肌梗死,动脉粥样硬化和冠状动脉粥样硬化性心脏病 > 急性冠脉综合征 > 急性 ST 段抬高型心肌梗死,5197,5398,263,263,overview,textbook_core,STEMI 是指急性心肌缺血性坏死，大多是在冠脉病变的基础上，发生冠脉血供急剧减少或中断，使相应的心肌严重而持久地急性缺血所致。,STEMI 是指急性心肌缺血性坏死，大多是在冠脉病变的基础上，发生冠脉血供急剧减少或中断，使相应的心肌严重而持久地急性缺血所致。常见原因为在冠脉不稳定斑块破裂、糜烂、侵蚀基础上继发血栓形成导致冠脉血管持续、完全闭塞，少部分为冠脉开口堵塞，如主动脉夹层撕裂累及冠脉开口，或医源性的，如经导管主动脉瓣植入术导致的冠脉口堵塞，其他少见的原因包括血栓栓塞、自发性夹层或持续的冠脉痉挛。 本病既往在欧美常见，但根据中国心血管病报告的数据，无论是农村还是城市，AMI 发病率在不断增高，死亡率整体呈上升趋势。,clinical_manifestation|diagnosis_differential|etiology|exam_lab|pathogenesis|prognosis_followup_prevention|treatment|并发症
2026-07-08 09:16:41,冠心病、心肌病、心力衰竭、心律失常为优先验证集；通过后按同规则自动扩大到心血管内科其他疾病。,冠状动脉粥样硬化性心脏病,DIS-CARD-CAD-UA,不稳定型心绞痛,ready_for_review,overview_mention,82,不稳定型心绞痛,动脉粥样硬化和冠状动脉粥样硬化性心脏病 > 急性冠脉综合征,5120,5126,263,263,overview,textbook_core,急性冠脉综合征是一组由急性心肌缺血引起的临床综合征，主要包括不稳定型心绞痛（UA）、非ST 段抬高型心肌梗死（NSTEMI）和 ST 段抬高型心肌梗死（STEMI），冠心病猝死是特殊类型 ACS。,急性冠脉综合征是一组由急性心肌缺血引起的临床综合征，主要包括不稳定型心绞痛（UA）、非ST 段抬高型心肌梗死（NSTEMI）和 ST 段抬高型心肌梗死（STEMI），冠心病猝死是特殊类型 ACS。临床上将急性心肌梗死（acute myocardial infarction，AMI）分为 5 型：1 型是自发性 AMI，即原发冠脉不稳 定斑块发生破裂、糜烂或侵蚀继发血栓形成所致，最常见；2 型是存在继发因素导致的持续性供氧不能满足耗氧所需，例如冠脉痉挛、自发性夹层或壁内血肿等，以及栓塞和微血管疾病；3 型是冠心病猝死；4 型是与 PCI 相关；5 型是与 CABG 相关。,
2026-07-08 09:16:41,冠心病、心肌病、心力衰竭、心律失常为优先验证集；通过后按同规则自动扩大到心血管内科其他疾病。,冠状动脉粥样硬化性心脏病,DIS-CARD-CAD-SPASM,冠状动脉痉挛,ready_for_import_after_sampling,exact_title,100,冠状动脉痉挛,动脉粥样硬化和冠状动脉粥样硬化性心脏病 > 冠状动脉疾病的其他表现形式 > 冠状动脉痉挛,5401,5478,264,264,overview,textbook_core,冠脉痉挛是一种特殊类型的冠脉疾病。,冠脉痉挛是一种特殊类型的冠脉疾病。造影正常血管或粥样硬化病变部位均可发生痉挛。其临床表现和治疗方案与冠心病有明显的差别。 病人常较年轻，除吸烟外，大多数病人缺乏动脉粥样硬化的经典危险因素。吸烟、酒精和毒品是冠脉痉挛的重要诱发因素。 本病表现为静息性心绞痛，无体力劳动或情绪激动等诱因。发病时间集中在午夜至上午 8 点之间。病人常因恶性心律失常伴发晕厥。少数病人冠脉持续严重痉挛，可发生 AMI 甚至猝死。 若冠脉痉挛导致血管闭塞，则临床表现为静息性心绞痛伴心电图一过性 ST 段抬高。该类病人临床特点鲜明，因静息性发作与稳定型心绞痛不同，因 ST 段抬高与稳定型心绞痛、UA 和 NSTEMI 不同，因 ST 段抬高呈一过性与 STEMI 不同，因此可直接确立诊断（早先称为变异型心绞痛或 Prinzmetal 心绞痛）。但非闭塞性冠脉痉挛表现为 ST 段压低或 T 波改变，此时就难以和一般的心绞痛相鉴别。另外，冠脉痉挛一般具有自行缓解的特性，心电图和常规冠脉造影难以捕捉，长程动态 ECG 有助于监测到症状发作时的 ST 段变化，确诊常需行乙酰胆碱或麦角新碱激发试验。 在戒烟、戒酒的基础上，钙通道阻滞剂和硝酸酯类药物是治疗冠脉痉挛的主要手段，考虑微血管痉挛者，可使用尼可地尔。β受体拮抗剂可能会加重或诱发痉挛，不能单独用于变异型心绞痛病人，但伴有固定性狭窄的病人并非禁忌。冠脉痉挛一般预后良好，5 年生存率可高达 89%～97%，但多支血管或左主干痉挛病人预后不良。 二、心肌桥 冠脉通常走行于心外膜下的结缔组织中，如果一段冠脉走行于心肌内，这束心肌纤维被称为心肌桥，而走行于心肌桥下的冠脉被称为壁冠状动脉，主要见于左前降支中段。冠脉造影显示该节段血管管腔收缩期受挤压，舒张期恢复正常或受压程度明显减轻，被称为“挤奶现象”（milking effect）。冠脉造影时心肌桥检出率为 0.51%～16%，尸体解剖时检出率则高达 15%～85%，说明大部分心肌桥并没有临床意义。 由于壁冠状动脉在每一个心动周期的收缩期被挤压，如挤压严重可产生远端心肌缺血，临床上亦可表现为类似心绞痛的症状、心律失常，甚至 AMI 或猝死。另外，心肌桥导致其近端的收缩期前向血流逆转，损伤该处血管内膜，所以该处容易形成动脉粥样硬化斑块。 β受体拮抗剂及钙通道阻滞剂等降低心肌收缩力和心率的药物可有效缓解症状。植入支架会增加冠脉穿孔、内膜增生和再狭窄的发生率，因此并不提倡。手术分离壁冠状动脉（心肌桥松解术）曾被认为能根治此病，但也有再复发的病例。由于壁冠状动脉舒张期灌注压并无明显降低，因此旁路移植术后桥血管闭塞率也显著增高，因此，心肌桥应以药物治疗为主，收缩期压迫明显者避免剧烈运动，药物治疗后仍有缺血症状且壁冠状动脉舒张期也严重受压者，可考虑内乳动脉旁路移植手术。除非绝对需要，也应避免使用硝酸酯类药物及正性肌力...,
2026-07-08 09:16:41,冠心病、心肌病、心力衰竭、心律失常为优先验证集；通过后按同规则自动扩大到心血管内科其他疾病。,冠状动脉粥样硬化性心脏病,DIS-CARD-CAD-CHD,冠状动脉粥样硬化性心脏病,ready_for_import_after_sampling,alias_title,92,冠状动脉粥样硬化性心脏病,动脉粥样硬化和冠状动脉粥样硬化性心脏病 > 冠状动脉粥样硬化性心脏病概述,4943,4955,258,258,overview,textbook_core,冠状动脉粥样硬化性心脏病（coronary atherosclerotic heart disease）指冠状动脉（冠脉）发生粥样硬化引起管腔狭窄或闭塞，导致心肌缺血、缺氧或坏死而引起的心脏病，简称冠心病（coronary artery disease，CAD；,冠状动脉粥样硬化性心脏病（coronary atherosclerotic heart disease）指冠状动脉（冠脉）发生粥样硬化引起管腔狭窄或闭塞，导致心肌缺血、缺氧或坏死而引起的心脏病，简称冠心病（coronary artery disease，CAD；或 coronary heart disease，CHD），亦称缺血性心脏病（ischemic heart disease）。 冠心病是动脉粥样硬化导致器官病变的最常见类型，严重危害人类健康。本病多发于 40 岁以上成人，男性发病早于女性，经济发达国家发病率较高；近年来发病呈年轻化趋势。,classification_risk|pathogenesis
2026-07-08 09:16:41,冠心病、心肌病、心力衰竭、心律失常为优先验证集；通过后按同规则自动扩大到心血管内科其他疾病。,冠状动脉粥样硬化性心脏病,DIS-CARD-CAD-ATHEROSCLEROSIS,动脉粥样硬化,ready_for_import_after_sampling,exact_title,100,动脉粥样硬化,动脉粥样硬化和冠状动脉粥样硬化性心脏病 > 动脉粥样硬化,4864,4889,258,258,overview,textbook_core,由于在动脉内膜积聚的脂质外观呈黄色粥样，因此被称为动脉粥样硬化。,动脉粥样硬化（atherosclerosis）的特点是受累动脉的病变从内膜开始，局部先后发生细胞内外的脂质积聚、纤维组织增生和钙质沉着，病变内可见单核巨噬细胞及其他炎症细胞，并有平滑肌细胞的迁移和增生，大量胶原纤维、弹力纤维和蛋白多糖等结缔组织基质形成，动脉中层也可发生逐渐退变和钙化，在此基础上可发生斑块内出血、糜烂或破裂及继发局部血栓形成。由于在动脉内膜积聚的脂质外观呈黄色粥样，因此被称为动脉粥样硬化。动脉粥样硬化相关的心血管疾病被称为动脉粥样硬化性心血管疾病（atherosclerotic cardiovascular disease，ASCVD）。,etiology|pathogenesis
2026-07-08 09:16:41,冠心病、心肌病、心力衰竭、心律失常为优先验证集；通过后按同规则自动扩大到心血管内科其他疾病。,冠状动脉粥样硬化性心脏病,DIS-CARD-CAD-POST-MI-SYNDROME,心肌梗死后综合征,needs_manual_anchor_review,body_mention,62,心肌梗死后综合征,动脉粥样硬化和冠状动脉粥样硬化性心脏病 > 急性冠脉综合征 > 急性 ST 段抬高型心肌梗死,5197,5398,284,284,overview,textbook_core,5. 心肌梗死后综合征（post-infarction syndrome） 也称 Dressler 综合征，发生率约1%～3%，于 AMI 后数周至数月内出现，可反复发生。,5. 心肌梗死后综合征（post-infarction syndrome） 也称 Dressler 综合征，发生率约1%～3%，于 AMI 后数周至数月内出现，可反复发生。,clinical_manifestation|diagnosis_differential|etiology|exam_lab|pathogenesis|prognosis_followup_prevention|treatment|并发症
2026-07-08 09:16:41,冠心病、心肌病、心力衰竭、心律失常为优先验证集；通过后按同规则自动扩大到心血管内科其他疾病。,冠状动脉粥样硬化性心脏病,DIS-CARD-CAD-ACS,急性冠脉综合征,ready_for_import_after_sampling,exact_title,100,急性冠脉综合征,动脉粥样硬化和冠状动脉粥样硬化性心脏病 > 急性冠脉综合征,5120,5126,263,263,overview,textbook_core,急性冠脉综合征是一组由急性心肌缺血引起的临床综合征，主要包括不稳定型心绞痛（UA）、非ST 段抬高型心肌梗死（NSTEMI）和 ST 段抬高型心肌梗死（STEMI），冠心病猝死是特殊类型 ACS。,急性冠脉综合征是一组由急性心肌缺血引起的临床综合征，主要包括不稳定型心绞痛（UA）、非ST 段抬高型心肌梗死（NSTEMI）和 ST 段抬高型心肌梗死（STEMI），冠心病猝死是特殊类型 ACS。临床上将急性心肌梗死（acute myocardial infarction，AMI）分为 5 型：1 型是自发性 AMI，即原发冠脉不稳 定斑块发生破裂、糜烂或侵蚀继发血栓形成所致，最常见；2 型是存在继发因素导致的持续性供氧不能满足耗氧所需，例如冠脉痉挛、自发性夹层或壁内血肿等，以及栓塞和微血管疾病；3 型是冠心病猝死；4 型是与 PCI 相关；5 型是与 CABG 相关。,
2026-07-08 09:16:41,冠心病、心肌病、心力衰竭、心律失常为优先验证集；通过后按同规则自动扩大到心血管内科其他疾病。,冠状动脉粥样硬化性心脏病,DIS-CARD-CAD-AMI,急性心肌梗死,ready_for_review,overview_mention,82,急性心肌梗死,动脉粥样硬化和冠状动脉粥样硬化性心脏病 > 急性冠脉综合征,5120,5126,269,269,overview,textbook_core,临床上将急性心肌梗死（acute myocardial infarction，AMI）分为 5 型：1 型是自发性 AMI，即原发冠脉不稳 定斑块发生破裂、糜烂或侵蚀继发血栓形成所致，最常见；,急性冠脉综合征是一组由急性心肌缺血引起的临床综合征，主要包括不稳定型心绞痛（UA）、非ST 段抬高型心肌梗死（NSTEMI）和 ST 段抬高型心肌梗死（STEMI），冠心病猝死是特殊类型 ACS。临床上将急性心肌梗死（acute myocardial infarction，AMI）分为 5 型：1 型是自发性 AMI，即原发冠脉不稳 定斑块发生破裂、糜烂或侵蚀继发血栓形成所致，最常见；2 型是存在继发因素导致的持续性供氧不能满足耗氧所需，例如冠脉痉挛、自发性夹层或壁内血肿等，以及栓塞和微血管疾病；3 型是冠心病猝死；4 型是与 PCI 相关；5 型是与 CABG 相关。,
2026-07-08 09:16:41,冠心病、心肌病、心力衰竭、心律失常为优先验证集；通过后按同规则自动扩大到心血管内科其他疾病。,冠状动脉粥样硬化性心脏病,DIS-CARD-CAD-CCS,慢性冠脉综合征,ready_for_import_after_sampling,exact_title,100,慢性冠状动脉综合征,动脉粥样硬化和冠状动脉粥样硬化性心脏病 > 慢性冠状动脉综合征,4956,4957,263,263,overview,textbook_core,慢性冠状动脉综合征（CCS）最常见为慢性稳定型劳力性心绞痛和以心功能不全为主要表现的缺血性心肌病，部分处于渡过 ACS 后或行血运重建之后稳定期，有些则为无症状隐匿型冠心病。,慢性冠状动脉综合征（CCS）最常见为慢性稳定型劳力性心绞痛和以心功能不全为主要表现的缺血性心肌病，部分处于渡过 ACS 后或行血运重建之后稳定期，有些则为无症状隐匿型冠心病。发生心肌缺血的主要原因是存在稳定的心外膜冠脉粥样硬化造成的固定狭窄，在某些因素导致心肌耗氧量增加的情况下诱发心肌急剧暂时性缺血缺氧；但冠脉痉挛或微血管病变的病人没有心外膜血管固定狭窄临床上亦不少见。CCS 病人在治疗上有共同之处，通过抗心肌缺血治疗改善症状，稳定或逆转斑块并预防血栓形成，延长病人生存期。,
2026-07-08 09:16:41,冠心病、心肌病、心力衰竭、心律失常为优先验证集；通过后按同规则自动扩大到心血管内科其他疾病。,冠状动脉粥样硬化性心脏病,DIS-CARD-CAD-STABLE-ANGINA,稳定型心绞痛,ready_for_import_after_sampling,exact_title,100,稳定型心绞痛,动脉粥样硬化和冠状动脉粥样硬化性心脏病 > 慢性冠状动脉综合征 > 稳定型心绞痛,4958,5088,263,263,overview,textbook_core,稳定型心绞痛（stable angina pectoris）也称劳力性心绞痛。,稳定型心绞痛（stable angina pectoris）也称劳力性心绞痛。其特点为阵发性的前胸部压榨性疼痛或憋闷感觉，主要位于胸骨后部，可放射至心前区和左上肢尺侧，常发生于劳力负荷增加时，持续数分钟，休息或服用硝酸酯制剂后疼痛消失。疼痛发作的程度、频度、持续时间、性质及诱发因素等在数月内无明显变化。,clinical_manifestation|diagnosis_differential|exam_lab|pathogenesis|prognosis_followup_prevention|treatment
2026-07-08 09:16:41,冠心病、心肌病、心力衰竭、心律失常为优先验证集；通过后按同规则自动扩大到心血管内科其他疾病。,冠状动脉粥样硬化性心脏病;心肌病,DIS-CARD-CAD-ICM,缺血性心肌病,ready_for_import_after_sampling,exact_title,100,缺血性心肌病,动脉粥样硬化和冠状动脉粥样硬化性心脏病 > 慢性冠状动脉综合征 > 缺血性心肌病,5089,5110,263,263,overview,textbook_core,缺血性心肌病（ischemic cardiomyopathy，ICM）属于冠心病的一种特殊类型或晚期阶段，临床表现为新发心衰或左心室功能障碍，可伴有各种心律失常，心脏扩大类似扩张型心肌病。,缺血性心肌病（ischemic cardiomyopathy，ICM）属于冠心病的一种特殊类型或晚期阶段，临床表现为新发心衰或左心室功能障碍，可伴有各种心律失常，心脏扩大类似扩张型心肌病。其病理生理基础是冠脉粥样硬化病变使心肌长期缺血、缺氧以至心肌细胞减少、坏死、心肌纤维化、心肌瘢痕形成。,clinical_manifestation|diagnosis_differential|treatment
2026-07-08 09:16:41,冠心病、心肌病、心力衰竭、心律失常为优先验证集；通过后按同规则自动扩大到心血管内科其他疾病。,冠状动脉粥样硬化性心脏病,DIS-CARD-CAD-OLD-MI,陈旧性心肌梗死,needs_manual_anchor_review,body_mention,62,陈旧性心肌梗死,动脉粥样硬化和冠状动脉粥样硬化性心脏病 > 慢性冠状动脉综合征 > 稳定型心绞痛,4958,5088,265,265,overview,textbook_core,（二）心电图（ECG）检查 1. 静息时 ECG 约半数病人在正常范围，也可能有陈旧性心肌梗死改变或非特异性 ST 段和 T波异常。,（二）心电图（ECG）检查 1. 静息时 ECG 约半数病人在正常范围，也可能有陈旧性心肌梗死改变或非特异性 ST 段和 T波异常。,clinical_manifestation|diagnosis_differential|exam_lab|pathogenesis|prognosis_followup_prevention|treatment
2026-07-08 09:16:41,冠心病、心肌病、心力衰竭、心律失常为优先验证集；通过后按同规则自动扩大到心血管内科其他疾病。,冠状动脉粥样硬化性心脏病,DIS-CARD-CAD-SILENT-ISCHEMIA,隐匿性冠心病,ready_for_review,exact_title,100,隐匿型冠心病,动脉粥样硬化和冠状动脉粥样硬化性心脏病 > 慢性冠状动脉综合征 > 隐匿型冠心病,5111,5119,264,264,overview,textbook_core,三、隐匿型冠心病 【诊断】 1. 发病特点 隐匿型冠心病（latent coronary heart disease）或无症状性冠心病是指没有心绞痛症状，但有心肌缺血客观证据的冠心病，其心肌缺血 ECG 表现可见于静息时，也可在负荷状态下才出现，常为动态 ECG 记录所发现，也可为各种影像学检查所证实。,三、隐匿型冠心病 【诊断】 1. 发病特点 隐匿型冠心病（latent coronary heart disease）或无症状性冠心病是指没有心绞痛症状，但有心肌缺血客观证据的冠心病，其心肌缺血 ECG 表现可见于静息时，也可在负荷状态下才出现，常为动态 ECG 记录所发现，也可为各种影像学检查所证实。,diagnosis_differential|treatment
2026-07-08 09:16:41,冠心病、心肌病、心力衰竭、心律失常为优先验证集；通过后按同规则自动扩大到心血管内科其他疾病。,冠状动脉粥样硬化性心脏病,DIS-CARD-CAD-NSTEMI,非ST段抬高型心肌梗死,ready_for_review,overview_mention,82,NSTEMI,动脉粥样硬化和冠状动脉粥样硬化性心脏病 > 急性冠脉综合征,5120,5126,263,263,overview,textbook_core,急性冠脉综合征是一组由急性心肌缺血引起的临床综合征，主要包括不稳定型心绞痛（UA）、非ST 段抬高型心肌梗死（NSTEMI）和 ST 段抬高型心肌梗死（STEMI），冠心病猝死是特殊类型 ACS。,急性冠脉综合征是一组由急性心肌缺血引起的临床综合征，主要包括不稳定型心绞痛（UA）、非ST 段抬高型心肌梗死（NSTEMI）和 ST 段抬高型心肌梗死（STEMI），冠心病猝死是特殊类型 ACS。临床上将急性心肌梗死（acute myocardial infarction，AMI）分为 5 型：1 型是自发性 AMI，即原发冠脉不稳 定斑块发生破裂、糜烂或侵蚀继发血栓形成所致，最常见；2 型是存在继发因素导致的持续性供氧不能满足耗氧所需，例如冠脉痉挛、自发性夹层或壁内血肿等，以及栓塞和微血管疾病；3 型是冠心病猝死；4 型是与 PCI 相关；5 型是与 CABG 相关。,
2026-07-08 09:16:41,冠心病、心肌病、心力衰竭、心律失常为优先验证集；通过后按同规则自动扩大到心血管内科其他疾病。,心力衰竭,DIS-CARD-HF-BIVENTRICULAR,全心衰竭,needs_manual_anchor_review,body_mention,62,全心衰竭,心力衰竭 > 心力衰竭总论,3910,3965,207,207,overview,textbook_core,左心衰竭和右心衰竭同时存在即为全心衰竭。,左心衰竭和右心衰竭同时存在即为全心衰竭。,classification_risk|etiology|pathogenesis
2026-07-08 09:16:41,冠心病、心肌病、心力衰竭、心律失常为优先验证集；通过后按同规则自动扩大到心血管内科其他疾病。,心力衰竭,DIS-CARD-HF-RIGHT,右心衰竭,needs_manual_anchor_review,body_mention,62,右心衰竭,心力衰竭 > 心力衰竭总论,3910,3965,207,207,overview,textbook_core,左心衰竭和右心衰竭同时存在即为全心衰竭。,左心衰竭和右心衰竭同时存在即为全心衰竭。,classification_risk|etiology|pathogenesis
2026-07-08 09:16:41,冠心病、心肌病、心力衰竭、心律失常为优先验证集；通过后按同规则自动扩大到心血管内科其他疾病。,心力衰竭,DIS-CARD-HF-HFpEF,射血分数保留的心力衰竭,needs_manual_anchor_review,body_mention,62,射血分数保留,心力衰竭 > 心力衰竭总论,3910,3965,207,207,overview,textbook_core,LVEF≥50% 者称为射血分数保留型心衰（HF with preserved EF，HFpEF），通常存在充盈压升高、舒张功能受损的表现，既往被称为舒张性心衰。,LVEF≥50% 者称为射血分数保留型心衰（HF with preserved EF，HFpEF），通常存在充盈压升高、舒张功能受损的表现，既往被称为舒张性心衰。,classification_risk|etiology|pathogenesis
2026-07-08 09:16:41,冠心病、心肌病、心力衰竭、心律失常为优先验证集；通过后按同规则自动扩大到心血管内科其他疾病。,心力衰竭,DIS-CARD-HF-HFmrEF,射血分数轻度降低的心力衰竭,needs_manual_anchor_review,body_mention,62,射血分数轻度降低,心力衰竭 > 心力衰竭总论,3910,3965,207,207,overview,textbook_core,LVEF 为 41%～49% 者称为射血分数轻度降低型心衰（HF with mildly reduced EF，HFmrEF），以轻度收缩功能障碍为主。,LVEF 为 41%～49% 者称为射血分数轻度降低型心衰（HF with mildly reduced EF，HFmrEF），以轻度收缩功能障碍为主。,classification_risk|etiology|pathogenesis
2026-07-08 09:16:41,冠心病、心肌病、心力衰竭、心律失常为优先验证集；通过后按同规则自动扩大到心血管内科其他疾病。,心力衰竭,DIS-CARD-HF-HFrEF,射血分数降低的心力衰竭,needs_manual_anchor_review,body_mention,62,射血分数降低,心力衰竭 > 心力衰竭总论,3910,3965,207,207,overview,textbook_core,LVEF≤40% 者称为射血分数降低的心衰（HF with reduced EF，HFrEF），即传统概念中的收缩性心衰。,LVEF≤40% 者称为射血分数降低的心衰（HF with reduced EF，HFrEF），即传统概念中的收缩性心衰。,classification_risk|etiology|pathogenesis
2026-07-08 09:16:41,冠心病、心肌病、心力衰竭、心律失常为优先验证集；通过后按同规则自动扩大到心血管内科其他疾病。,心力衰竭,DIS-CARD-HF-LEFT,左心衰竭,needs_manual_anchor_review,body_mention,62,左心衰竭,心力衰竭 > 心力衰竭总论,3910,3965,207,207,overview,textbook_core,第一节 | 心力衰竭总论 【类型】 （一）按发生的部位分类 左心室代偿功能不全所致为左心衰竭，临床上较为常见。,第一节 | 心力衰竭总论 【类型】 （一）按发生的部位分类 左心室代偿功能不全所致为左心衰竭，临床上较为常见。,classification_risk|etiology|pathogenesis
2026-07-08 09:16:41,冠心病、心肌病、心力衰竭、心律失常为优先验证集；通过后按同规则自动扩大到心血管内科其他疾病。,心力衰竭,DIS-CARD-HF,心力衰竭,ready_for_import_after_sampling,exact_title,100,心力衰竭,心力衰竭 > 心力衰竭,3905,3909,207,207,overview,textbook_core,心力衰竭（heart failure，HF）是各种原因导致的心脏结构和 / 或功能异常，使心脏出现收缩和 / 或充盈障碍，在静息或运动时心排血量下降或心腔内压力增高而引起的一组复杂临床综合征，主要表现为活动耐量下降和液体潴留。,心力衰竭（heart failure，HF）是各种原因导致的心脏结构和 / 或功能异常，使心脏出现收缩和 / 或充盈障碍，在静息或运动时心排血量下降或心腔内压力增高而引起的一组复杂临床综合征，主要表现为活动耐量下降和液体潴留。心功能不全（cardiac dysfunction）是一个更广泛的概念，伴有临床症状的心功能不全称之为心力衰竭（简称心衰）。,
2026-07-08 09:16:41,冠心病、心肌病、心力衰竭、心律失常为优先验证集；通过后按同规则自动扩大到心血管内科其他疾病。,心力衰竭,DIS-CARD-HF-POST-MI,心肌梗死后心力衰竭,ready_for_review,overview_mention,82,心衰,心力衰竭 > 心力衰竭,3905,3909,207,207,overview,textbook_core,心功能不全（cardiac dysfunction）是一个更广泛的概念，伴有临床症状的心功能不全称之为心力衰竭（简称心衰）。,心力衰竭（heart failure，HF）是各种原因导致的心脏结构和 / 或功能异常，使心脏出现收缩和 / 或充盈障碍，在静息或运动时心排血量下降或心腔内压力增高而引起的一组复杂临床综合征，主要表现为活动耐量下降和液体潴留。心功能不全（cardiac dysfunction）是一个更广泛的概念，伴有临床症状的心功能不全称之为心力衰竭（简称心衰）。,
2026-07-08 09:16:41,冠心病、心肌病、心力衰竭、心律失常为优先验证集；通过后按同规则自动扩大到心血管内科其他疾病。,心力衰竭,DIS-CARD-HF-AHF,急性心力衰竭,ready_for_import_after_sampling,exact_title,100,急性心力衰竭,心力衰竭 > 急性心力衰竭,4119,4228,207,207,overview,textbook_core,急性心力衰竭（acute heart failure，AHF）是指心力衰竭急性发作和 / 或加重的一种临床综合征，可以是急性新发或慢性心衰急性失代偿。,急性心力衰竭（acute heart failure，AHF）是指心力衰竭急性发作和 / 或加重的一种临床综合征，可以是急性新发或慢性心衰急性失代偿。 新发急性心衰的常见病因包括急性心肌损害（如急性冠脉综合征和重症心肌炎等）和急性血流动力学障碍（如急性瓣膜功能障碍、高血压危象、严重心律失常和急性肺栓塞等）。,classification_risk|clinical_manifestation|diagnosis_differential|treatment
2026-07-08 09:16:41,冠心病、心肌病、心力衰竭、心律失常为优先验证集；通过后按同规则自动扩大到心血管内科其他疾病。,心力衰竭,DIS-CARD-HF-CHF,慢性心力衰竭,ready_for_review,exact_title,100,慢性心力衰竭,心力衰竭 > 慢性心力衰竭,3966,4118,207,207,overview,textbook_core,部分严重慢性心衰病人存在临床或亚临床营养不良，若出现大量体脂丢失或干重减轻称为心源性恶病质，往往提示预后不良。,部分严重慢性心衰病人存在临床或亚临床营养不良，若出现大量体脂丢失或干重减轻称为心源性恶病质，往往提示预后不良。,classification_risk|clinical_manifestation|diagnosis_differential|exam_lab|treatment|流行病学
2026-07-08 09:16:41,冠心病、心肌病、心力衰竭、心律失常为优先验证集；通过后按同规则自动扩大到心血管内科其他疾病。,心力衰竭,DIS-CARD-HF-DIALYSIS-CHF,透析患者慢性心力衰竭,needs_guideline_or_manual_source,no_textbook_anchor,0,,,,,,,,,,,
2026-07-08 09:16:41,冠心病、心肌病、心力衰竭、心律失常为优先验证集；通过后按同规则自动扩大到心血管内科其他疾病。,心律失常,DIS-CARD-ARR-BRUGADA,Brugada综合征,needs_manual_anchor_review,body_mention,62,Brugada,心律失常 > 概 述,4233,4313,221,221,overview,textbook_core,目前已明确的遗传性心律失常包括长 QT 间期综合征、短 QT 间期综合征、Brugada 综合征、儿茶酚胺敏感性室性心动过速、早期复极综合征等，部分心房颤动（如孤立性或家族性房颤）和预激综合征病人也具有基因突变位点。,目前已明确的遗传性心律失常包括长 QT 间期综合征、短 QT 间期综合征、Brugada 综合征、儿茶酚胺敏感性室性心动过速、早期复极综合征等，部分心房颤动（如孤立性或家族性房颤）和预激综合征病人也具有基因突变位点。,心律失常分类|心律失常发生机制|心律失常病因|心律失常的诊断|心脏传导系统
2026-07-08 09:16:41,冠心病、心肌病、心力衰竭、心律失常为优先验证集；通过后按同规则自动扩大到心血管内科其他疾病。,心律失常,DIS-CARD-ARR-AVB1,一度房室传导阻滞,ready_for_review,overview_mention,82,一度房室传导阻滞,心律失常 > 心脏传导阻滞 > 房室传导阻滞,4650,4689,228,228,overview,textbook_core,房室传导阻滞根据严重程度分为三度：一度房室传导阻滞的传导时间延长，但全部冲动仍能传导至心室。,房室传导阻滞（atrioventricular block）是指房室交界区脱离了生理不应期后，心房冲动传导延迟或不能传导至心室。房室传导阻滞可以发生在房室结、希氏束以及束支等不同的部位。房室传导阻滞根据严重程度分为三度：一度房室传导阻滞的传导时间延长，但全部冲动仍能传导至心室。二度房室传导阻滞又分为Ⅰ型（文氏阻滞）和Ⅱ型，Ⅰ型阻滞表现为传导时间进行性延长，直至一次冲动不能传导至心室；Ⅱ型阻滞表现为间歇出现的传导阻滞；两个及以上连续的冲动不能下传至心室，常称为高度房室传导阻滞。三度房室传导阻滞又称完全性房室传导阻滞，此时全部冲动不能被传导至心室，心房和心室的节律由各自独立的起搏点控制。,clinical_manifestation|etiology|treatment|心电图特征
2026-07-08 09:16:41,冠心病、心肌病、心力衰竭、心律失常为优先验证集；通过后按同规则自动扩大到心血管内科其他疾病。,心律失常,DIS-CARD-ARR-AVB3,三度房室传导阻滞,ready_for_review,overview_mention,82,三度房室传导阻滞,心律失常 > 心脏传导阻滞 > 房室传导阻滞,4650,4689,222,222,overview,textbook_core,三度房室传导阻滞又称完全性房室传导阻滞，此时全部冲动不能被传导至心室，心房和心室的节律由各自独立的起搏点控制。,房室传导阻滞（atrioventricular block）是指房室交界区脱离了生理不应期后，心房冲动传导延迟或不能传导至心室。房室传导阻滞可以发生在房室结、希氏束以及束支等不同的部位。房室传导阻滞根据严重程度分为三度：一度房室传导阻滞的传导时间延长，但全部冲动仍能传导至心室。二度房室传导阻滞又分为Ⅰ型（文氏阻滞）和Ⅱ型，Ⅰ型阻滞表现为传导时间进行性延长，直至一次冲动不能传导至心室；Ⅱ型阻滞表现为间歇出现的传导阻滞；两个及以上连续的冲动不能下传至心室，常称为高度房室传导阻滞。三度房室传导阻滞又称完全性房室传导阻滞，此时全部冲动不能被传导至心室，心房和心室的节律由各自独立的起搏点控制。,clinical_manifestation|etiology|treatment|心电图特征
2026-07-08 09:16:41,冠心病、心肌病、心力衰竭、心律失常为优先验证集；通过后按同规则自动扩大到心血管内科其他疾病。,心律失常,DIS-CARD-ARR-AVB2,二度房室传导阻滞,ready_for_review,overview_mention,82,二度房室传导阻滞,心律失常 > 心脏传导阻滞 > 房室传导阻滞,4650,4689,245,245,overview,textbook_core,二度房室传导阻滞又分为Ⅰ型（文氏阻滞）和Ⅱ型，Ⅰ型阻滞表现为传导时间进行性延长，直至一次冲动不能传导至心室；,房室传导阻滞（atrioventricular block）是指房室交界区脱离了生理不应期后，心房冲动传导延迟或不能传导至心室。房室传导阻滞可以发生在房室结、希氏束以及束支等不同的部位。房室传导阻滞根据严重程度分为三度：一度房室传导阻滞的传导时间延长，但全部冲动仍能传导至心室。二度房室传导阻滞又分为Ⅰ型（文氏阻滞）和Ⅱ型，Ⅰ型阻滞表现为传导时间进行性延长，直至一次冲动不能传导至心室；Ⅱ型阻滞表现为间歇出现的传导阻滞；两个及以上连续的冲动不能下传至心室，常称为高度房室传导阻滞。三度房室传导阻滞又称完全性房室传导阻滞，此时全部冲动不能被传导至心室，心房和心室的节律由各自独立的起搏点控制。,clinical_manifestation|etiology|treatment|心电图特征
2026-07-08 09:16:41,冠心病、心肌病、心力衰竭、心律失常为优先验证集；通过后按同规则自动扩大到心血管内科其他疾病。,心律失常,DIS-CARD-ARR-CPVT,儿茶酚胺敏感性多形性室性心动过速,needs_manual_anchor_review,body_mention,62,CPVT,心律失常 > 室性心律失常 > 心室扑动与心室颤动,4615,4641,244,244,overview,textbook_core,3. 儿茶酚胺敏感性室性心动过速（catecholaminergic polymorphic ventricular tachycardia，CPVT）是一种罕见的遗传性室速，病人常无明显的结构性心脏病。,3. 儿茶酚胺敏感性室性心动过速（catecholaminergic polymorphic ventricular tachycardia，CPVT）是一种罕见的遗传性室速，病人常无明显的结构性心脏病。,clinical_manifestation|心电图特征
2026-07-08 09:16:41,冠心病、心肌病、心力衰竭、心律失常为优先验证集；通过后按同规则自动扩大到心血管内科其他疾病。,心律失常,DIS-CARD-ARR-SVT,室上性心动过速,ready_for_review,overview_mention,82,室上性心动过速,心律失常 > 房室交界性心律失常 > 房室交界区相关的折返性心动过速,4476,4547,224,224,overview,textbook_core,房室交界区相关的折返性心动过速主要包括房室结折返性心动过速（atrioventricular nodal reentrant tachycardia，AVNRT）和房室折返性心动过速（atrioventricular reentrant tachycardia，AVRT）两大类，临床特征表现为规律而快速的心动过速，呈突然发作与终止，心电图多表现为 QRS 波群形态正常、 RR 间期规则的快速心律，故在临床上又统称为阵发性室上性心动过速（paroxysmal supraventricular tachycardia，PSVT），简称室上速。,房室交界区相关的折返性心动过速主要包括房室结折返性心动过速（atrioventricular nodal reentrant tachycardia，AVNRT）和房室折返性心动过速（atrioventricular reentrant tachycardia，AVRT）两大类，临床特征表现为规律而快速的心动过速，呈突然发作与终止，心电图多表现为 QRS 波群形态正常、 RR 间期规则的快速心律，故在临床上又统称为阵发性室上性心动过速（paroxysmal supraventricular tachycardia，PSVT），简称室上速。其共同的发生机制是折返，前者的折返环路位于房室结内；后者由房室交界区、旁道与心房、心室共同组成折返环路，与预激综合征密切相关。 房室结折返性心动过速,clinical_manifestation|etiology|treatment|心电图特征|心电生理检查
2026-07-08 09:16:41,冠心病、心肌病、心力衰竭、心律失常为优先验证集；通过后按同规则自动扩大到心血管内科其他疾病。,心律失常,DIS-CARD-ARR-VA,室性心律失常,needs_manual_anchor_review,exact_title,100,室性心律失常,心律失常 > 室性心律失常,4548,4549,224,224,overview,textbook_core,第五节 | 室性心律失常,第五节 | 室性心律失常,
2026-07-08 09:16:41,冠心病、心肌病、心力衰竭、心律失常为优先验证集；通过后按同规则自动扩大到心血管内科其他疾病。,心律失常,DIS-CARD-ARR-PVC,室性期前收缩,ready_for_import_after_sampling,exact_title,100,室性期前收缩,心律失常 > 室性心律失常 > 室性期前收缩,4550,4571,224,224,overview,textbook_core,室性期前收缩（premature ventricular beat）也称室性早搏，简称室早，是一种最常见的心律失常，指希氏束以下部位心室兴奋灶提前除极而产生的过早搏动。,室性期前收缩（premature ventricular beat）也称室性早搏，简称室早，是一种最常见的心律失常，指希氏束以下部位心室兴奋灶提前除极而产生的过早搏动。,clinical_manifestation|etiology|treatment|心电图特征
2026-07-08 09:16:41,冠心病、心肌病、心力衰竭、心律失常为优先验证集；通过后按同规则自动扩大到心血管内科其他疾病。,心律失常,DIS-CARD-ARR-TDP,尖端扭转型室性心动过速,needs_manual_anchor_review,body_mention,62,尖端扭转型室性心动过速,心律失常 > 室性心律失常 > 室性心动过速,4572,4614,242,242,overview,textbook_core,【特殊类型的室性心动过速】 1. 尖端扭转型室性心动过速（torsades de pointes，TdP） 是多形性室速的一个特殊类型，因发作时 QRS 波群的振幅与波峰呈周期性改变，宛如围绕等电位线连续扭转得名，频率 200～250 次 / 分。,【特殊类型的室性心动过速】 1. 尖端扭转型室性心动过速（torsades de pointes，TdP） 是多形性室速的一个特殊类型，因发作时 QRS 波群的振幅与波峰呈周期性改变，宛如围绕等电位线连续扭转得名，频率 200～250 次 / 分。,clinical_manifestation|etiology|treatment|心电图特征|心电生理检查|特殊类型的室性心动过速
2026-07-08 09:16:41,冠心病、心肌病、心力衰竭、心律失常为优先验证集；通过后按同规则自动扩大到心血管内科其他疾病。,心律失常,DIS-CARD-ARR-VF,心室扑动与心室颤动,ready_for_import_after_sampling,exact_title,100,心室扑动与心室颤动,心律失常 > 室性心律失常 > 心室扑动与心室颤动,4615,4641,221,221,overview,textbook_core,心室扑动（ventricular flutter，VF）与心室颤动（ventricular fibrillation，VF）简称室扑和室颤，为致死性心律失常。,心室扑动（ventricular flutter，VF）与心室颤动（ventricular fibrillation，VF）简称室扑和室颤，为致死性心律失常。最常见于冠心病和各种疾病的终末期。此外，抗心律失常药物，特别是引起 QT 间期延长与尖端扭转型室速的药物，以及严重缺氧缺血、预激综合征合并房颤时极快的心室率、电击伤等亦可引起。,clinical_manifestation|心电图特征
2026-07-08 09:16:41,冠心病、心肌病、心力衰竭、心律失常为优先验证集；通过后按同规则自动扩大到心血管内科其他疾病。,心律失常,DIS-CARD-ARR-AFL,心房扑动,ready_for_import_after_sampling,exact_title,100,心房扑动,心律失常 > 房性心律失常 > 心房扑动,4396,4408,222,222,overview,textbook_core,心房扑动（atrial flutter）简称房扑，是介于房速和房颤之间的快速型心律失常。,心房扑动（atrial flutter）简称房扑，是介于房速和房颤之间的快速型心律失常。健康者很少见，病人多伴有器质性心脏病。,clinical_manifestation|etiology|treatment|心电图特征
2026-07-08 09:16:41,冠心病、心肌病、心力衰竭、心律失常为优先验证集；通过后按同规则自动扩大到心血管内科其他疾病。,心律失常,DIS-CARD-ARR-AF,心房颤动,ready_for_import_after_sampling,exact_title,100,心房颤动,心律失常 > 房性心律失常 > 心房颤动,4409,4452,221,221,overview,textbook_core,心房颤动（atrial fibrillation，AF）简称房颤，是最常见的心律失常之一，是指规则有序的心房电活动丧失，代之以快速无序的颤动波，是最严重的心房电活动紊乱。,心房颤动（atrial fibrillation，AF）简称房颤，是最常见的心律失常之一，是指规则有序的心房电活动丧失，代之以快速无序的颤动波，是最严重的心房电活动紊乱。心房无序的颤动使之失去了有效的收缩与舒张，心房泵血功能恶化或丧失，加之房室结对快速心房激动的递减传导，引起心室极不规则的反应。因此，心室律（率）紊乱、心功能受损和心房附壁血栓形成是房颤病人的主要病理生理特点。 2004 年中国部分区域 30～85 岁人群的流行病学调查显示，我国房颤患病率约为 0.77%，≥80 岁人群中可高达 7.5%。2010 年，世界范围内房颤患病率约为 3%。,clinical_manifestation|etiology|treatment|分类|心电图特征
2026-07-08 09:16:41,冠心病、心肌病、心力衰竭、心律失常为优先验证集；通过后按同规则自动扩大到心血管内科其他疾病。,心律失常,DIS-CARD-ARR-AVB,房室传导阻滞,ready_for_import_after_sampling,exact_title,100,房室传导阻滞,心律失常 > 心脏传导阻滞 > 房室传导阻滞,4650,4689,222,222,overview,textbook_core,房室传导阻滞（atrioventricular block）是指房室交界区脱离了生理不应期后，心房冲动传导延迟或不能传导至心室。,房室传导阻滞（atrioventricular block）是指房室交界区脱离了生理不应期后，心房冲动传导延迟或不能传导至心室。房室传导阻滞可以发生在房室结、希氏束以及束支等不同的部位。房室传导阻滞根据严重程度分为三度：一度房室传导阻滞的传导时间延长，但全部冲动仍能传导至心室。二度房室传导阻滞又分为Ⅰ型（文氏阻滞）和Ⅱ型，Ⅰ型阻滞表现为传导时间进行性延长，直至一次冲动不能传导至心室；Ⅱ型阻滞表现为间歇出现的传导阻滞；两个及以上连续的冲动不能下传至心室，常称为高度房室传导阻滞。三度房室传导阻滞又称完全性房室传导阻滞，此时全部冲动不能被传导至心室，心房和心室的节律由各自独立的起搏点控制。,clinical_manifestation|etiology|treatment|心电图特征
2026-07-08 09:16:41,冠心病、心肌病、心力衰竭、心律失常为优先验证集；通过后按同规则自动扩大到心血管内科其他疾病。,心律失常,DIS-CARD-ARR-AVRT,房室折返性心动过速,ready_for_review,overview_mention,82,房室折返性心动过速,心律失常 > 房室交界性心律失常 > 房室交界区相关的折返性心动过速,4476,4547,223,223,overview,textbook_core,房室交界区相关的折返性心动过速主要包括房室结折返性心动过速（atrioventricular nodal reentrant tachycardia，AVNRT）和房室折返性心动过速（atrioventricular reentrant tachycardia，AVRT）两大类，临床特征表现为规律而快速的心动过速，呈突然发作与终止，心电图多表现为 QRS 波群形态正常、 RR 间期规则的快速心律，故在临床上又统称为阵发性室上性心动过速（paroxysmal supraventricular tachycardia，PSVT），简称室上速。,房室交界区相关的折返性心动过速主要包括房室结折返性心动过速（atrioventricular nodal reentrant tachycardia，AVNRT）和房室折返性心动过速（atrioventricular reentrant tachycardia，AVRT）两大类，临床特征表现为规律而快速的心动过速，呈突然发作与终止，心电图多表现为 QRS 波群形态正常、 RR 间期规则的快速心律，故在临床上又统称为阵发性室上性心动过速（paroxysmal supraventricular tachycardia，PSVT），简称室上速。其共同的发生机制是折返，前者的折返环路位于房室结内；后者由房室交界区、旁道与心房、心室共同组成折返环路，与预激综合征密切相关。 房室结折返性心动过速,clinical_manifestation|etiology|treatment|心电图特征|心电生理检查
2026-07-08 09:16:41,冠心病、心肌病、心力衰竭、心律失常为优先验证集；通过后按同规则自动扩大到心血管内科其他疾病。,心律失常,DIS-CARD-ARR-AVNRT,房室结折返性心动过速,ready_for_review,overview_mention,82,房室结折返性心动过速,心律失常 > 房室交界性心律失常 > 房室交界区相关的折返性心动过速,4476,4547,222,222,overview,textbook_core,房室交界区相关的折返性心动过速主要包括房室结折返性心动过速（atrioventricular nodal reentrant tachycardia，AVNRT）和房室折返性心动过速（atrioventricular reentrant tachycardia，AVRT）两大类，临床特征表现为规律而快速的心动过速，呈突然发作与终止，心电图多表现为 QRS 波群形态正常、 RR 间期规则的快速心律，故在临床上又统称为阵发性室上性心动过速（paroxysmal supraventricular tachycardia，PSVT），简称室上速。,房室交界区相关的折返性心动过速主要包括房室结折返性心动过速（atrioventricular nodal reentrant tachycardia，AVNRT）和房室折返性心动过速（atrioventricular reentrant tachycardia，AVRT）两大类，临床特征表现为规律而快速的心动过速，呈突然发作与终止，心电图多表现为 QRS 波群形态正常、 RR 间期规则的快速心律，故在临床上又统称为阵发性室上性心动过速（paroxysmal supraventricular tachycardia，PSVT），简称室上速。其共同的发生机制是折返，前者的折返环路位于房室结内；后者由房室交界区、旁道与心房、心室共同组成折返环路，与预激综合征密切相关。 房室结折返性心动过速,clinical_manifestation|etiology|treatment|心电图特征|心电生理检查
2026-07-08 09:16:41,冠心病、心肌病、心力衰竭、心律失常为优先验证集；通过后按同规则自动扩大到心血管内科其他疾病。,心律失常,DIS-CARD-ARR-AT,房性心动过速,ready_for_import_after_sampling,exact_title,100,房性心动过速,心律失常 > 房性心律失常 > 房性心动过速,4371,4395,224,224,overview,textbook_core,房性心动过速（atrial tachycardia）简称房速，指起源于心房且无需房室结参与维持的心动过速。,房性心动过速（atrial tachycardia）简称房速，指起源于心房且无需房室结参与维持的心动过速。 发生机制包括自律性增加、折返与触发活动。根据起源点不同，分为局灶性房性心动过速（focal atrial tachycardia）和多源性房性心动过速（multifocal atrial tachycardia），后者也称为紊乱性房性心动过速（chaotic atrial tachycardia），是严重肺部疾病常见的心律失常，最终可能发展为心房颤动。,clinical_manifestation|etiology|treatment|心电图特征
2026-07-08 09:16:41,冠心病、心肌病、心力衰竭、心律失常为优先验证集；通过后按同规则自动扩大到心血管内科其他疾病。,心律失常,DIS-CARD-ARR-VT,持续性室性心动过速,ready_for_import_after_sampling,exact_title,100,室性心动过速,心律失常 > 室性心律失常 > 室性心动过速,4572,4614,224,224,overview,textbook_core,室性心动过速（ventricular tachycardia，VT）简称室速，是起源于希氏束以下的特殊传导系统或者心室肌的连续 3 个或 3 个以上的异位心搏。,室性心动过速（ventricular tachycardia，VT）简称室速，是起源于希氏束以下的特殊传导系统或者心室肌的连续 3 个或 3 个以上的异位心搏。及时正确地判断和治疗室速具有非常重要的临床意义。,clinical_manifestation|etiology|treatment|心电图特征|心电生理检查|特殊类型的室性心动过速
2026-07-08 09:16:41,冠心病、心肌病、心力衰竭、心律失常为优先验证集；通过后按同规则自动扩大到心血管内科其他疾病。,心律失常,DIS-CARD-ARR-ERS,早期复极综合征,needs_manual_anchor_review,body_mention,62,早期复极综合征,心律失常 > 概 述,4233,4313,221,221,overview,textbook_core,目前已明确的遗传性心律失常包括长 QT 间期综合征、短 QT 间期综合征、Brugada 综合征、儿茶酚胺敏感性室性心动过速、早期复极综合征等，部分心房颤动（如孤立性或家族性房颤）和预激综合征病人也具有基因突变位点。,目前已明确的遗传性心律失常包括长 QT 间期综合征、短 QT 间期综合征、Brugada 综合征、儿茶酚胺敏感性室性心动过速、早期复极综合征等，部分心房颤动（如孤立性或家族性房颤）和预激综合征病人也具有基因突变位点。,心律失常分类|心律失常发生机制|心律失常病因|心律失常的诊断|心脏传导系统
2026-07-08 09:16:41,冠心病、心肌病、心力衰竭、心律失常为优先验证集；通过后按同规则自动扩大到心血管内科其他疾病。,心律失常,DIS-CARD-ARR-BBB,束支传导阻滞,ready_for_import_after_sampling,exact_title,100,室内传导阻滞,心律失常 > 心脏传导阻滞 > 室内传导阻滞,4690,4709,222,222,overview,textbook_core,室内传导阻滞（intraventricular block）是指希氏束以下部位的传导阻滞。,室内传导阻滞（intraventricular block）是指希氏束以下部位的传导阻滞。室内传导系统由右束支、左前分支和左后分支三部分组成。室内传导系统的病变可波及单支、双支或三支。 右束支传导阻滞较为常见，常无临床意义。左束支传导阻滞常发生于急性心肌梗死、心肌病、药物中毒等引起心肌弥漫性病变所致。左前分支阻滞较为常见，左后分支阻滞较为少见。 单支、双支阻滞通常无临床症状。偶可听到第一、第二心音分裂。完全性三分支传导阻滞的临床表现与完全性房室传导阻滞相同。,treatment|心电图特征
2026-07-08 09:16:41,冠心病、心肌病、心力衰竭、心律失常为优先验证集；通过后按同规则自动扩大到心血管内科其他疾病。,心律失常,DIS-CARD-ARR-SQTS,短QT间期综合征,needs_manual_anchor_review,body_mention,62,短 QT,心律失常 > 概 述,4233,4313,221,221,overview,textbook_core,目前已明确的遗传性心律失常包括长 QT 间期综合征、短 QT 间期综合征、Brugada 综合征、儿茶酚胺敏感性室性心动过速、早期复极综合征等，部分心房颤动（如孤立性或家族性房颤）和预激综合征病人也具有基因突变位点。,目前已明确的遗传性心律失常包括长 QT 间期综合征、短 QT 间期综合征、Brugada 综合征、儿茶酚胺敏感性室性心动过速、早期复极综合征等，部分心房颤动（如孤立性或家族性房颤）和预激综合征病人也具有基因突变位点。,心律失常分类|心律失常发生机制|心律失常病因|心律失常的诊断|心脏传导系统
2026-07-08 09:16:41,冠心病、心肌病、心力衰竭、心律失常为优先验证集；通过后按同规则自动扩大到心血管内科其他疾病。,心律失常,DIS-CARD-ARR-SB,窦性心动过缓,ready_for_import_after_sampling,exact_title,100,窦性心动过缓,心律失常 > 窦性心律失常 > 窦性心动过缓,4327,4341,222,222,overview,textbook_core,成人窦性心律的频率低于 60 次 / 分称为窦性心动过缓（sinus bradycardia）（图 3-3-5）。,成人窦性心律的频率低于 60 次 / 分称为窦性心动过缓（sinus bradycardia）（图 3-3-5）。窦性心动过缓常同时伴有窦性心律不齐（不同 PP 间期的差异＞0.12 秒）。窦性心动过缓常见于健康的青年人、运动员及睡眠状态；其他原因包括颅内疾病、严重缺氧、低温、甲状腺功能减退和血管迷走性晕厥等，以及应用拟胆碱药物、胺碘酮、β受体拮抗剂、非二氢吡啶类钙通道阻滞剂或洋地黄类等药物；窦房结病变和急性下壁心肌梗死亦常发生窦性心动过缓。无症状的窦性心动过缓通常无需治疗。如因心率过慢，出现心排血量不足症状如头晕、黑矇、乏力，可应用阿托品或异丙肾上腺素等药物，但长期应用往往效果不确定，易发生严重副作用，故应考虑心脏起搏治疗。 图 3-3-5 窦性心动过缓 Ⅱ导联的 P 波正向，PR 间期 0.18 秒，心率 48 次 / 分。 三、窦性停搏 窦性停搏或窦性静止（sinus pause or sinus arrest）是指窦房结不能产生冲动。心电图表现为在较正常 PP 间期显著长的间期内无 P 波发生，或 P 波与 QRS 波均不出现，长的 PP 间期与基本窦性 PP间期无倍数关系（图 3-3-6）。长时间的窦性停搏后，下位的潜在起搏点，如房室交界处或心室，可发出单个逸搏或逸搏性心律控制心室。窦性停搏多见于窦房结变性与纤维化、急性下壁心肌梗死、脑血管意外等病变以及迷走神经张力增高或颈动脉窦过敏；此外，应用洋地黄类药物、乙酰胆碱等亦可引起窦性停搏。过长时间的窦性停搏（ ＞3 秒）且无逸搏发生时，病人可出现黑矇、短暂意识障碍或晕厥，严重者可发生阿 - 斯（Adams-Stokes）综合征，甚至死亡。治疗可参照病态窦房结综合征。 图 3-3-6 窦性停搏伴室性逸搏 Ⅱ导联无窦性 P 波，最长 RR 间期 4.9 秒，QRS 波群宽大畸形，时间 0.12 秒。,
2026-07-08 09:16:41,冠心病、心肌病、心力衰竭、心律失常为优先验证集；通过后按同规则自动扩大到心血管内科其他疾病。,心律失常,DIS-CARD-ARR-SINUS,窦性心律失常,ready_for_import_after_sampling,exact_title,100,窦性心律失常,心律失常 > 窦性心律失常,4314,4320,222,222,overview,textbook_core,窦性心律失常是由于窦房结冲动发放频 率的异常或窦性冲动向心房的传导受阻所导致的心律失常。,正常窦性心律的冲动起源于窦房结，频率为 60～100 次 / 分。心电图显示窦性心律的 P 波在Ⅰ、 Ⅱ、aVF 导联直立，aVR 导联倒置；PR 间期为 0.12～0.20 秒。窦性心律失常是由于窦房结冲动发放频 率的异常或窦性冲动向心房的传导受阻所导致的心律失常。根据心电图及临床表现分为窦性心动过速、窦性心动过缓、窦性停搏、窦房传导阻滞以及病态窦房结综合征。,
2026-07-08 09:16:41,冠心病、心肌病、心力衰竭、心律失常为优先验证集；通过后按同规则自动扩大到心血管内科其他疾病。,心律失常,DIS-CARD-ARR-SAB,窦房传导阻滞,ready_for_import_after_sampling,exact_title,100,窦房传导阻滞,心律失常 > 窦性心律失常 > 窦房传导阻滞,4342,4346,222,222,overview,textbook_core,窦房传导阻滞（sinoatrial block，SAB）指窦房结冲动传导至心房时发生延缓或阻滞。,窦房传导阻滞（sinoatrial block，SAB）指窦房结冲动传导至心房时发生延缓或阻滞。理论上 SAB可分为三度，由于体表心电图不能显示窦房结电活动，因而通过体表心电图无法确定一度和三度窦房传导阻滞的诊断。二度窦房传导阻滞分为两型：莫氏（Mobitz）Ⅰ型即文氏（Wenckebach）阻滞，表现为 PP 间期进行性缩短，直至出现一次长 PP 间期，该长 PP 间期短于基本 PP 间期的两倍（图 3-3-7）；莫氏Ⅱ型阻滞时，长 PP 间期为基本 PP 间期的整倍数。窦房传导阻滞后可出现逸搏心律。窦房传导阻滞的病因及治疗参见病态窦房结综合征。 图 3-3-7 二度Ⅰ型窦房传导阻滞 Ⅱ导联可见窦性 PP 间期逐渐缩短，直至出现一次长 PP 间期，长的 PP 间期（1.47 秒）短于基本 PP间期（0.95 秒）的两倍。,
2026-07-08 09:16:41,冠心病、心肌病、心力衰竭、心律失常为优先验证集；通过后按同规则自动扩大到心血管内科其他疾病。,心律失常,DIS-CARD-ARR-SND,窦房结功能障碍,ready_for_import_after_sampling,exact_title,100,病态窦房结综合征,心律失常 > 窦性心律失常 > 病态窦房结综合征,4347,4360,225,225,overview,textbook_core,病态窦房结综合征（sick sinus syndrome，SSS）简称病窦综合征，是由窦房结病变导致功能减退，产生多种心律失常的综合表现。,病态窦房结综合征（sick sinus syndrome，SSS）简称病窦综合征，是由窦房结病变导致功能减退，产生多种心律失常的综合表现。病人可在不同时间出现一种以上的心律失常，常同时合并心房自律性异常，部分病人同时有房室传导功能障碍。,clinical_manifestation|etiology|treatment|心电图特征
2026-07-08 09:16:41,冠心病、心肌病、心力衰竭、心律失常为优先验证集；通过后按同规则自动扩大到心血管内科其他疾病。,心律失常,DIS-CARD-ARR-BRADY,缓慢性心律失常,needs_guideline_or_manual_source,no_textbook_anchor,0,,,,,,,,,,,
2026-07-08 09:16:41,冠心病、心肌病、心力衰竭、心律失常为优先验证集；通过后按同规则自动扩大到心血管内科其他疾病。,心律失常,DIS-CARD-ARR-LQTS,长QT间期综合征,ready_for_review,overview_mention,82,长 QT,心律失常 > 抗心律失常药物的合理应用,4710,4747,221,221,overview,textbook_core,大多数的致心律失常作用发生在开始治疗后数天或改变剂量时，较多表现为持续性室速、长 QT 间期与尖端扭转型室速。,抗心律失常药物治疗原则：①首先评估药物治疗的必要性，无器质性心脏病或无明显症状、不影响预后的心律失常，多不需要治疗。心律失常治疗主要目的是缓解症状或减少心律失常对心功能和心肌缺血的影响，不应以消灭或减少心律失常为主要目标。②要注意兼顾基础心脏病的治疗，去除病因和诱因，权衡心律失常治疗的重要性和紧迫性，要着重考虑可改善预后的综合治疗措施，如房颤的抗凝治疗。③正确选择抗心律失常的药物，对于急性及血流动力学不稳定的心律失常，重点考虑药物的有效性，尽快终止或改善心律失常，必要时联合电复律或临时起搏治疗；而慢性心律失常的长期治疗，需要考虑药物的安全性以及基础疾病药物治疗的协同性。④协调药物治疗与非药物治疗的兼顾。 ⑤注意抗心律失常药物的不良反应，包括对心功能的影响、致心律失常作用和对全身其他脏器和系统的不良作用。致心律失常作用的定义是抗心律失常药物治疗可能导致新的心律失常或使原有心律失常加重，发生率为 5%～10%；如充血性心力衰竭、已应用洋地黄类药物与利尿剂、QT 间期延长的病人在使用抗心律失常药物时更易发生致心律失常作用；大多数的致心律失常作用发生在开始治疗后数天或改变剂量时，较多表现为持续性室速、长 QT 间期与尖端扭转型室速。,抗心律失常药物|抗心律失常药物分类方法
2026-07-08 09:16:41,冠心病、心肌病、心力衰竭、心律失常为优先验证集；通过后按同规则自动扩大到心血管内科其他疾病。,心律失常,DIS-CARD-ARR-PSVT,阵发性室上性心动过速,ready_for_review,overview_mention,82,阵发性室上性心动过速,心律失常 > 房室交界性心律失常 > 房室交界区相关的折返性心动过速,4476,4547,235,235,overview,textbook_core,房室交界区相关的折返性心动过速主要包括房室结折返性心动过速（atrioventricular nodal reentrant tachycardia，AVNRT）和房室折返性心动过速（atrioventricular reentrant tachycardia，AVRT）两大类，临床特征表现为规律而快速的心动过速，呈突然发作与终止，心电图多表现为 QRS 波群形态正常、 RR 间期规则的快速心律，故在临床上又统称为阵发性室上性心动过速（paroxysmal supraventricular tachycardia，PSVT），简称室上速。,房室交界区相关的折返性心动过速主要包括房室结折返性心动过速（atrioventricular nodal reentrant tachycardia，AVNRT）和房室折返性心动过速（atrioventricular reentrant tachycardia，AVRT）两大类，临床特征表现为规律而快速的心动过速，呈突然发作与终止，心电图多表现为 QRS 波群形态正常、 RR 间期规则的快速心律，故在临床上又统称为阵发性室上性心动过速（paroxysmal supraventricular tachycardia，PSVT），简称室上速。其共同的发生机制是折返，前者的折返环路位于房室结内；后者由房室交界区、旁道与心房、心室共同组成折返环路，与预激综合征密切相关。 房室结折返性心动过速,clinical_manifestation|etiology|treatment|心电图特征|心电生理检查
2026-07-08 09:16:41,冠心病、心肌病、心力衰竭、心律失常为优先验证集；通过后按同规则自动扩大到心血管内科其他疾病。,心律失常,DIS-CARD-ARR-NSVT,非持续性室性心动过速,needs_guideline_or_manual_source,no_textbook_anchor,0,,,,,,,,,,,
2026-07-08 09:16:41,冠心病、心肌病、心力衰竭、心律失常为优先验证集；通过后按同规则自动扩大到心血管内科其他疾病。,心律失常,DIS-CARD-ARR-WPW,预激综合征,ready_for_review,overview_mention,82,预激综合征,心律失常 > 房室交界性心律失常 > 房室交界区相关的折返性心动过速,4476,4547,221,221,overview,textbook_core,后者由房室交界区、旁道与心房、心室共同组成折返环路，与预激综合征密切相关。,房室交界区相关的折返性心动过速主要包括房室结折返性心动过速（atrioventricular nodal reentrant tachycardia，AVNRT）和房室折返性心动过速（atrioventricular reentrant tachycardia，AVRT）两大类，临床特征表现为规律而快速的心动过速，呈突然发作与终止，心电图多表现为 QRS 波群形态正常、 RR 间期规则的快速心律，故在临床上又统称为阵发性室上性心动过速（paroxysmal supraventricular tachycardia，PSVT），简称室上速。其共同的发生机制是折返，前者的折返环路位于房室结内；后者由房室交界区、旁道与心房、心室共同组成折返环路，与预激综合征密切相关。 房室结折返性心动过速,clinical_manifestation|etiology|treatment|心电图特征|心电生理检查
2026-07-08 09:16:41,冠心病、心肌病、心力衰竭、心律失常为优先验证集；通过后按同规则自动扩大到心血管内科其他疾病。,心肌病,DIS-CARD-CM-ATRIAL,心房心肌病,needs_guideline_or_manual_source,no_textbook_anchor,0,,,,,,,,,,,
2026-07-08 09:16:41,冠心病、心肌病、心力衰竭、心律失常为优先验证集；通过后按同规则自动扩大到心血管内科其他疾病。,心肌病,DIS-CARD-CM-MYOCARDITIS,心肌炎,ready_for_import_after_sampling,exact_title,100,心肌炎,心肌疾病 > 心肌炎,5960,6066,309,309,overview,textbook_core,心肌炎（myocarditis）是指感染和非感染性心肌炎性疾病。,心肌炎（myocarditis）是指感染和非感染性心肌炎性疾病。感染性病原多为病毒，少数是细菌、真菌、立克次体、螺旋体、原虫等；非感染性病因包括理化、药物、过敏、免疫等。病毒性心肌炎（viral myocarditis，VM）是嗜心肌病毒感染引起的心肌炎症损伤。本节重点介绍 VM。,clinical_manifestation|diagnosis_differential|etiology|exam_lab|pathogenesis|treatment
2026-07-08 09:16:41,冠心病、心肌病、心力衰竭、心律失常为优先验证集；通过后按同规则自动扩大到心血管内科其他疾病。,心肌病,DIS-CARD-CM-DCM,扩张型心肌病,ready_for_import_after_sampling,exact_title,100,扩张型心肌病,心肌疾病 > 扩张型心肌病,5810,5874,306,306,overview,textbook_core,扩张型心肌病（dilated cardiomyopathy，DCM）是一类以左室或双心室扩大伴收缩功能障碍为特征的心肌病，且无法以负荷异常或心肌缺血等来解释。,扩张型心肌病（dilated cardiomyopathy，DCM）是一类以左室或双心室扩大伴收缩功能障碍为特征的心肌病，且无法以负荷异常或心肌缺血等来解释。本病发病率为 0.13‰～0.84‰，预后较差，确诊后 5 年和 10 年生存率分别约 50% 和 25%。,clinical_manifestation|diagnosis_differential|etiology|exam_lab|pathogenesis|treatment|病因明确的 DCM
2026-07-08 09:16:41,冠心病、心肌病、心力衰竭、心律失常为优先验证集；通过后按同规则自动扩大到心血管内科其他疾病。,心肌病,DIS-CARD-CM-FABRY,法布雷病心肌病,needs_manual_anchor_review,body_mention,62,Fabry,心肌疾病 > 肥厚型心肌病,5746,5809,308,308,overview,textbook_core,尚需除外较少见的全身性疾病引起的心肌肥厚，如淀粉样变、结节病、戈谢病、糖原贮积症、Fabry 病、Danon 病、血色病等。,尚需除外较少见的全身性疾病引起的心肌肥厚，如淀粉样变、结节病、戈谢病、糖原贮积症、Fabry 病、Danon 病、血色病等。,clinical_manifestation|diagnosis_differential|exam_lab|pathogenesis|treatment
2026-07-08 09:16:41,冠心病、心肌病、心力衰竭、心律失常为优先验证集；通过后按同规则自动扩大到心血管内科其他疾病。,心肌病,DIS-CARD-CM-AMYLOID,淀粉样变心肌病,needs_manual_anchor_review,body_mention,62,淀粉样变,心肌疾病 > 肥厚型心肌病,5746,5809,308,308,overview,textbook_core,尚需除外较少见的全身性疾病引起的心肌肥厚，如淀粉样变、结节病、戈谢病、糖原贮积症、Fabry 病、Danon 病、血色病等。,尚需除外较少见的全身性疾病引起的心肌肥厚，如淀粉样变、结节病、戈谢病、糖原贮积症、Fabry 病、Danon 病、血色病等。,clinical_manifestation|diagnosis_differential|exam_lab|pathogenesis|treatment
2026-07-08 09:16:41,冠心病、心肌病、心力衰竭、心律失常为优先验证集；通过后按同规则自动扩大到心血管内科其他疾病。,心肌病,DIS-CARD-CM-HCM,肥厚型心肌病,ready_for_import_after_sampling,exact_title,100,肥厚型心肌病,心肌疾病 > 肥厚型心肌病,5746,5809,306,306,overview,textbook_core,肥厚型心肌病（hypertrophic cardiomyopathy，HCM）是一类以左心室和 / 或右心室肥厚，伴舒张功能障碍为特征的心肌病，需排除继发于后负荷增加或系统性疾病的心肌肥厚。,肥厚型心肌病（hypertrophic cardiomyopathy，HCM）是一类以左心室和 / 或右心室肥厚，伴舒张功能障碍为特征的心肌病，需排除继发于后负荷增加或系统性疾病的心肌肥厚。HCM 发病率成人为2‰、儿童为 0.02～0.05‰，患病率为 0.29‰，临床表现差异大，部分病人以 SCD 为首发表现，是青少年和运动猝死的重要原因。,clinical_manifestation|diagnosis_differential|exam_lab|pathogenesis|treatment
2026-07-08 09:16:41,冠心病、心肌病、心力衰竭、心律失常为优先验证集；通过后按同规则自动扩大到心血管内科其他疾病。,心肌病,DIS-CARD-CM-ABVC,致心律失常性双心室心肌病,needs_guideline_or_manual_source,no_textbook_anchor,0,,,,,,,,,,,
2026-07-08 09:16:41,冠心病、心肌病、心力衰竭、心律失常为优先验证集；通过后按同规则自动扩大到心血管内科其他疾病。,心肌病,DIS-CARD-CM-ARVC,致心律失常性右心室心肌病,ready_for_import_after_sampling,exact_title,100,致心律失常性右心室心肌病,心肌疾病 > 致心律失常性右心室心肌病,5895,5928,306,306,overview,textbook_core,致心律失常性右心室心肌病（arrhythmogenic right ventricular cardiomyopathy，ARVC）是以进展性右心室心肌萎缩并被纤维或 / 和脂肪替代为特征的心肌疾病。,致心律失常性右心室心肌病（arrhythmogenic right ventricular cardiomyopathy，ARVC）是以进展性右心室心肌萎缩并被纤维或 / 和脂肪替代为特征的心肌疾病。本病发病率为 0.2‰～1.0‰，男性易患，多在 30 岁左右发病，预后差。,clinical_manifestation|diagnosis_differential|exam_lab|pathogenesis|treatment
2026-07-08 09:16:41,冠心病、心肌病、心力衰竭、心律失常为优先验证集；通过后按同规则自动扩大到心血管内科其他疾病。,心肌病,DIS-CARD-CM-ALVC,致心律失常性左心室心肌病,needs_guideline_or_manual_source,no_textbook_anchor,0,,,,,,,,,,,
2026-07-08 09:16:41,冠心病、心肌病、心力衰竭、心律失常为优先验证集；通过后按同规则自动扩大到心血管内科其他疾病。,心肌病,DIS-CARD-CM-ACM,致心律失常性心肌病,needs_guideline_or_manual_source,no_textbook_anchor,0,,,,,,,,,,,
2026-07-08 09:16:41,冠心病、心肌病、心力衰竭、心律失常为优先验证集；通过后按同规则自动扩大到心血管内科其他疾病。,心肌病,DIS-CARD-CM-RCM,限制型心肌病,ready_for_import_after_sampling,exact_title,100,限制型心肌病,心肌疾病 > 限制型心肌病,5929,5959,306,306,overview,textbook_core,限制型心肌病（restrictive cardiomyopathy，RCM）是一组以限制性心室充盈障碍为特征的混合性心肌病，其预后较差，5 年生存期仅约 30%。,限制型心肌病（restrictive cardiomyopathy，RCM）是一组以限制性心室充盈障碍为特征的混合性心肌病，其预后较差，5 年生存期仅约 30%。,clinical_manifestation|diagnosis_differential|etiology|exam_lab|treatment|病理改变与病理生理
2026-07-08 09:16:41,冠心病、心肌病、心力衰竭、心律失常为优先验证集；通过后按同规则自动扩大到心血管内科其他疾病。,心肌病,DIS-CARD-CM-NDLVCM,非扩张型左心室心肌病,ready_for_import_after_sampling,exact_title,100,非扩张型左心室心肌病,心肌疾病 > 非扩张型左心室心肌病,5875,5894,306,306,overview,textbook_core,非扩张型左心室心肌病（non-dilated left ventricular cardiomyopathy，NDLVC）是指在无左心室扩张情况下，左心室存在着非缺血性瘢痕或脂肪替代，伴或不伴整体或局部室壁运动异常；,非扩张型左心室心肌病（non-dilated left ventricular cardiomyopathy，NDLVC）是指在无左心室扩张情况下，左心室存在着非缺血性瘢痕或脂肪替代，伴或不伴整体或局部室壁运动异常；这些心肌病变仅由负荷异常或心肌缺血无法解释。,clinical_manifestation|diagnosis_differential|exam_lab|pathogenesis|treatment
2026-07-08 09:16:41,冠心病、心肌病、心力衰竭、心律失常为优先验证集；通过后按同规则自动扩大到心血管内科其他疾病。,心脏骤停与心脏性猝死;心律失常,DIS-CARD-SCD-SUDDEN,心脏性猝死,needs_manual_anchor_review,body_mention,62,心脏性猝死,心律失常 > 概 述,4233,4313,221,221,overview,textbook_core,③判断预后：通过电刺激确定病人是否易于诱发室性心动过速、有无发生心脏性猝死的危险。,③判断预后：通过电刺激确定病人是否易于诱发室性心动过速、有无发生心脏性猝死的危险。,心律失常分类|心律失常发生机制|心律失常病因|心律失常的诊断|心脏传导系统
2026-07-08 09:16:41,冠心病、心肌病、心力衰竭、心律失常为优先验证集；通过后按同规则自动扩大到心血管内科其他疾病。,心脏骤停与心脏性猝死;心律失常,DIS-CARD-SCD-ARREST,心脏骤停,needs_guideline_or_manual_source,no_textbook_anchor,0,,,,,,,,,,,
