scope,disease_code,disease,plan_code,plan_name,relation,target_code,target_name,status
心律失常,DIS-CARD-ARR-AF,心房颤动,PLAN-CARD-0315A5E784A6,心房颤动治疗方案,includes_medication,MED-AMIODARONE,胺碘酮,linked
心律失常,DIS-CARD-ARR-AF,心房颤动,PLAN-CARD-0315A5E784A6,心房颤动治疗方案,includes_medication,MED-NDHP-CCB,非二氢吡啶类钙通道阻滞剂,linked
心律失常,DIS-CARD-ARR-AF,心房颤动,PLAN-CARD-0315A5E784A6,心房颤动治疗方案,includes_medication,MED-CARD-7717331EF136,肝素,linked
心律失常,DIS-CARD-ARR-AF,心房颤动,PLAN-CARD-0315A5E784A6,心房颤动治疗方案,includes_medication,CARD-SKELETON-20260709-MEDICATION-DDAA1C07D618EDC7,β受体拮抗剂,linked
心律失常,DIS-CARD-ARR-AF,心房颤动,PLAN-CARD-0315A5E784A6,心房颤动治疗方案,includes_medication,MED-CARD-FC4A5B5D6C12,阿哌沙班,linked
心律失常,DIS-CARD-ARR-AF,心房颤动,PLAN-CARD-0315A5E784A6,心房颤动治疗方案,includes_medication,MED-CARD-A0C92B8EA7C4,艾多沙班,linked
心律失常,DIS-CARD-ARR-AF,心房颤动,PLAN-CARD-0315A5E784A6,心房颤动治疗方案,includes_medication,MED-CARD-C685CE7163F5,维拉帕米,linked
心律失常,DIS-CARD-ARR-AF,心房颤动,PLAN-CARD-0315A5E784A6,心房颤动治疗方案,includes_medication,MED-CARD-A49408D27901,普通肝素,linked
心律失常,DIS-CARD-ARR-AF,心房颤动,PLAN-CARD-0315A5E784A6,心房颤动治疗方案,includes_medication,MED-CARD-62498B0FBDC2,地高辛,linked
心律失常,DIS-CARD-ARR-AF,心房颤动,PLAN-CARD-0315A5E784A6,心房颤动治疗方案,includes_medication,MED-CARD-0401DB9741D8,地尔硫卓,linked
心律失常,DIS-CARD-ARR-AF,心房颤动,PLAN-CARD-0315A5E784A6,心房颤动治疗方案,includes_medication,MED-CARD-81B5F958C0F3,华法林,linked
心律失常,DIS-CARD-ARR-AF,心房颤动,PLAN-CARD-0315A5E784A6,心房颤动治疗方案,includes_medication,MED-CARD-38524B4E5194,利伐沙班,linked
心律失常,DIS-CARD-ARR-AF,心房颤动,PLAN-CARD-0315A5E784A6,心房颤动治疗方案,includes_medication,MED-CARD-9F606AC80BFD,阿司匹林,linked
心律失常,DIS-CARD-ARR-AF,心房颤动,PLAN-CARD-0315A5E784A6,心房颤动治疗方案,includes_medication,MED-CARD-02BB82DF8F9A,低分子肝素,linked
心律失常,DIS-CARD-ARR-AF,心房颤动,PLAN-CARD-0315A5E784A6,心房颤动治疗方案,includes_medication,MED-CARD-66202C12C872,氟卡尼,linked
心律失常,DIS-CARD-ARR-AF,心房颤动,PLAN-CARD-0315A5E784A6,心房颤动治疗方案,includes_medication,MED-CARD-F50DC811465A,索他洛尔,linked
心律失常,DIS-CARD-ARR-AF,心房颤动,PLAN-CARD-0315A5E784A6,心房颤动治疗方案,includes_medication,MED-CARD-68E5765B76ED,达比加群酯,linked
心律失常,DIS-CARD-ARR-AF,心房颤动,PLAN-CARD-0315A5E784A6,心房颤动治疗方案,includes_medication,MED-BETA-BLOCKER,β受体阻滞剂,linked
心律失常,DIS-CARD-ARR-AF,心房颤动,PLAN-CARD-0315A5E784A6,心房颤动治疗方案,includes_medication,MED-CARD-0D88ECB6525C,普罗帕酮,linked
心律失常,DIS-CARD-ARR-AF,心房颤动,PLAN-CARD-0315A5E784A6,心房颤动治疗方案,includes_medication,MED-CARD-0E77096BF3B6,决奈达隆,linked
心律失常,DIS-CARD-ARR-AF,心房颤动,PLAN-CARD-0315A5E784A6,心房颤动治疗方案,includes_medication,MED-CARD-EAA01CFD434E,氯吡格雷,linked
心律失常,DIS-CARD-ARR-AF,心房颤动,PLAN-CARD-0315A5E784A6,心房颤动治疗方案,includes_medication,MED-CARD-TEXT-D07193A49C,溶栓药物,linked
心律失常,DIS-CARD-ARR-AF,心房颤动,PLAN-CARD-0315A5E784A6,心房颤动治疗方案,includes_medication,MED-CARD-TEXT-4E1713BBBA,醛固酮受体拮抗剂,linked
心律失常,DIS-CARD-ARR-AF,心房颤动,PLAN-CARD-0315A5E784A6,心房颤动治疗方案,includes_medication,MED-CARD-TEXT-28E925C6DE,钙通道阻滞剂,linked
心律失常,DIS-CARD-ARR-AF,心房颤动,PLAN-CARD-0315A5E784A6,心房颤动治疗方案,includes_medication,MED-CARD-E40082221530,血管紧张素转换酶抑制剂,linked
心律失常,DIS-CARD-ARR-AF,心房颤动,PLAN-CARD-0315A5E784A6,心房颤动治疗方案,includes_medication,MED-CARD-55157DA54154,硝酸酯类药物,linked
心律失常,DIS-CARD-ARR-AF,心房颤动,PLAN-CARD-0315A5E784A6,心房颤动治疗方案,includes_medication,MED-CARD-TEXT-4E798D0AB2,抗血小板药物,linked
心律失常,DIS-CARD-ARR-AF,心房颤动,PLAN-CARD-0315A5E784A6,心房颤动治疗方案,includes_medication,MED-CARD-DAE0F0B68F1D,他汀类药物,linked
心律失常,DIS-CARD-ARR-AF,心房颤动,PLAN-CARD-0315A5E784A6,心房颤动治疗方案,includes_medication,MED-CARD-TEXT-EE219280A7,抗凝药物,linked
心律失常,DIS-CARD-ARR-AF,心房颤动,PLAN-CARD-0315A5E784A6,心房颤动治疗方案,includes_medication,MED-CARD-TEXT-B905AF3E59,血管紧张素Ⅱ受体拮抗剂,linked
心律失常,DIS-CARD-ARR-AF,心房颤动,PLAN-CARD-0315A5E784A6,心房颤动治疗方案,includes_medication,MED-CARD-TEXT-93710567D3,洋地黄类药物,linked
心律失常,DIS-CARD-ARR-AF,心房颤动,PLAN-CARD-0315A5E784A6,心房颤动治疗方案,includes_medication,MED-DIURETIC,利尿剂,linked
心律失常,DIS-CARD-ARR-AF,心房颤动,PLAN-CARD-0315A5E784A6,心房颤动治疗方案,includes_procedure,PROC-CARD-E9ADC25A25E3,经皮冠状动脉介入治疗,linked
心律失常,DIS-CARD-ARR-AF,心房颤动,PLAN-CARD-0315A5E784A6,心房颤动治疗方案,includes_procedure,PROC-CARD-BA093052CBC6,导管消融,linked
心律失常,DIS-CARD-ARR-AF,心房颤动,PLAN-CARD-0315A5E784A6,心房颤动治疗方案,includes_procedure,CARD-SKELETON-20260709-PROCEDURE-FA9CF9F5BBDD3E3D,外科手术,linked
心律失常,DIS-CARD-ARR-AF,心房颤动,PLAN-CARD-0315A5E784A6,心房颤动治疗方案,includes_procedure,CARD-SKELETON-20260709-PROCEDURE-3B8C0A206F202C65,起搏器,linked
心律失常,DIS-CARD-ARR-AF,心房颤动,PLAN-CARD-0315A5E784A6,心房颤动治疗方案,includes_procedure,PROC-CARD-8BAC32B2612E,电复律,linked
心律失常,DIS-CARD-ARR-AF,心房颤动,PLAN-CARD-0315A5E784A6,心房颤动治疗方案,includes_procedure,PROC-CARD-1AB2CA8618BF,外科迷宫手术,linked
心律失常,DIS-CARD-ARR-AF,心房颤动,PLAN-CARD-0315A5E784A6,心房颤动治疗方案,includes_procedure,PROC-CARD-D9D7DDE63DCF,肺静脉隔离,linked
心律失常,DIS-CARD-ARR-AF,心房颤动,PLAN-CARD-0315A5E784A6,心房颤动治疗方案,includes_procedure,PROC-CARD-E8BB6CCDC727,房室结消融,linked
心律失常,DIS-CARD-ARR-AF,心房颤动,PLAN-CARD-0315A5E784A6,心房颤动治疗方案,includes_procedure,PROC-CARD-A89DB5C678D2,房颤导管消融,linked
心律失常,DIS-CARD-ARR-AF,心房颤动,PLAN-CARD-0315A5E784A6,心房颤动治疗方案,includes_procedure,PROC-CARD-0E182AB7B3BC,左心耳封堵术,linked
心律失常,DIS-CARD-ARR-AF,心房颤动,PLAN-CARD-0315A5E784A6,心房颤动治疗方案,includes_procedure,PROC-HEART-TRANSPLANT,心脏移植,linked
心律失常,DIS-CARD-ARR-AF,心房颤动,PLAN-CARD-0315A5E784A6,心房颤动治疗方案,includes_procedure,PROC-CARD-TEXT-23F5CDA89B,起搏器植入,linked
心律失常,DIS-CARD-ARR-AF,心房颤动,PLAN-CARD-0315A5E784A6,心房颤动治疗方案,includes_procedure,PROC-CARD-TEXT-84551F84B4,射频消融术,linked
心律失常,DIS-CARD-ARR-AF,心房颤动,PLAN-CARD-0315A5E784A6,心房颤动治疗方案,includes_procedure,PROC-CARD-TEXT-6248D2A735,瓣膜置换术,linked
心律失常,DIS-CARD-ARR-AF,心房颤动,PLAN-CARD-0315A5E784A6,心房颤动治疗方案,includes_procedure,PROC-CARD-TEXT-D2C1F9E289,心脏再同步治疗,linked
心律失常,DIS-CARD-ARR-AF,心房颤动,PLAN-CARD-0315A5E784A6,心房颤动治疗方案,has_treatment_component,PLAN-CARD-TEXT-EEF9C97B59,血运重建,linked
心律失常,DIS-CARD-ARR-AF,心房颤动,PLAN-CARD-0315A5E784A6,心房颤动治疗方案,has_treatment_component,PLAN-CARD-8648D7D7CF5C,左心耳封堵,linked
心律失常,DIS-CARD-ARR-AF,心房颤动,PLAN-CARD-0315A5E784A6,心房颤动治疗方案,has_treatment_component,PLAN-CARD-946E8629999F,心室率控制,linked
心律失常,DIS-CARD-ARR-AF,心房颤动,PLAN-CARD-0315A5E784A6,心房颤动治疗方案,has_treatment_component,PLAN-CARD-0C511F6A9FF0,综合危险因素管理,linked
心律失常,DIS-CARD-ARR-AFL,心房扑动,PLAN-CARD-85C337BCB2D5,心房扑动治疗方案,includes_medication,MED-AMIODARONE,胺碘酮,linked
心律失常,DIS-CARD-ARR-AFL,心房扑动,PLAN-CARD-85C337BCB2D5,心房扑动治疗方案,includes_medication,MED-NDHP-CCB,非二氢吡啶类钙通道阻滞剂,linked
心律失常,DIS-CARD-ARR-AFL,心房扑动,PLAN-CARD-85C337BCB2D5,心房扑动治疗方案,includes_medication,MED-CARD-62498B0FBDC2,地高辛,linked
心律失常,DIS-CARD-ARR-AFL,心房扑动,PLAN-CARD-85C337BCB2D5,心房扑动治疗方案,includes_medication,CARD-SKELETON-20260709-MEDICATION-DDAA1C07D618EDC7,β受体拮抗剂,linked
心律失常,DIS-CARD-ARR-AFL,心房扑动,PLAN-CARD-85C337BCB2D5,心房扑动治疗方案,includes_medication,MED-CARD-C685CE7163F5,维拉帕米,linked
心律失常,DIS-CARD-ARR-AFL,心房扑动,PLAN-CARD-85C337BCB2D5,心房扑动治疗方案,includes_medication,MED-CARD-0D88ECB6525C,普罗帕酮,linked
心律失常,DIS-CARD-ARR-AFL,心房扑动,PLAN-CARD-85C337BCB2D5,心房扑动治疗方案,includes_medication,MED-CARD-75C23ADDCA3A,伊布利特,linked
心律失常,DIS-CARD-ARR-AFL,心房扑动,PLAN-CARD-85C337BCB2D5,心房扑动治疗方案,includes_medication,MED-BETA-BLOCKER,β受体阻滞剂,linked
心律失常,DIS-CARD-ARR-AFL,心房扑动,PLAN-CARD-85C337BCB2D5,心房扑动治疗方案,includes_medication,MED-CARD-33087B86B32A,腺苷,linked
心律失常,DIS-CARD-ARR-AFL,心房扑动,PLAN-CARD-85C337BCB2D5,心房扑动治疗方案,includes_medication,MED-CARD-TEXT-EE219280A7,抗凝药物,linked
心律失常,DIS-CARD-ARR-AFL,心房扑动,PLAN-CARD-85C337BCB2D5,心房扑动治疗方案,includes_medication,MED-DIURETIC,利尿剂,linked
心律失常,DIS-CARD-ARR-AFL,心房扑动,PLAN-CARD-85C337BCB2D5,心房扑动治疗方案,includes_medication,MED-CARD-E40082221530,血管紧张素转换酶抑制剂,linked
心律失常,DIS-CARD-ARR-AFL,心房扑动,PLAN-CARD-85C337BCB2D5,心房扑动治疗方案,includes_medication,MED-CARD-TEXT-B905AF3E59,血管紧张素Ⅱ受体拮抗剂,linked
心律失常,DIS-CARD-ARR-AFL,心房扑动,PLAN-CARD-85C337BCB2D5,心房扑动治疗方案,includes_medication,MED-CARD-TEXT-28E925C6DE,钙通道阻滞剂,linked
心律失常,DIS-CARD-ARR-AFL,心房扑动,PLAN-CARD-85C337BCB2D5,心房扑动治疗方案,includes_medication,MED-CARD-TEXT-93710567D3,洋地黄类药物,linked
心律失常,DIS-CARD-ARR-AFL,心房扑动,PLAN-CARD-85C337BCB2D5,心房扑动治疗方案,includes_procedure,PROC-CARD-TEXT-84551F84B4,射频消融术,linked
心律失常,DIS-CARD-ARR-AFL,心房扑动,PLAN-CARD-85C337BCB2D5,心房扑动治疗方案,includes_procedure,PROC-CARD-BA093052CBC6,导管消融,linked
心律失常,DIS-CARD-ARR-AFL,心房扑动,PLAN-CARD-85C337BCB2D5,心房扑动治疗方案,includes_procedure,PROC-CARD-8BAC32B2612E,电复律,linked
心律失常,DIS-CARD-ARR-AFL,心房扑动,PLAN-CARD-85C337BCB2D5,心房扑动治疗方案,includes_procedure,PROC-CARD-69A311F01D4B,三尖瓣环峡部消融,linked
心律失常,DIS-CARD-ARR-AFL,心房扑动,PLAN-CARD-85C337BCB2D5,心房扑动治疗方案,includes_procedure,PROC-CARD-7FD747D740F0,同步直流电复律,linked
心律失常,DIS-CARD-ARR-AFL,心房扑动,PLAN-CARD-85C337BCB2D5,心房扑动治疗方案,includes_procedure,PROC-CARD-4777F9B8D8F3,射频导管消融,linked
心律失常,DIS-CARD-ARR-AFL,心房扑动,PLAN-CARD-85C337BCB2D5,心房扑动治疗方案,includes_procedure,PROC-CARD-E9ADC25A25E3,经皮冠状动脉介入治疗,linked
心律失常,DIS-CARD-ARR-AFL,心房扑动,PLAN-CARD-85C337BCB2D5,心房扑动治疗方案,includes_procedure,PROC-CARD-TEXT-23F5CDA89B,起搏器植入,linked
心律失常,DIS-CARD-ARR-AFL,心房扑动,PLAN-CARD-85C337BCB2D5,心房扑动治疗方案,includes_procedure,PROC-CARD-TEXT-6248D2A735,瓣膜置换术,linked
心律失常,DIS-CARD-ARR-AFL,心房扑动,PLAN-CARD-85C337BCB2D5,心房扑动治疗方案,has_treatment_component,PLAN-CARD-A1C4E6332D38,抗凝治疗,linked
心律失常,DIS-CARD-ARR-AFL,心房扑动,PLAN-CARD-85C337BCB2D5,心房扑动治疗方案,has_treatment_component,PLAN-CARD-TEXT-7CC38FBA6F,复律治疗,linked
心律失常,DIS-CARD-ARR-AFL,心房扑动,PLAN-CARD-85C337BCB2D5,心房扑动治疗方案,has_treatment_component,PLAN-CARD-108E680ADD4F,同步电复律,linked
心律失常,DIS-CARD-ARR-AFL,心房扑动,PLAN-CARD-85C337BCB2D5,心房扑动治疗方案,has_treatment_component,PLAN-CARD-5C9E41087192,导管消融,linked
心律失常,DIS-CARD-ARR-AT,房性心动过速,PLAN-CARD-6C7D6A045FA6,房性心动过速治疗方案,includes_medication,MED-AMIODARONE,胺碘酮,linked
心律失常,DIS-CARD-ARR-AT,房性心动过速,PLAN-CARD-6C7D6A045FA6,房性心动过速治疗方案,includes_medication,MED-NDHP-CCB,非二氢吡啶类钙通道阻滞剂,linked
心律失常,DIS-CARD-ARR-AT,房性心动过速,PLAN-CARD-6C7D6A045FA6,房性心动过速治疗方案,includes_medication,CARD-SKELETON-20260709-MEDICATION-DDAA1C07D618EDC7,β受体拮抗剂,linked
心律失常,DIS-CARD-ARR-AT,房性心动过速,PLAN-CARD-6C7D6A045FA6,房性心动过速治疗方案,includes_medication,MED-CARD-C685CE7163F5,维拉帕米,linked
心律失常,DIS-CARD-ARR-AT,房性心动过速,PLAN-CARD-6C7D6A045FA6,房性心动过速治疗方案,includes_medication,MED-CARD-75C23ADDCA3A,伊布利特,linked
心律失常,DIS-CARD-ARR-AT,房性心动过速,PLAN-CARD-6C7D6A045FA6,房性心动过速治疗方案,includes_medication,MED-BETA-BLOCKER,β受体阻滞剂,linked
心律失常,DIS-CARD-ARR-AT,房性心动过速,PLAN-CARD-6C7D6A045FA6,房性心动过速治疗方案,includes_medication,MED-CARD-33087B86B32A,腺苷,linked
心律失常,DIS-CARD-ARR-AT,房性心动过速,PLAN-CARD-6C7D6A045FA6,房性心动过速治疗方案,includes_medication,MED-CARD-0D88ECB6525C,普罗帕酮,linked
心律失常,DIS-CARD-ARR-AT,房性心动过速,PLAN-CARD-6C7D6A045FA6,房性心动过速治疗方案,includes_medication,MED-CARD-TEXT-28E925C6DE,钙通道阻滞剂,linked
心律失常,DIS-CARD-ARR-AT,房性心动过速,PLAN-CARD-6C7D6A045FA6,房性心动过速治疗方案,includes_medication,MED-CARD-TEXT-93710567D3,洋地黄类药物,linked
心律失常,DIS-CARD-ARR-AT,房性心动过速,PLAN-CARD-6C7D6A045FA6,房性心动过速治疗方案,includes_procedure,PROC-CARD-TEXT-84551F84B4,射频消融术,linked
心律失常,DIS-CARD-ARR-AT,房性心动过速,PLAN-CARD-6C7D6A045FA6,房性心动过速治疗方案,includes_procedure,PROC-CARD-BA093052CBC6,导管消融,linked
心律失常,DIS-CARD-ARR-AT,房性心动过速,PLAN-CARD-6C7D6A045FA6,房性心动过速治疗方案,includes_procedure,PROC-CARD-8BAC32B2612E,电复律,linked
心律失常,DIS-CARD-ARR-AT,房性心动过速,PLAN-CARD-6C7D6A045FA6,房性心动过速治疗方案,includes_procedure,CARD-SKELETON-20260709-PROCEDURE-3B8C0A206F202C65,起搏器,linked
心律失常,DIS-CARD-ARR-AT,房性心动过速,PLAN-CARD-6C7D6A045FA6,房性心动过速治疗方案,includes_procedure,PROC-CARD-4777F9B8D8F3,射频导管消融,linked
心律失常,DIS-CARD-ARR-AT,房性心动过速,PLAN-CARD-6C7D6A045FA6,房性心动过速治疗方案,includes_procedure,PROC-CARD-7FD747D740F0,同步直流电复律,linked
心律失常,DIS-CARD-ARR-AT,房性心动过速,PLAN-CARD-6C7D6A045FA6,房性心动过速治疗方案,includes_procedure,PROC-CARD-69A311F01D4B,三尖瓣环峡部消融,linked
心律失常,DIS-CARD-ARR-AT,房性心动过速,PLAN-CARD-6C7D6A045FA6,房性心动过速治疗方案,has_treatment_component,PLAN-CARD-TEXT-655F4B37BC,控制心室率,linked
心律失常,DIS-CARD-ARR-AT,房性心动过速,PLAN-CARD-6C7D6A045FA6,房性心动过速治疗方案,has_treatment_component,PLAN-CARD-5C9E41087192,导管消融,linked
心律失常,DIS-CARD-ARR-AT,房性心动过速,PLAN-CARD-6C7D6A045FA6,房性心动过速治疗方案,has_treatment_component,PLAN-CARD-108E680ADD4F,同步电复律,linked
心律失常,DIS-CARD-ARR-AT,房性心动过速,PLAN-CARD-6C7D6A045FA6,房性心动过速治疗方案,has_treatment_component,PLAN-CARD-A1C4E6332D38,抗凝治疗,linked
心律失常,DIS-CARD-ARR-AVB,房室传导阻滞,CARD-SKELETON-FULL-20260709-TREATMENTPLAN-D355EC5DA6033AF6,也可见于电解质紊乱（如高钾血症）、药物中毒（如洋地黄中毒）及心脏手术损伤（心脏瓣膜手术、导管消融术等）,includes_medication,MED-CARD-E40082221530,血管紧张素转换酶抑制剂,linked
心律失常,DIS-CARD-ARR-AVB,房室传导阻滞,CARD-SKELETON-FULL-20260709-TREATMENTPLAN-D355EC5DA6033AF6,也可见于电解质紊乱（如高钾血症）、药物中毒（如洋地黄中毒）及心脏手术损伤（心脏瓣膜手术、导管消融术等）,includes_medication,MED-CARD-EF0B44CD1F78,阿托品,linked
心律失常,DIS-CARD-ARR-AVB,房室传导阻滞,CARD-SKELETON-FULL-20260709-TREATMENTPLAN-D355EC5DA6033AF6,也可见于电解质紊乱（如高钾血症）、药物中毒（如洋地黄中毒）及心脏手术损伤（心脏瓣膜手术、导管消融术等）,includes_medication,MED-CARD-669F94E52F61,异丙肾上腺素,linked
心律失常,DIS-CARD-ARR-AVB,房室传导阻滞,CARD-SKELETON-FULL-20260709-TREATMENTPLAN-D355EC5DA6033AF6,也可见于电解质紊乱（如高钾血症）、药物中毒（如洋地黄中毒）及心脏手术损伤（心脏瓣膜手术、导管消融术等）,includes_medication,MED-CARD-TEXT-4E1713BBBA,醛固酮受体拮抗剂,linked
心律失常,DIS-CARD-ARR-AVB,房室传导阻滞,CARD-SKELETON-FULL-20260709-TREATMENTPLAN-D355EC5DA6033AF6,也可见于电解质紊乱（如高钾血症）、药物中毒（如洋地黄中毒）及心脏手术损伤（心脏瓣膜手术、导管消融术等）,includes_medication,MED-DIURETIC,利尿剂,linked
心律失常,DIS-CARD-ARR-AVB,房室传导阻滞,CARD-SKELETON-FULL-20260709-TREATMENTPLAN-D355EC5DA6033AF6,也可见于电解质紊乱（如高钾血症）、药物中毒（如洋地黄中毒）及心脏手术损伤（心脏瓣膜手术、导管消融术等）,includes_medication,MED-CARD-TEXT-28E925C6DE,钙通道阻滞剂,linked
心律失常,DIS-CARD-ARR-AVB,房室传导阻滞,CARD-SKELETON-FULL-20260709-TREATMENTPLAN-D355EC5DA6033AF6,也可见于电解质紊乱（如高钾血症）、药物中毒（如洋地黄中毒）及心脏手术损伤（心脏瓣膜手术、导管消融术等）,includes_medication,MED-CARD-TEXT-93710567D3,洋地黄类药物,linked
心律失常,DIS-CARD-ARR-AVB,房室传导阻滞,CARD-SKELETON-FULL-20260709-TREATMENTPLAN-D355EC5DA6033AF6,也可见于电解质紊乱（如高钾血症）、药物中毒（如洋地黄中毒）及心脏手术损伤（心脏瓣膜手术、导管消融术等）,includes_medication,MED-CARD-55157DA54154,硝酸酯类药物,linked
心律失常,DIS-CARD-ARR-AVB,房室传导阻滞,CARD-SKELETON-FULL-20260709-TREATMENTPLAN-D355EC5DA6033AF6,也可见于电解质紊乱（如高钾血症）、药物中毒（如洋地黄中毒）及心脏手术损伤（心脏瓣膜手术、导管消融术等）,includes_medication,MED-CARD-TEXT-B905AF3E59,血管紧张素Ⅱ受体拮抗剂,linked
心律失常,DIS-CARD-ARR-AVB,房室传导阻滞,CARD-SKELETON-FULL-20260709-TREATMENTPLAN-D355EC5DA6033AF6,也可见于电解质紊乱（如高钾血症）、药物中毒（如洋地黄中毒）及心脏手术损伤（心脏瓣膜手术、导管消融术等）,includes_medication,MED-AMIODARONE,胺碘酮,linked
心律失常,DIS-CARD-ARR-AVB,房室传导阻滞,CARD-SKELETON-FULL-20260709-TREATMENTPLAN-D355EC5DA6033AF6,也可见于电解质紊乱（如高钾血症）、药物中毒（如洋地黄中毒）及心脏手术损伤（心脏瓣膜手术、导管消融术等）,includes_procedure,PROC-CARD-TEXT-84551F84B4,射频消融术,linked
心律失常,DIS-CARD-ARR-AVB,房室传导阻滞,CARD-SKELETON-FULL-20260709-TREATMENTPLAN-D355EC5DA6033AF6,也可见于电解质紊乱（如高钾血症）、药物中毒（如洋地黄中毒）及心脏手术损伤（心脏瓣膜手术、导管消融术等）,includes_procedure,PROC-CARD-BA093052CBC6,导管消融,linked
心律失常,DIS-CARD-ARR-AVB,房室传导阻滞,CARD-SKELETON-FULL-20260709-TREATMENTPLAN-D355EC5DA6033AF6,也可见于电解质紊乱（如高钾血症）、药物中毒（如洋地黄中毒）及心脏手术损伤（心脏瓣膜手术、导管消融术等）,includes_procedure,PROC-CARD-B69847521FA1,临时心脏起搏,linked
心律失常,DIS-CARD-ARR-AVB,房室传导阻滞,CARD-SKELETON-FULL-20260709-TREATMENTPLAN-D355EC5DA6033AF6,也可见于电解质紊乱（如高钾血症）、药物中毒（如洋地黄中毒）及心脏手术损伤（心脏瓣膜手术、导管消融术等）,includes_procedure,PROC-CARD-E9ADC25A25E3,经皮冠状动脉介入治疗,linked
心律失常,DIS-CARD-ARR-AVB,房室传导阻滞,CARD-SKELETON-FULL-20260709-TREATMENTPLAN-D355EC5DA6033AF6,也可见于电解质紊乱（如高钾血症）、药物中毒（如洋地黄中毒）及心脏手术损伤（心脏瓣膜手术、导管消融术等）,includes_procedure,PROC-CARD-TEXT-23F5CDA89B,起搏器植入,linked
心律失常,DIS-CARD-ARR-AVB,房室传导阻滞,CARD-SKELETON-FULL-20260709-TREATMENTPLAN-D355EC5DA6033AF6,也可见于电解质紊乱（如高钾血症）、药物中毒（如洋地黄中毒）及心脏手术损伤（心脏瓣膜手术、导管消融术等）,includes_procedure,PROC-CARD-TEXT-D2C1F9E289,心脏再同步治疗,linked
心律失常,DIS-CARD-ARR-AVB,房室传导阻滞,CARD-SKELETON-FULL-20260709-TREATMENTPLAN-D355EC5DA6033AF6,也可见于电解质紊乱（如高钾血症）、药物中毒（如洋地黄中毒）及心脏手术损伤（心脏瓣膜手术、导管消融术等）,includes_procedure,PROC-CARD-TEXT-D9A9D30763,植入式心律转复除颤器,linked
心律失常,DIS-CARD-ARR-AVB,房室传导阻滞,CARD-SKELETON-FULL-20260709-TREATMENTPLAN-F0FFE784C9505FA2,心房和心室的节律由各自独立的起搏点控制,includes_medication,MED-CARD-E40082221530,血管紧张素转换酶抑制剂,linked
心律失常,DIS-CARD-ARR-AVB,房室传导阻滞,CARD-SKELETON-FULL-20260709-TREATMENTPLAN-F0FFE784C9505FA2,心房和心室的节律由各自独立的起搏点控制,includes_medication,MED-CARD-EF0B44CD1F78,阿托品,linked
心律失常,DIS-CARD-ARR-AVB,房室传导阻滞,CARD-SKELETON-FULL-20260709-TREATMENTPLAN-F0FFE784C9505FA2,心房和心室的节律由各自独立的起搏点控制,includes_medication,MED-CARD-669F94E52F61,异丙肾上腺素,linked
心律失常,DIS-CARD-ARR-AVB,房室传导阻滞,CARD-SKELETON-FULL-20260709-TREATMENTPLAN-F0FFE784C9505FA2,心房和心室的节律由各自独立的起搏点控制,includes_medication,MED-CARD-TEXT-4E1713BBBA,醛固酮受体拮抗剂,linked
心律失常,DIS-CARD-ARR-AVB,房室传导阻滞,CARD-SKELETON-FULL-20260709-TREATMENTPLAN-F0FFE784C9505FA2,心房和心室的节律由各自独立的起搏点控制,includes_medication,MED-DIURETIC,利尿剂,linked
心律失常,DIS-CARD-ARR-AVB,房室传导阻滞,CARD-SKELETON-FULL-20260709-TREATMENTPLAN-F0FFE784C9505FA2,心房和心室的节律由各自独立的起搏点控制,includes_medication,MED-CARD-TEXT-28E925C6DE,钙通道阻滞剂,linked
心律失常,DIS-CARD-ARR-AVB,房室传导阻滞,CARD-SKELETON-FULL-20260709-TREATMENTPLAN-F0FFE784C9505FA2,心房和心室的节律由各自独立的起搏点控制,includes_medication,MED-CARD-TEXT-93710567D3,洋地黄类药物,linked
心律失常,DIS-CARD-ARR-AVB,房室传导阻滞,CARD-SKELETON-FULL-20260709-TREATMENTPLAN-F0FFE784C9505FA2,心房和心室的节律由各自独立的起搏点控制,includes_medication,MED-CARD-55157DA54154,硝酸酯类药物,linked
心律失常,DIS-CARD-ARR-AVB,房室传导阻滞,CARD-SKELETON-FULL-20260709-TREATMENTPLAN-F0FFE784C9505FA2,心房和心室的节律由各自独立的起搏点控制,includes_medication,MED-CARD-TEXT-B905AF3E59,血管紧张素Ⅱ受体拮抗剂,linked
心律失常,DIS-CARD-ARR-AVB,房室传导阻滞,CARD-SKELETON-FULL-20260709-TREATMENTPLAN-F0FFE784C9505FA2,心房和心室的节律由各自独立的起搏点控制,includes_medication,MED-AMIODARONE,胺碘酮,linked
心律失常,DIS-CARD-ARR-AVB,房室传导阻滞,CARD-SKELETON-FULL-20260709-TREATMENTPLAN-F0FFE784C9505FA2,心房和心室的节律由各自独立的起搏点控制,includes_procedure,PROC-CARD-TEXT-84551F84B4,射频消融术,linked
心律失常,DIS-CARD-ARR-AVB,房室传导阻滞,CARD-SKELETON-FULL-20260709-TREATMENTPLAN-F0FFE784C9505FA2,心房和心室的节律由各自独立的起搏点控制,includes_procedure,PROC-CARD-BA093052CBC6,导管消融,linked
心律失常,DIS-CARD-ARR-AVB,房室传导阻滞,CARD-SKELETON-FULL-20260709-TREATMENTPLAN-F0FFE784C9505FA2,心房和心室的节律由各自独立的起搏点控制,includes_procedure,PROC-CARD-B69847521FA1,临时心脏起搏,linked
心律失常,DIS-CARD-ARR-AVB,房室传导阻滞,CARD-SKELETON-FULL-20260709-TREATMENTPLAN-F0FFE784C9505FA2,心房和心室的节律由各自独立的起搏点控制,includes_procedure,PROC-CARD-E9ADC25A25E3,经皮冠状动脉介入治疗,linked
心律失常,DIS-CARD-ARR-AVB,房室传导阻滞,CARD-SKELETON-FULL-20260709-TREATMENTPLAN-F0FFE784C9505FA2,心房和心室的节律由各自独立的起搏点控制,includes_procedure,PROC-CARD-TEXT-23F5CDA89B,起搏器植入,linked
心律失常,DIS-CARD-ARR-AVB,房室传导阻滞,CARD-SKELETON-FULL-20260709-TREATMENTPLAN-F0FFE784C9505FA2,心房和心室的节律由各自独立的起搏点控制,includes_procedure,PROC-CARD-TEXT-D2C1F9E289,心脏再同步治疗,linked
心律失常,DIS-CARD-ARR-AVB,房室传导阻滞,CARD-SKELETON-FULL-20260709-TREATMENTPLAN-F0FFE784C9505FA2,心房和心室的节律由各自独立的起搏点控制,includes_procedure,PROC-CARD-TEXT-D9A9D30763,植入式心律转复除颤器,linked
心律失常,DIS-CARD-ARR-AVB,房室传导阻滞,PLAN-CARD-4902C4C10300,房室传导阻滞治疗方案,includes_medication,MED-CARD-E40082221530,血管紧张素转换酶抑制剂,linked
心律失常,DIS-CARD-ARR-AVB,房室传导阻滞,PLAN-CARD-4902C4C10300,房室传导阻滞治疗方案,includes_medication,MED-CARD-EF0B44CD1F78,阿托品,linked
心律失常,DIS-CARD-ARR-AVB,房室传导阻滞,PLAN-CARD-4902C4C10300,房室传导阻滞治疗方案,includes_medication,MED-CARD-669F94E52F61,异丙肾上腺素,linked
心律失常,DIS-CARD-ARR-AVB,房室传导阻滞,PLAN-CARD-4902C4C10300,房室传导阻滞治疗方案,includes_medication,MED-CARD-TEXT-4E1713BBBA,醛固酮受体拮抗剂,linked
心律失常,DIS-CARD-ARR-AVB,房室传导阻滞,PLAN-CARD-4902C4C10300,房室传导阻滞治疗方案,includes_medication,MED-DIURETIC,利尿剂,linked
心律失常,DIS-CARD-ARR-AVB,房室传导阻滞,PLAN-CARD-4902C4C10300,房室传导阻滞治疗方案,includes_medication,MED-CARD-TEXT-28E925C6DE,钙通道阻滞剂,linked
心律失常,DIS-CARD-ARR-AVB,房室传导阻滞,PLAN-CARD-4902C4C10300,房室传导阻滞治疗方案,includes_medication,MED-CARD-TEXT-93710567D3,洋地黄类药物,linked
心律失常,DIS-CARD-ARR-AVB,房室传导阻滞,PLAN-CARD-4902C4C10300,房室传导阻滞治疗方案,includes_medication,MED-CARD-55157DA54154,硝酸酯类药物,linked
心律失常,DIS-CARD-ARR-AVB,房室传导阻滞,PLAN-CARD-4902C4C10300,房室传导阻滞治疗方案,includes_medication,MED-CARD-TEXT-B905AF3E59,血管紧张素Ⅱ受体拮抗剂,linked
心律失常,DIS-CARD-ARR-AVB,房室传导阻滞,PLAN-CARD-4902C4C10300,房室传导阻滞治疗方案,includes_medication,MED-AMIODARONE,胺碘酮,linked
心律失常,DIS-CARD-ARR-AVB,房室传导阻滞,PLAN-CARD-4902C4C10300,房室传导阻滞治疗方案,includes_procedure,PROC-CARD-TEXT-84551F84B4,射频消融术,linked
心律失常,DIS-CARD-ARR-AVB,房室传导阻滞,PLAN-CARD-4902C4C10300,房室传导阻滞治疗方案,includes_procedure,PROC-CARD-BA093052CBC6,导管消融,linked
心律失常,DIS-CARD-ARR-AVB,房室传导阻滞,PLAN-CARD-4902C4C10300,房室传导阻滞治疗方案,includes_procedure,PROC-CARD-B69847521FA1,临时心脏起搏,linked
心律失常,DIS-CARD-ARR-AVB,房室传导阻滞,PLAN-CARD-4902C4C10300,房室传导阻滞治疗方案,includes_procedure,PROC-CARD-E9ADC25A25E3,经皮冠状动脉介入治疗,linked
心律失常,DIS-CARD-ARR-AVB,房室传导阻滞,PLAN-CARD-4902C4C10300,房室传导阻滞治疗方案,includes_procedure,PROC-CARD-TEXT-23F5CDA89B,起搏器植入,linked
心律失常,DIS-CARD-ARR-AVB,房室传导阻滞,PLAN-CARD-4902C4C10300,房室传导阻滞治疗方案,includes_procedure,PROC-CARD-TEXT-D2C1F9E289,心脏再同步治疗,linked
心律失常,DIS-CARD-ARR-AVB,房室传导阻滞,PLAN-CARD-4902C4C10300,房室传导阻滞治疗方案,includes_procedure,PROC-CARD-TEXT-D9A9D30763,植入式心律转复除颤器,linked
心律失常,DIS-CARD-ARR-AVB1,一度房室传导阻滞,PLAN-CARD-85C17399C1E4,一度房室传导阻滞治疗方案,,,,blocked
心律失常,DIS-CARD-ARR-AVB2,二度房室传导阻滞,PLAN-CARD-1A90D3A039E7,二度房室传导阻滞治疗方案,,,,blocked
心律失常,DIS-CARD-ARR-AVB3,三度房室传导阻滞,PLAN-CARD-B5595FF75DE4,三度房室传导阻滞治疗方案,includes_medication,MED-CARD-EF0B44CD1F78,阿托品,linked
心律失常,DIS-CARD-ARR-AVNRT,房室结折返性心动过速,PLAN-CARD-8EAEE6E3A5AC,房室结折返性心动过速治疗方案,includes_medication,MED-BETA-BLOCKER,β受体阻滞剂,linked
心律失常,DIS-CARD-ARR-AVNRT,房室结折返性心动过速,PLAN-CARD-8EAEE6E3A5AC,房室结折返性心动过速治疗方案,includes_medication,MED-CARD-C685CE7163F5,维拉帕米,linked
心律失常,DIS-CARD-ARR-AVNRT,房室结折返性心动过速,PLAN-CARD-8EAEE6E3A5AC,房室结折返性心动过速治疗方案,includes_medication,MED-CARD-33087B86B32A,腺苷,linked
心律失常,DIS-CARD-ARR-AVNRT,房室结折返性心动过速,PLAN-CARD-8EAEE6E3A5AC,房室结折返性心动过速治疗方案,includes_medication,MED-AMIODARONE,胺碘酮,linked
心律失常,DIS-CARD-ARR-AVNRT,房室结折返性心动过速,PLAN-CARD-8EAEE6E3A5AC,房室结折返性心动过速治疗方案,includes_medication,MED-CARD-0D88ECB6525C,普罗帕酮,linked
心律失常,DIS-CARD-ARR-AVNRT,房室结折返性心动过速,PLAN-CARD-8EAEE6E3A5AC,房室结折返性心动过速治疗方案,includes_medication,MED-CARD-F50DC811465A,索他洛尔,linked
心律失常,DIS-CARD-ARR-AVNRT,房室结折返性心动过速,PLAN-CARD-8EAEE6E3A5AC,房室结折返性心动过速治疗方案,includes_procedure,PROC-CARD-4777F9B8D8F3,射频导管消融,linked
心律失常,DIS-CARD-ARR-AVNRT,房室结折返性心动过速,PLAN-CARD-8EAEE6E3A5AC,房室结折返性心动过速治疗方案,includes_procedure,PROC-CARD-69A311F01D4B,三尖瓣环峡部消融,linked
心律失常,DIS-CARD-ARR-AVNRT,房室结折返性心动过速,PLAN-CARD-8EAEE6E3A5AC,房室结折返性心动过速治疗方案,has_treatment_component,PLAN-CARD-741F70867FDD,迷走神经刺激,linked
心律失常,DIS-CARD-ARR-AVNRT,房室结折返性心动过速,PLAN-CARD-8EAEE6E3A5AC,房室结折返性心动过速治疗方案,has_treatment_component,PLAN-CARD-5C9E41087192,导管消融,linked
心律失常,DIS-CARD-ARR-AVNRT,房室结折返性心动过速,PLAN-CARD-8EAEE6E3A5AC,房室结折返性心动过速治疗方案,has_treatment_component,PLAN-CARD-108E680ADD4F,同步电复律,linked
心律失常,DIS-CARD-ARR-AVRT,房室折返性心动过速,PLAN-CARD-344A32B0714D,房室折返性心动过速治疗方案,includes_medication,MED-CARD-F50DC811465A,索他洛尔,linked
心律失常,DIS-CARD-ARR-AVRT,房室折返性心动过速,PLAN-CARD-344A32B0714D,房室折返性心动过速治疗方案,includes_medication,MED-CARD-C685CE7163F5,维拉帕米,linked
心律失常,DIS-CARD-ARR-AVRT,房室折返性心动过速,PLAN-CARD-344A32B0714D,房室折返性心动过速治疗方案,includes_medication,MED-CARD-33087B86B32A,腺苷,linked
心律失常,DIS-CARD-ARR-AVRT,房室折返性心动过速,PLAN-CARD-344A32B0714D,房室折返性心动过速治疗方案,includes_medication,MED-AMIODARONE,胺碘酮,linked
心律失常,DIS-CARD-ARR-AVRT,房室折返性心动过速,PLAN-CARD-344A32B0714D,房室折返性心动过速治疗方案,includes_medication,MED-CARD-75C23ADDCA3A,伊布利特,linked
心律失常,DIS-CARD-ARR-AVRT,房室折返性心动过速,PLAN-CARD-344A32B0714D,房室折返性心动过速治疗方案,includes_medication,MED-CARD-0D88ECB6525C,普罗帕酮,linked
心律失常,DIS-CARD-ARR-AVRT,房室折返性心动过速,PLAN-CARD-344A32B0714D,房室折返性心动过速治疗方案,includes_procedure,PROC-CARD-B13C58DD2614,颈动脉窦按摩,linked
心律失常,DIS-CARD-ARR-AVRT,房室折返性心动过速,PLAN-CARD-344A32B0714D,房室折返性心动过速治疗方案,includes_procedure,PROC-CARD-7FD747D740F0,同步直流电复律,linked
心律失常,DIS-CARD-ARR-AVRT,房室折返性心动过速,PLAN-CARD-344A32B0714D,房室折返性心动过速治疗方案,includes_procedure,PROC-CARD-4777F9B8D8F3,射频导管消融,linked
心律失常,DIS-CARD-ARR-AVRT,房室折返性心动过速,PLAN-CARD-344A32B0714D,房室折返性心动过速治疗方案,includes_procedure,PROC-CARD-69A311F01D4B,三尖瓣环峡部消融,linked
心律失常,DIS-CARD-ARR-AVRT,房室折返性心动过速,PLAN-CARD-344A32B0714D,房室折返性心动过速治疗方案,has_treatment_component,PLAN-CARD-64B52A7B760E,药物转复,linked
心律失常,DIS-CARD-ARR-AVRT,房室折返性心动过速,PLAN-CARD-344A32B0714D,房室折返性心动过速治疗方案,has_treatment_component,PLAN-CARD-108E680ADD4F,同步电复律,linked
心律失常,DIS-CARD-ARR-AVRT,房室折返性心动过速,PLAN-CARD-344A32B0714D,房室折返性心动过速治疗方案,has_treatment_component,PLAN-CARD-741F70867FDD,迷走神经刺激,linked
心律失常,DIS-CARD-ARR-AVRT,房室折返性心动过速,PLAN-CARD-344A32B0714D,房室折返性心动过速治疗方案,has_treatment_component,PLAN-CARD-5C9E41087192,导管消融,linked
心律失常,DIS-CARD-ARR-BBB,束支传导阻滞,PLAN-CARD-00B9C7D70BD9,束支传导阻滞治疗方案,,,,blocked
心律失常,DIS-CARD-ARR-BRADY,缓慢性心律失常,PLAN-CARD-D48B04D85208,缓慢性心律失常治疗方案,includes_medication,MED-CARD-669F94E52F61,异丙肾上腺素,linked
心律失常,DIS-CARD-ARR-BRADY,缓慢性心律失常,PLAN-CARD-D48B04D85208,缓慢性心律失常治疗方案,includes_medication,MED-CARD-EF0B44CD1F78,阿托品,linked
心律失常,DIS-CARD-ARR-BRADY,缓慢性心律失常,PLAN-CARD-D48B04D85208,缓慢性心律失常治疗方案,includes_procedure,PROC-CARD-B69847521FA1,临时心脏起搏,linked
心律失常,DIS-CARD-ARR-BRADY,缓慢性心律失常,PLAN-CARD-D48B04D85208,缓慢性心律失常治疗方案,includes_procedure,PROC-CARD-TEXT-D2C1F9E289,心脏再同步治疗,linked
心律失常,DIS-CARD-ARR-BRUGADA,Brugada综合征,PLAN-CARD-A977F77F5BC2,Brugada综合征治疗方案,includes_medication,MED-CARD-TEXT-93710567D3,洋地黄类药物,linked
心律失常,DIS-CARD-ARR-BRUGADA,Brugada综合征,PLAN-CARD-A977F77F5BC2,Brugada综合征治疗方案,includes_medication,MED-CARD-91B9687BBE00,利多卡因,linked
心律失常,DIS-CARD-ARR-BRUGADA,Brugada综合征,PLAN-CARD-A977F77F5BC2,Brugada综合征治疗方案,includes_medication,MED-CARD-0D88ECB6525C,普罗帕酮,linked
心律失常,DIS-CARD-ARR-BRUGADA,Brugada综合征,PLAN-CARD-A977F77F5BC2,Brugada综合征治疗方案,includes_medication,MED-CARD-74936DD4D485,奎尼丁,linked
心律失常,DIS-CARD-ARR-BRUGADA,Brugada综合征,PLAN-CARD-A977F77F5BC2,Brugada综合征治疗方案,includes_medication,MED-CARD-968C1FB4A035,普萘洛尔,linked
心律失常,DIS-CARD-ARR-BRUGADA,Brugada综合征,PLAN-CARD-A977F77F5BC2,Brugada综合征治疗方案,includes_medication,MED-BETA-BLOCKER,β受体阻滞剂,linked
心律失常,DIS-CARD-ARR-BRUGADA,Brugada综合征,PLAN-CARD-A977F77F5BC2,Brugada综合征治疗方案,includes_medication,MED-CARD-F50DC811465A,索他洛尔,linked
心律失常,DIS-CARD-ARR-BRUGADA,Brugada综合征,PLAN-CARD-A977F77F5BC2,Brugada综合征治疗方案,includes_medication,MED-AMIODARONE,胺碘酮,linked
心律失常,DIS-CARD-ARR-BRUGADA,Brugada综合征,PLAN-CARD-A977F77F5BC2,Brugada综合征治疗方案,includes_procedure,PROC-CARD-6A8C8F96D8A0,心肺复苏,linked
心律失常,DIS-CARD-ARR-BRUGADA,Brugada综合征,PLAN-CARD-A977F77F5BC2,Brugada综合征治疗方案,includes_procedure,PROC-CARD-BA093052CBC6,导管消融,linked
心律失常,DIS-CARD-ARR-BRUGADA,Brugada综合征,PLAN-CARD-A977F77F5BC2,Brugada综合征治疗方案,includes_procedure,PROC-CARD-36488EFD8194,同步电复律,linked
心律失常,DIS-CARD-ARR-BRUGADA,Brugada综合征,PLAN-CARD-A977F77F5BC2,Brugada综合征治疗方案,includes_procedure,PROC-CARD-5F23E250AADD,埋藏式心脏转复除颤器,linked
心律失常,DIS-CARD-ARR-BRUGADA,Brugada综合征,PLAN-CARD-A977F77F5BC2,Brugada综合征治疗方案,includes_procedure,PROC-CARD-6CC6BC610CAE,电除颤,linked
心律失常,DIS-CARD-ARR-BRUGADA,Brugada综合征,PLAN-CARD-A977F77F5BC2,Brugada综合征治疗方案,has_treatment_component,PLAN-CARD-TEXT-7CC38FBA6F,复律治疗,linked
心律失常,DIS-CARD-ARR-BRUGADA,Brugada综合征,PLAN-CARD-A977F77F5BC2,Brugada综合征治疗方案,has_treatment_component,PLAN-CARD-946BE3CB675F,ICD治疗,linked
心律失常,DIS-CARD-ARR-BRUGADA,Brugada综合征,PLAN-CARD-A977F77F5BC2,Brugada综合征治疗方案,has_treatment_component,PLAN-CARD-E01DCE98BB99,抗心律失常药物治疗,linked
心律失常,DIS-CARD-ARR-BRUGADA,Brugada综合征,PLAN-CARD-A977F77F5BC2,Brugada综合征治疗方案,has_treatment_component,PLAN-CARD-A694F46F1102,电复律除颤,linked
心律失常,DIS-CARD-ARR-BRUGADA,Brugada综合征,PLAN-CARD-A977F77F5BC2,Brugada综合征治疗方案,has_treatment_component,PLAN-CARD-E01DCE98BB99,抗心律失常药物治疗,linked
心律失常,DIS-CARD-ARR-BRUGADA,Brugada综合征,PLAN-CARD-A977F77F5BC2,Brugada综合征治疗方案,has_treatment_component,PLAN-CARD-946BE3CB675F,ICD治疗,linked
心律失常,DIS-CARD-ARR-BRUGADA,Brugada综合征,PLAN-CARD-A977F77F5BC2,Brugada综合征治疗方案,has_treatment_component,PLAN-CARD-TEXT-7CC38FBA6F,复律治疗,linked
心律失常,DIS-CARD-ARR-BRUGADA,Brugada综合征,PLAN-CARD-A977F77F5BC2,Brugada综合征治疗方案,has_treatment_component,PLAN-CARD-A694F46F1102,电复律除颤,linked
心律失常,DIS-CARD-ARR-CPVT,儿茶酚胺敏感性多形性室性心动过速,PLAN-CARD-D4265EE715BD,儿茶酚胺敏感性多形性室性心动过速治疗方案,includes_medication,MED-AMIODARONE,胺碘酮,linked
心律失常,DIS-CARD-ARR-CPVT,儿茶酚胺敏感性多形性室性心动过速,PLAN-CARD-D4265EE715BD,儿茶酚胺敏感性多形性室性心动过速治疗方案,includes_medication,MED-CARD-0D88ECB6525C,普罗帕酮,linked
心律失常,DIS-CARD-ARR-CPVT,儿茶酚胺敏感性多形性室性心动过速,PLAN-CARD-D4265EE715BD,儿茶酚胺敏感性多形性室性心动过速治疗方案,includes_medication,MED-CARD-91B9687BBE00,利多卡因,linked
心律失常,DIS-CARD-ARR-CPVT,儿茶酚胺敏感性多形性室性心动过速,PLAN-CARD-D4265EE715BD,儿茶酚胺敏感性多形性室性心动过速治疗方案,includes_medication,MED-CARD-74936DD4D485,奎尼丁,linked
心律失常,DIS-CARD-ARR-CPVT,儿茶酚胺敏感性多形性室性心动过速,PLAN-CARD-D4265EE715BD,儿茶酚胺敏感性多形性室性心动过速治疗方案,includes_procedure,PROC-CARD-TEXT-D9A9D30763,植入式心律转复除颤器,linked
心律失常,DIS-CARD-ARR-CPVT,儿茶酚胺敏感性多形性室性心动过速,PLAN-CARD-D4265EE715BD,儿茶酚胺敏感性多形性室性心动过速治疗方案,includes_procedure,PROC-CARD-36488EFD8194,同步电复律,linked
心律失常,DIS-CARD-ARR-CPVT,儿茶酚胺敏感性多形性室性心动过速,PLAN-CARD-D4265EE715BD,儿茶酚胺敏感性多形性室性心动过速治疗方案,includes_procedure,PROC-CARD-BA093052CBC6,导管消融,linked
心律失常,DIS-CARD-ARR-CPVT,儿茶酚胺敏感性多形性室性心动过速,PLAN-CARD-D4265EE715BD,儿茶酚胺敏感性多形性室性心动过速治疗方案,includes_procedure,PROC-CARD-5F23E250AADD,埋藏式心脏转复除颤器,linked
心律失常,DIS-CARD-ARR-CPVT,儿茶酚胺敏感性多形性室性心动过速,PLAN-CARD-D4265EE715BD,儿茶酚胺敏感性多形性室性心动过速治疗方案,includes_procedure,PROC-CARD-6CC6BC610CAE,电除颤,linked
心律失常,DIS-CARD-ARR-CPVT,儿茶酚胺敏感性多形性室性心动过速,PLAN-CARD-D4265EE715BD,儿茶酚胺敏感性多形性室性心动过速治疗方案,includes_procedure,PROC-CARD-TEXT-84551F84B4,射频消融术,linked
心律失常,DIS-CARD-ARR-CPVT,儿茶酚胺敏感性多形性室性心动过速,PLAN-CARD-D4265EE715BD,儿茶酚胺敏感性多形性室性心动过速治疗方案,has_treatment_component,PLAN-CARD-E01DCE98BB99,抗心律失常药物治疗,linked
心律失常,DIS-CARD-ARR-CPVT,儿茶酚胺敏感性多形性室性心动过速,PLAN-CARD-D4265EE715BD,儿茶酚胺敏感性多形性室性心动过速治疗方案,has_treatment_component,PLAN-CARD-946BE3CB675F,ICD治疗,linked
心律失常,DIS-CARD-ARR-CPVT,儿茶酚胺敏感性多形性室性心动过速,PLAN-CARD-D4265EE715BD,儿茶酚胺敏感性多形性室性心动过速治疗方案,has_treatment_component,PLAN-CARD-A694F46F1102,电复律除颤,linked
心律失常,DIS-CARD-ARR-CPVT,儿茶酚胺敏感性多形性室性心动过速,PLAN-CARD-D4265EE715BD,儿茶酚胺敏感性多形性室性心动过速治疗方案,has_treatment_component,PLAN-CARD-E01DCE98BB99,抗心律失常药物治疗,linked
心律失常,DIS-CARD-ARR-CPVT,儿茶酚胺敏感性多形性室性心动过速,PLAN-CARD-D4265EE715BD,儿茶酚胺敏感性多形性室性心动过速治疗方案,has_treatment_component,PLAN-CARD-946BE3CB675F,ICD治疗,linked
心律失常,DIS-CARD-ARR-CPVT,儿茶酚胺敏感性多形性室性心动过速,PLAN-CARD-D4265EE715BD,儿茶酚胺敏感性多形性室性心动过速治疗方案,has_treatment_component,PLAN-CARD-A694F46F1102,电复律除颤,linked
心律失常,DIS-CARD-ARR-LQTS,长QT间期综合征,PLAN-CARD-5577EA63AC56,长QT间期综合征治疗方案,includes_medication,MED-CARD-TEXT-28E925C6DE,钙通道阻滞剂,linked
心律失常,DIS-CARD-ARR-LQTS,长QT间期综合征,PLAN-CARD-5577EA63AC56,长QT间期综合征治疗方案,includes_medication,MED-CARD-F50DC811465A,索他洛尔,linked
心律失常,DIS-CARD-ARR-LQTS,长QT间期综合征,PLAN-CARD-5577EA63AC56,长QT间期综合征治疗方案,includes_medication,MED-CARD-C9175F150C3D,美托洛尔,linked
心律失常,DIS-CARD-ARR-LQTS,长QT间期综合征,PLAN-CARD-5577EA63AC56,长QT间期综合征治疗方案,includes_medication,MED-CARD-93C891C2079D,硫酸镁,linked
心律失常,DIS-CARD-ARR-LQTS,长QT间期综合征,PLAN-CARD-5577EA63AC56,长QT间期综合征治疗方案,includes_medication,MED-CARD-91B9687BBE00,利多卡因,linked
心律失常,DIS-CARD-ARR-LQTS,长QT间期综合征,PLAN-CARD-5577EA63AC56,长QT间期综合征治疗方案,includes_medication,MED-CARD-73E3BE4E64BB,抗心律失常药物,linked
心律失常,DIS-CARD-ARR-LQTS,长QT间期综合征,PLAN-CARD-5577EA63AC56,长QT间期综合征治疗方案,includes_medication,MED-CARD-74936DD4D485,奎尼丁,linked
心律失常,DIS-CARD-ARR-LQTS,长QT间期综合征,PLAN-CARD-5577EA63AC56,长QT间期综合征治疗方案,includes_medication,MED-BETA-BLOCKER,β受体阻滞剂,linked
心律失常,DIS-CARD-ARR-LQTS,长QT间期综合征,PLAN-CARD-5577EA63AC56,长QT间期综合征治疗方案,includes_medication,MED-CARD-968C1FB4A035,普萘洛尔,linked
心律失常,DIS-CARD-ARR-LQTS,长QT间期综合征,PLAN-CARD-5577EA63AC56,长QT间期综合征治疗方案,includes_medication,MED-CARD-CA961D8A62E7,钾剂,linked
心律失常,DIS-CARD-ARR-LQTS,长QT间期综合征,PLAN-CARD-5577EA63AC56,长QT间期综合征治疗方案,includes_medication,MED-AMIODARONE,胺碘酮,linked
心律失常,DIS-CARD-ARR-LQTS,长QT间期综合征,PLAN-CARD-5577EA63AC56,长QT间期综合征治疗方案,includes_medication,MED-CARD-TEXT-93710567D3,洋地黄类药物,linked
心律失常,DIS-CARD-ARR-LQTS,长QT间期综合征,PLAN-CARD-5577EA63AC56,长QT间期综合征治疗方案,includes_procedure,PROC-CARD-TEXT-D9A9D30763,植入式心律转复除颤器,linked
心律失常,DIS-CARD-ARR-LQTS,长QT间期综合征,PLAN-CARD-5577EA63AC56,长QT间期综合征治疗方案,includes_procedure,PROC-CARD-36488EFD8194,同步电复律,linked
心律失常,DIS-CARD-ARR-LQTS,长QT间期综合征,PLAN-CARD-5577EA63AC56,长QT间期综合征治疗方案,includes_procedure,PROC-CARD-6CC6BC610CAE,电除颤,linked
心律失常,DIS-CARD-ARR-LQTS,长QT间期综合征,PLAN-CARD-5577EA63AC56,长QT间期综合征治疗方案,includes_procedure,PROC-CARD-6A8C8F96D8A0,心肺复苏,linked
心律失常,DIS-CARD-ARR-LQTS,长QT间期综合征,PLAN-CARD-5577EA63AC56,长QT间期综合征治疗方案,includes_procedure,PROC-CARD-128A6330E583,临时起搏,linked
心律失常,DIS-CARD-ARR-LQTS,长QT间期综合征,PLAN-CARD-5577EA63AC56,长QT间期综合征治疗方案,includes_procedure,PROC-CARD-5F23E250AADD,埋藏式心脏转复除颤器,linked
心律失常,DIS-CARD-ARR-LQTS,长QT间期综合征,PLAN-CARD-5577EA63AC56,长QT间期综合征治疗方案,includes_procedure,PROC-CARD-E9ADC25A25E3,经皮冠状动脉介入治疗,linked
心律失常,DIS-CARD-ARR-LQTS,长QT间期综合征,PLAN-CARD-5577EA63AC56,长QT间期综合征治疗方案,has_treatment_component,PLAN-CARD-946BE3CB675F,ICD治疗,linked
心律失常,DIS-CARD-ARR-LQTS,长QT间期综合征,PLAN-CARD-5577EA63AC56,长QT间期综合征治疗方案,has_treatment_component,PLAN-CARD-A694F46F1102,电复律除颤,linked
心律失常,DIS-CARD-ARR-LQTS,长QT间期综合征,PLAN-CARD-5577EA63AC56,长QT间期综合征治疗方案,has_treatment_component,PLAN-CARD-E01DCE98BB99,抗心律失常药物治疗,linked
心律失常,DIS-CARD-ARR-LQTS,长QT间期综合征,PLAN-CARD-5577EA63AC56,长QT间期综合征治疗方案,has_treatment_component,PLAN-CARD-A694F46F1102,电复律除颤,linked
心律失常,DIS-CARD-ARR-LQTS,长QT间期综合征,PLAN-CARD-5577EA63AC56,长QT间期综合征治疗方案,has_treatment_component,PLAN-CARD-946BE3CB675F,ICD治疗,linked
心律失常,DIS-CARD-ARR-LQTS,长QT间期综合征,PLAN-CARD-5577EA63AC56,长QT间期综合征治疗方案,has_treatment_component,PLAN-CARD-E01DCE98BB99,抗心律失常药物治疗,linked
心律失常,DIS-CARD-ARR-NSVT,非持续性室性心动过速,PLAN-CARD-99A20A48D160,非持续性室性心动过速治疗方案,includes_medication,MED-CARD-91B9687BBE00,利多卡因,linked
心律失常,DIS-CARD-ARR-NSVT,非持续性室性心动过速,PLAN-CARD-99A20A48D160,非持续性室性心动过速治疗方案,includes_medication,MED-AMIODARONE,胺碘酮,linked
心律失常,DIS-CARD-ARR-NSVT,非持续性室性心动过速,PLAN-CARD-99A20A48D160,非持续性室性心动过速治疗方案,includes_procedure,PROC-CARD-5F23E250AADD,埋藏式心脏转复除颤器,linked
心律失常,DIS-CARD-ARR-NSVT,非持续性室性心动过速,PLAN-CARD-99A20A48D160,非持续性室性心动过速治疗方案,includes_procedure,PROC-CARD-36488EFD8194,同步电复律,linked
心律失常,DIS-CARD-ARR-NSVT,非持续性室性心动过速,PLAN-CARD-99A20A48D160,非持续性室性心动过速治疗方案,includes_procedure,PROC-CARD-6CC6BC610CAE,电除颤,linked
心律失常,DIS-CARD-ARR-NSVT,非持续性室性心动过速,PLAN-CARD-99A20A48D160,非持续性室性心动过速治疗方案,has_treatment_component,PLAN-CARD-946BE3CB675F,ICD治疗,linked
心律失常,DIS-CARD-ARR-NSVT,非持续性室性心动过速,PLAN-CARD-99A20A48D160,非持续性室性心动过速治疗方案,has_treatment_component,PLAN-CARD-A694F46F1102,电复律除颤,linked
心律失常,DIS-CARD-ARR-NSVT,非持续性室性心动过速,PLAN-CARD-99A20A48D160,非持续性室性心动过速治疗方案,has_treatment_component,PLAN-CARD-A694F46F1102,电复律除颤,linked
心律失常,DIS-CARD-ARR-NSVT,非持续性室性心动过速,PLAN-CARD-99A20A48D160,非持续性室性心动过速治疗方案,has_treatment_component,PLAN-CARD-946BE3CB675F,ICD治疗,linked
心律失常,DIS-CARD-ARR-PVC,室性期前收缩,PLAN-CARD-77E2B4A66CCD,室性期前收缩治疗方案,includes_medication,MED-AMIODARONE,胺碘酮,linked
心律失常,DIS-CARD-ARR-PVC,室性期前收缩,PLAN-CARD-77E2B4A66CCD,室性期前收缩治疗方案,includes_medication,MED-NDHP-CCB,非二氢吡啶类钙通道阻滞剂,linked
心律失常,DIS-CARD-ARR-PVC,室性期前收缩,PLAN-CARD-77E2B4A66CCD,室性期前收缩治疗方案,includes_medication,CARD-SKELETON-20260709-MEDICATION-DDAA1C07D618EDC7,β受体拮抗剂,linked
心律失常,DIS-CARD-ARR-PVC,室性期前收缩,PLAN-CARD-77E2B4A66CCD,室性期前收缩治疗方案,includes_medication,MED-CARD-0D88ECB6525C,普罗帕酮,linked
心律失常,DIS-CARD-ARR-PVC,室性期前收缩,PLAN-CARD-77E2B4A66CCD,室性期前收缩治疗方案,includes_medication,MED-CARD-968C1FB4A035,普萘洛尔,linked
心律失常,DIS-CARD-ARR-PVC,室性期前收缩,PLAN-CARD-77E2B4A66CCD,室性期前收缩治疗方案,includes_medication,MED-CARD-91B9687BBE00,利多卡因,linked
心律失常,DIS-CARD-ARR-PVC,室性期前收缩,PLAN-CARD-77E2B4A66CCD,室性期前收缩治疗方案,includes_medication,MED-CARD-F50DC811465A,索他洛尔,linked
心律失常,DIS-CARD-ARR-PVC,室性期前收缩,PLAN-CARD-77E2B4A66CCD,室性期前收缩治疗方案,includes_medication,MED-CARD-C9175F150C3D,美托洛尔,linked
心律失常,DIS-CARD-ARR-PVC,室性期前收缩,PLAN-CARD-77E2B4A66CCD,室性期前收缩治疗方案,includes_medication,MED-BETA-BLOCKER,β受体阻滞剂,linked
心律失常,DIS-CARD-ARR-PVC,室性期前收缩,PLAN-CARD-77E2B4A66CCD,室性期前收缩治疗方案,includes_medication,MED-CARD-74936DD4D485,奎尼丁,linked
心律失常,DIS-CARD-ARR-PVC,室性期前收缩,PLAN-CARD-77E2B4A66CCD,室性期前收缩治疗方案,includes_medication,MED-CARD-73E3BE4E64BB,抗心律失常药物,linked
心律失常,DIS-CARD-ARR-PVC,室性期前收缩,PLAN-CARD-77E2B4A66CCD,室性期前收缩治疗方案,includes_medication,MED-CARD-55157DA54154,硝酸酯类药物,linked
心律失常,DIS-CARD-ARR-PVC,室性期前收缩,PLAN-CARD-77E2B4A66CCD,室性期前收缩治疗方案,includes_medication,MED-CARD-TEXT-28E925C6DE,钙通道阻滞剂,linked
心律失常,DIS-CARD-ARR-PVC,室性期前收缩,PLAN-CARD-77E2B4A66CCD,室性期前收缩治疗方案,includes_medication,MED-CARD-TEXT-93710567D3,洋地黄类药物,linked
心律失常,DIS-CARD-ARR-PVC,室性期前收缩,PLAN-CARD-77E2B4A66CCD,室性期前收缩治疗方案,includes_procedure,PROC-CARD-TEXT-D9A9D30763,植入式心律转复除颤器,linked
心律失常,DIS-CARD-ARR-PVC,室性期前收缩,PLAN-CARD-77E2B4A66CCD,室性期前收缩治疗方案,includes_procedure,PROC-CARD-BA093052CBC6,导管消融,linked
心律失常,DIS-CARD-ARR-PVC,室性期前收缩,PLAN-CARD-77E2B4A66CCD,室性期前收缩治疗方案,includes_procedure,PROC-CARD-5F23E250AADD,埋藏式心脏转复除颤器,linked
心律失常,DIS-CARD-ARR-PVC,室性期前收缩,PLAN-CARD-77E2B4A66CCD,室性期前收缩治疗方案,includes_procedure,PROC-CARD-6CC6BC610CAE,电除颤,linked
心律失常,DIS-CARD-ARR-PVC,室性期前收缩,PLAN-CARD-77E2B4A66CCD,室性期前收缩治疗方案,includes_procedure,PROC-CARD-36488EFD8194,同步电复律,linked
心律失常,DIS-CARD-ARR-PVC,室性期前收缩,PLAN-CARD-77E2B4A66CCD,室性期前收缩治疗方案,includes_procedure,PROC-CARD-TEXT-23F5CDA89B,起搏器植入,linked
心律失常,DIS-CARD-ARR-PVC,室性期前收缩,PLAN-CARD-77E2B4A66CCD,室性期前收缩治疗方案,includes_procedure,PROC-CARD-TEXT-84551F84B4,射频消融术,linked
心律失常,DIS-CARD-ARR-PVC,室性期前收缩,PLAN-CARD-77E2B4A66CCD,室性期前收缩治疗方案,has_treatment_component,PLAN-CARD-C23D6266C767,急救复苏,linked
心律失常,DIS-CARD-ARR-PVC,室性期前收缩,PLAN-CARD-77E2B4A66CCD,室性期前收缩治疗方案,has_treatment_component,PLAN-CARD-8D7FDE84DC07,射频消融治疗,linked
心律失常,DIS-CARD-ARR-PVC,室性期前收缩,PLAN-CARD-77E2B4A66CCD,室性期前收缩治疗方案,has_treatment_component,PLAN-CARD-E01DCE98BB99,抗心律失常药物治疗,linked
心律失常,DIS-CARD-ARR-PVC,室性期前收缩,PLAN-CARD-77E2B4A66CCD,室性期前收缩治疗方案,has_treatment_component,PLAN-CARD-A1C4E6332D38,抗凝治疗,linked
心律失常,DIS-CARD-ARR-PVC,室性期前收缩,PLAN-CARD-77E2B4A66CCD,室性期前收缩治疗方案,has_treatment_component,PLAN-CARD-8D7FDE84DC07,射频消融治疗,linked
心律失常,DIS-CARD-ARR-PVC,室性期前收缩,PLAN-CARD-77E2B4A66CCD,室性期前收缩治疗方案,has_treatment_component,PLAN-CARD-E01DCE98BB99,抗心律失常药物治疗,linked
心律失常,DIS-CARD-ARR-PVC,室性期前收缩,PLAN-CARD-77E2B4A66CCD,室性期前收缩治疗方案,has_treatment_component,PLAN-CARD-A1C4E6332D38,抗凝治疗,linked
心律失常,DIS-CARD-ARR-PVC,室性期前收缩,PLAN-CARD-77E2B4A66CCD,室性期前收缩治疗方案,has_treatment_component,PLAN-CARD-C23D6266C767,急救复苏,linked
心律失常,DIS-CARD-ARR-SAB,窦房传导阻滞,PLAN-CARD-B809AAF4889D,窦房传导阻滞治疗方案,,,,blocked
心律失常,DIS-CARD-ARR-SB,窦性心动过缓,CARD-SKELETON-20260709-TREATMENTPLAN-BFCF60272E5E8F9F,下位的潜在起搏点,includes_medication,MED-CARD-EF0B44CD1F78,阿托品,linked
心律失常,DIS-CARD-ARR-SB,窦性心动过缓,CARD-SKELETON-20260709-TREATMENTPLAN-BFCF60272E5E8F9F,下位的潜在起搏点,includes_medication,MED-NDHP-CCB,非二氢吡啶类钙通道阻滞剂,linked
心律失常,DIS-CARD-ARR-SB,窦性心动过缓,CARD-SKELETON-20260709-TREATMENTPLAN-BFCF60272E5E8F9F,下位的潜在起搏点,includes_medication,MED-CARD-TEXT-28E925C6DE,钙通道阻滞剂,linked
心律失常,DIS-CARD-ARR-SB,窦性心动过缓,CARD-SKELETON-20260709-TREATMENTPLAN-BFCF60272E5E8F9F,下位的潜在起搏点,includes_medication,MED-AMIODARONE,胺碘酮,linked
心律失常,DIS-CARD-ARR-SB,窦性心动过缓,CARD-SKELETON-20260709-TREATMENTPLAN-BFCF60272E5E8F9F,下位的潜在起搏点,includes_medication,CARD-SKELETON-20260709-MEDICATION-DDAA1C07D618EDC7,β受体拮抗剂,linked
心律失常,DIS-CARD-ARR-SB,窦性心动过缓,CARD-SKELETON-20260709-TREATMENTPLAN-BFCF60272E5E8F9F,下位的潜在起搏点,includes_medication,MED-CARD-669F94E52F61,异丙肾上腺素,linked
心律失常,DIS-CARD-ARR-SB,窦性心动过缓,CARD-SKELETON-20260709-TREATMENTPLAN-BFCF60272E5E8F9F,下位的潜在起搏点,includes_procedure,PROC-CARD-B69847521FA1,临时心脏起搏,linked
心律失常,DIS-CARD-ARR-SB,窦性心动过缓,CARD-SKELETON-20260709-TREATMENTPLAN-BFCF60272E5E8F9F,下位的潜在起搏点,includes_procedure,PROC-CARD-TEXT-D2C1F9E289,心脏再同步治疗,linked
心律失常,DIS-CARD-ARR-SB,窦性心动过缓,CARD-SKELETON-20260709-TREATMENTPLAN-644453136DFD38E2,以及应用拟胆碱药物、胺碘酮、β受体拮抗剂、非二氢吡啶类钙通道阻滞剂或洋地黄类等药物,includes_medication,MED-CARD-EF0B44CD1F78,阿托品,linked
心律失常,DIS-CARD-ARR-SB,窦性心动过缓,CARD-SKELETON-20260709-TREATMENTPLAN-644453136DFD38E2,以及应用拟胆碱药物、胺碘酮、β受体拮抗剂、非二氢吡啶类钙通道阻滞剂或洋地黄类等药物,includes_medication,MED-NDHP-CCB,非二氢吡啶类钙通道阻滞剂,linked
心律失常,DIS-CARD-ARR-SB,窦性心动过缓,CARD-SKELETON-20260709-TREATMENTPLAN-644453136DFD38E2,以及应用拟胆碱药物、胺碘酮、β受体拮抗剂、非二氢吡啶类钙通道阻滞剂或洋地黄类等药物,includes_medication,MED-CARD-TEXT-28E925C6DE,钙通道阻滞剂,linked
心律失常,DIS-CARD-ARR-SB,窦性心动过缓,CARD-SKELETON-20260709-TREATMENTPLAN-644453136DFD38E2,以及应用拟胆碱药物、胺碘酮、β受体拮抗剂、非二氢吡啶类钙通道阻滞剂或洋地黄类等药物,includes_medication,MED-AMIODARONE,胺碘酮,linked
心律失常,DIS-CARD-ARR-SB,窦性心动过缓,CARD-SKELETON-20260709-TREATMENTPLAN-644453136DFD38E2,以及应用拟胆碱药物、胺碘酮、β受体拮抗剂、非二氢吡啶类钙通道阻滞剂或洋地黄类等药物,includes_medication,CARD-SKELETON-20260709-MEDICATION-DDAA1C07D618EDC7,β受体拮抗剂,linked
心律失常,DIS-CARD-ARR-SB,窦性心动过缓,CARD-SKELETON-20260709-TREATMENTPLAN-644453136DFD38E2,以及应用拟胆碱药物、胺碘酮、β受体拮抗剂、非二氢吡啶类钙通道阻滞剂或洋地黄类等药物,includes_medication,MED-CARD-669F94E52F61,异丙肾上腺素,linked
心律失常,DIS-CARD-ARR-SB,窦性心动过缓,CARD-SKELETON-20260709-TREATMENTPLAN-644453136DFD38E2,以及应用拟胆碱药物、胺碘酮、β受体拮抗剂、非二氢吡啶类钙通道阻滞剂或洋地黄类等药物,includes_procedure,PROC-CARD-B69847521FA1,临时心脏起搏,linked
心律失常,DIS-CARD-ARR-SB,窦性心动过缓,CARD-SKELETON-20260709-TREATMENTPLAN-644453136DFD38E2,以及应用拟胆碱药物、胺碘酮、β受体拮抗剂、非二氢吡啶类钙通道阻滞剂或洋地黄类等药物,includes_procedure,PROC-CARD-TEXT-D2C1F9E289,心脏再同步治疗,linked
心律失常,DIS-CARD-ARR-SB,窦性心动过缓,CARD-SKELETON-20260709-TREATMENTPLAN-03F69ADBD8DD8ACB,可应用阿托品或异丙肾上腺素等药物,includes_medication,MED-CARD-EF0B44CD1F78,阿托品,linked
心律失常,DIS-CARD-ARR-SB,窦性心动过缓,CARD-SKELETON-20260709-TREATMENTPLAN-03F69ADBD8DD8ACB,可应用阿托品或异丙肾上腺素等药物,includes_medication,MED-NDHP-CCB,非二氢吡啶类钙通道阻滞剂,linked
心律失常,DIS-CARD-ARR-SB,窦性心动过缓,CARD-SKELETON-20260709-TREATMENTPLAN-03F69ADBD8DD8ACB,可应用阿托品或异丙肾上腺素等药物,includes_medication,MED-CARD-TEXT-28E925C6DE,钙通道阻滞剂,linked
心律失常,DIS-CARD-ARR-SB,窦性心动过缓,CARD-SKELETON-20260709-TREATMENTPLAN-03F69ADBD8DD8ACB,可应用阿托品或异丙肾上腺素等药物,includes_medication,MED-AMIODARONE,胺碘酮,linked
心律失常,DIS-CARD-ARR-SB,窦性心动过缓,CARD-SKELETON-20260709-TREATMENTPLAN-03F69ADBD8DD8ACB,可应用阿托品或异丙肾上腺素等药物,includes_medication,CARD-SKELETON-20260709-MEDICATION-DDAA1C07D618EDC7,β受体拮抗剂,linked
心律失常,DIS-CARD-ARR-SB,窦性心动过缓,CARD-SKELETON-20260709-TREATMENTPLAN-03F69ADBD8DD8ACB,可应用阿托品或异丙肾上腺素等药物,includes_medication,MED-CARD-669F94E52F61,异丙肾上腺素,linked
心律失常,DIS-CARD-ARR-SB,窦性心动过缓,CARD-SKELETON-20260709-TREATMENTPLAN-03F69ADBD8DD8ACB,可应用阿托品或异丙肾上腺素等药物,includes_procedure,PROC-CARD-B69847521FA1,临时心脏起搏,linked
心律失常,DIS-CARD-ARR-SB,窦性心动过缓,CARD-SKELETON-20260709-TREATMENTPLAN-03F69ADBD8DD8ACB,可应用阿托品或异丙肾上腺素等药物,includes_procedure,PROC-CARD-TEXT-D2C1F9E289,心脏再同步治疗,linked
心律失常,DIS-CARD-ARR-SB,窦性心动过缓,CARD-SKELETON-20260709-TREATMENTPLAN-788A4C55AED14161,应用洋地黄类药物、乙酰胆碱等亦可引起窦性停搏,includes_medication,MED-CARD-EF0B44CD1F78,阿托品,linked
心律失常,DIS-CARD-ARR-SB,窦性心动过缓,CARD-SKELETON-20260709-TREATMENTPLAN-788A4C55AED14161,应用洋地黄类药物、乙酰胆碱等亦可引起窦性停搏,includes_medication,MED-NDHP-CCB,非二氢吡啶类钙通道阻滞剂,linked
心律失常,DIS-CARD-ARR-SB,窦性心动过缓,CARD-SKELETON-20260709-TREATMENTPLAN-788A4C55AED14161,应用洋地黄类药物、乙酰胆碱等亦可引起窦性停搏,includes_medication,MED-CARD-TEXT-28E925C6DE,钙通道阻滞剂,linked
心律失常,DIS-CARD-ARR-SB,窦性心动过缓,CARD-SKELETON-20260709-TREATMENTPLAN-788A4C55AED14161,应用洋地黄类药物、乙酰胆碱等亦可引起窦性停搏,includes_medication,MED-AMIODARONE,胺碘酮,linked
心律失常,DIS-CARD-ARR-SB,窦性心动过缓,CARD-SKELETON-20260709-TREATMENTPLAN-788A4C55AED14161,应用洋地黄类药物、乙酰胆碱等亦可引起窦性停搏,includes_medication,CARD-SKELETON-20260709-MEDICATION-DDAA1C07D618EDC7,β受体拮抗剂,linked
心律失常,DIS-CARD-ARR-SB,窦性心动过缓,CARD-SKELETON-20260709-TREATMENTPLAN-788A4C55AED14161,应用洋地黄类药物、乙酰胆碱等亦可引起窦性停搏,includes_medication,MED-CARD-669F94E52F61,异丙肾上腺素,linked
心律失常,DIS-CARD-ARR-SB,窦性心动过缓,CARD-SKELETON-20260709-TREATMENTPLAN-788A4C55AED14161,应用洋地黄类药物、乙酰胆碱等亦可引起窦性停搏,includes_procedure,PROC-CARD-B69847521FA1,临时心脏起搏,linked
心律失常,DIS-CARD-ARR-SB,窦性心动过缓,CARD-SKELETON-20260709-TREATMENTPLAN-788A4C55AED14161,应用洋地黄类药物、乙酰胆碱等亦可引起窦性停搏,includes_procedure,PROC-CARD-TEXT-D2C1F9E289,心脏再同步治疗,linked
心律失常,DIS-CARD-ARR-SB,窦性心动过缓,CARD-SKELETON-20260709-TREATMENTPLAN-B7A5660A87DD1BA2,故应考虑心脏起搏治疗,includes_medication,MED-CARD-EF0B44CD1F78,阿托品,linked
心律失常,DIS-CARD-ARR-SB,窦性心动过缓,CARD-SKELETON-20260709-TREATMENTPLAN-B7A5660A87DD1BA2,故应考虑心脏起搏治疗,includes_medication,MED-NDHP-CCB,非二氢吡啶类钙通道阻滞剂,linked
心律失常,DIS-CARD-ARR-SB,窦性心动过缓,CARD-SKELETON-20260709-TREATMENTPLAN-B7A5660A87DD1BA2,故应考虑心脏起搏治疗,includes_medication,MED-CARD-TEXT-28E925C6DE,钙通道阻滞剂,linked
心律失常,DIS-CARD-ARR-SB,窦性心动过缓,CARD-SKELETON-20260709-TREATMENTPLAN-B7A5660A87DD1BA2,故应考虑心脏起搏治疗,includes_medication,MED-AMIODARONE,胺碘酮,linked
心律失常,DIS-CARD-ARR-SB,窦性心动过缓,CARD-SKELETON-20260709-TREATMENTPLAN-B7A5660A87DD1BA2,故应考虑心脏起搏治疗,includes_medication,CARD-SKELETON-20260709-MEDICATION-DDAA1C07D618EDC7,β受体拮抗剂,linked
心律失常,DIS-CARD-ARR-SB,窦性心动过缓,CARD-SKELETON-20260709-TREATMENTPLAN-B7A5660A87DD1BA2,故应考虑心脏起搏治疗,includes_medication,MED-CARD-669F94E52F61,异丙肾上腺素,linked
心律失常,DIS-CARD-ARR-SB,窦性心动过缓,CARD-SKELETON-20260709-TREATMENTPLAN-B7A5660A87DD1BA2,故应考虑心脏起搏治疗,includes_procedure,PROC-CARD-B69847521FA1,临时心脏起搏,linked
心律失常,DIS-CARD-ARR-SB,窦性心动过缓,CARD-SKELETON-20260709-TREATMENTPLAN-B7A5660A87DD1BA2,故应考虑心脏起搏治疗,includes_procedure,PROC-CARD-TEXT-D2C1F9E289,心脏再同步治疗,linked
心律失常,DIS-CARD-ARR-SB,窦性心动过缓,CARD-SKELETON-20260709-TREATMENTPLAN-F3121EC03152AC77,无症状的窦性心动过缓通常无需治疗,includes_medication,MED-CARD-EF0B44CD1F78,阿托品,linked
心律失常,DIS-CARD-ARR-SB,窦性心动过缓,CARD-SKELETON-20260709-TREATMENTPLAN-F3121EC03152AC77,无症状的窦性心动过缓通常无需治疗,includes_medication,MED-NDHP-CCB,非二氢吡啶类钙通道阻滞剂,linked
心律失常,DIS-CARD-ARR-SB,窦性心动过缓,CARD-SKELETON-20260709-TREATMENTPLAN-F3121EC03152AC77,无症状的窦性心动过缓通常无需治疗,includes_medication,MED-CARD-TEXT-28E925C6DE,钙通道阻滞剂,linked
心律失常,DIS-CARD-ARR-SB,窦性心动过缓,CARD-SKELETON-20260709-TREATMENTPLAN-F3121EC03152AC77,无症状的窦性心动过缓通常无需治疗,includes_medication,MED-AMIODARONE,胺碘酮,linked
心律失常,DIS-CARD-ARR-SB,窦性心动过缓,CARD-SKELETON-20260709-TREATMENTPLAN-F3121EC03152AC77,无症状的窦性心动过缓通常无需治疗,includes_medication,CARD-SKELETON-20260709-MEDICATION-DDAA1C07D618EDC7,β受体拮抗剂,linked
心律失常,DIS-CARD-ARR-SB,窦性心动过缓,CARD-SKELETON-20260709-TREATMENTPLAN-F3121EC03152AC77,无症状的窦性心动过缓通常无需治疗,includes_medication,MED-CARD-669F94E52F61,异丙肾上腺素,linked
心律失常,DIS-CARD-ARR-SB,窦性心动过缓,CARD-SKELETON-20260709-TREATMENTPLAN-F3121EC03152AC77,无症状的窦性心动过缓通常无需治疗,includes_procedure,PROC-CARD-B69847521FA1,临时心脏起搏,linked
心律失常,DIS-CARD-ARR-SB,窦性心动过缓,CARD-SKELETON-20260709-TREATMENTPLAN-F3121EC03152AC77,无症状的窦性心动过缓通常无需治疗,includes_procedure,PROC-CARD-TEXT-D2C1F9E289,心脏再同步治疗,linked
心律失常,DIS-CARD-ARR-SB,窦性心动过缓,CARD-SKELETON-20260709-TREATMENTPLAN-9FCAC418A06FE88B,治疗可参照病态窦房结综合征,includes_medication,MED-CARD-EF0B44CD1F78,阿托品,linked
心律失常,DIS-CARD-ARR-SB,窦性心动过缓,CARD-SKELETON-20260709-TREATMENTPLAN-9FCAC418A06FE88B,治疗可参照病态窦房结综合征,includes_medication,MED-NDHP-CCB,非二氢吡啶类钙通道阻滞剂,linked
心律失常,DIS-CARD-ARR-SB,窦性心动过缓,CARD-SKELETON-20260709-TREATMENTPLAN-9FCAC418A06FE88B,治疗可参照病态窦房结综合征,includes_medication,MED-CARD-TEXT-28E925C6DE,钙通道阻滞剂,linked
心律失常,DIS-CARD-ARR-SB,窦性心动过缓,CARD-SKELETON-20260709-TREATMENTPLAN-9FCAC418A06FE88B,治疗可参照病态窦房结综合征,includes_medication,MED-AMIODARONE,胺碘酮,linked
心律失常,DIS-CARD-ARR-SB,窦性心动过缓,CARD-SKELETON-20260709-TREATMENTPLAN-9FCAC418A06FE88B,治疗可参照病态窦房结综合征,includes_medication,CARD-SKELETON-20260709-MEDICATION-DDAA1C07D618EDC7,β受体拮抗剂,linked
心律失常,DIS-CARD-ARR-SB,窦性心动过缓,CARD-SKELETON-20260709-TREATMENTPLAN-9FCAC418A06FE88B,治疗可参照病态窦房结综合征,includes_medication,MED-CARD-669F94E52F61,异丙肾上腺素,linked
心律失常,DIS-CARD-ARR-SB,窦性心动过缓,CARD-SKELETON-20260709-TREATMENTPLAN-9FCAC418A06FE88B,治疗可参照病态窦房结综合征,includes_procedure,PROC-CARD-B69847521FA1,临时心脏起搏,linked
心律失常,DIS-CARD-ARR-SB,窦性心动过缓,CARD-SKELETON-20260709-TREATMENTPLAN-9FCAC418A06FE88B,治疗可参照病态窦房结综合征,includes_procedure,PROC-CARD-TEXT-D2C1F9E289,心脏再同步治疗,linked
心律失常,DIS-CARD-ARR-SB,窦性心动过缓,PLAN-CARD-84E0BB8F1329,窦性心动过缓治疗方案,includes_medication,MED-CARD-EF0B44CD1F78,阿托品,linked
心律失常,DIS-CARD-ARR-SB,窦性心动过缓,PLAN-CARD-84E0BB8F1329,窦性心动过缓治疗方案,includes_medication,MED-NDHP-CCB,非二氢吡啶类钙通道阻滞剂,linked
心律失常,DIS-CARD-ARR-SB,窦性心动过缓,PLAN-CARD-84E0BB8F1329,窦性心动过缓治疗方案,includes_medication,MED-CARD-TEXT-28E925C6DE,钙通道阻滞剂,linked
心律失常,DIS-CARD-ARR-SB,窦性心动过缓,PLAN-CARD-84E0BB8F1329,窦性心动过缓治疗方案,includes_medication,MED-AMIODARONE,胺碘酮,linked
心律失常,DIS-CARD-ARR-SB,窦性心动过缓,PLAN-CARD-84E0BB8F1329,窦性心动过缓治疗方案,includes_medication,CARD-SKELETON-20260709-MEDICATION-DDAA1C07D618EDC7,β受体拮抗剂,linked
心律失常,DIS-CARD-ARR-SB,窦性心动过缓,PLAN-CARD-84E0BB8F1329,窦性心动过缓治疗方案,includes_medication,MED-CARD-669F94E52F61,异丙肾上腺素,linked
心律失常,DIS-CARD-ARR-SB,窦性心动过缓,PLAN-CARD-84E0BB8F1329,窦性心动过缓治疗方案,includes_procedure,PROC-CARD-B69847521FA1,临时心脏起搏,linked
心律失常,DIS-CARD-ARR-SB,窦性心动过缓,PLAN-CARD-84E0BB8F1329,窦性心动过缓治疗方案,includes_procedure,PROC-CARD-TEXT-D2C1F9E289,心脏再同步治疗,linked
心律失常,DIS-CARD-ARR-SND,窦房结功能障碍,PLAN-CARD-26AF9C4155B7,窦房结功能障碍治疗方案,includes_medication,MED-CARD-669F94E52F61,异丙肾上腺素,linked
心律失常,DIS-CARD-ARR-SND,窦房结功能障碍,PLAN-CARD-26AF9C4155B7,窦房结功能障碍治疗方案,includes_medication,MED-CARD-EF0B44CD1F78,阿托品,linked
心律失常,DIS-CARD-ARR-SQTS,短QT间期综合征,PLAN-CARD-C1B0D29171C8,短QT间期综合征治疗方案,includes_procedure,PROC-CARD-5F23E250AADD,埋藏式心脏转复除颤器,linked
心律失常,DIS-CARD-ARR-SQTS,短QT间期综合征,PLAN-CARD-C1B0D29171C8,短QT间期综合征治疗方案,has_treatment_component,PLAN-CARD-946BE3CB675F,ICD治疗,linked
心律失常,DIS-CARD-ARR-SQTS,短QT间期综合征,PLAN-CARD-C1B0D29171C8,短QT间期综合征治疗方案,has_treatment_component,PLAN-CARD-946BE3CB675F,ICD治疗,linked
心律失常,DIS-CARD-ARR-SVT,室上性心动过速,PLAN-CARD-18BAD30E125A,室上性心动过速治疗方案,includes_medication,MED-CARD-33087B86B32A,腺苷,linked
心律失常,DIS-CARD-ARR-SVT,室上性心动过速,PLAN-CARD-18BAD30E125A,室上性心动过速治疗方案,includes_medication,MED-CARD-C685CE7163F5,维拉帕米,linked
心律失常,DIS-CARD-ARR-SVT,室上性心动过速,PLAN-CARD-18BAD30E125A,室上性心动过速治疗方案,includes_medication,MED-AMIODARONE,胺碘酮,linked
心律失常,DIS-CARD-ARR-SVT,室上性心动过速,PLAN-CARD-18BAD30E125A,室上性心动过速治疗方案,includes_medication,MED-BETA-BLOCKER,β受体阻滞剂,linked
心律失常,DIS-CARD-ARR-SVT,室上性心动过速,PLAN-CARD-18BAD30E125A,室上性心动过速治疗方案,includes_medication,MED-CARD-0D88ECB6525C,普罗帕酮,linked
心律失常,DIS-CARD-ARR-SVT,室上性心动过速,PLAN-CARD-18BAD30E125A,室上性心动过速治疗方案,includes_medication,MED-CARD-F50DC811465A,索他洛尔,linked
心律失常,DIS-CARD-ARR-SVT,室上性心动过速,PLAN-CARD-18BAD30E125A,室上性心动过速治疗方案,includes_procedure,PROC-CARD-B13C58DD2614,颈动脉窦按摩,linked
心律失常,DIS-CARD-ARR-SVT,室上性心动过速,PLAN-CARD-18BAD30E125A,室上性心动过速治疗方案,includes_procedure,PROC-CARD-69A311F01D4B,三尖瓣环峡部消融,linked
心律失常,DIS-CARD-ARR-SVT,室上性心动过速,PLAN-CARD-18BAD30E125A,室上性心动过速治疗方案,includes_procedure,PROC-CARD-4777F9B8D8F3,射频导管消融,linked
心律失常,DIS-CARD-ARR-SVT,室上性心动过速,PLAN-CARD-18BAD30E125A,室上性心动过速治疗方案,includes_procedure,PROC-CARD-7FD747D740F0,同步直流电复律,linked
心律失常,DIS-CARD-ARR-SVT,室上性心动过速,PLAN-CARD-18BAD30E125A,室上性心动过速治疗方案,has_treatment_component,PLAN-CARD-108E680ADD4F,同步电复律,linked
心律失常,DIS-CARD-ARR-SVT,室上性心动过速,PLAN-CARD-18BAD30E125A,室上性心动过速治疗方案,has_treatment_component,PLAN-CARD-A1C4E6332D38,抗凝治疗,linked
心律失常,DIS-CARD-ARR-SVT,室上性心动过速,PLAN-CARD-18BAD30E125A,室上性心动过速治疗方案,has_treatment_component,PLAN-CARD-5C9E41087192,导管消融,linked
心律失常,DIS-CARD-ARR-SVT,室上性心动过速,PLAN-CARD-18BAD30E125A,室上性心动过速治疗方案,has_treatment_component,PLAN-CARD-741F70867FDD,迷走神经刺激,linked
心律失常,DIS-CARD-ARR-TDP,尖端扭转型室性心动过速,PLAN-CARD-6162E45256D2,尖端扭转型室性心动过速治疗方案,includes_medication,MED-CARD-93C891C2079D,硫酸镁,linked
心律失常,DIS-CARD-ARR-TDP,尖端扭转型室性心动过速,PLAN-CARD-6162E45256D2,尖端扭转型室性心动过速治疗方案,includes_medication,MED-CARD-0D88ECB6525C,普罗帕酮,linked
心律失常,DIS-CARD-ARR-TDP,尖端扭转型室性心动过速,PLAN-CARD-6162E45256D2,尖端扭转型室性心动过速治疗方案,includes_medication,MED-CARD-C9175F150C3D,美托洛尔,linked
心律失常,DIS-CARD-ARR-TDP,尖端扭转型室性心动过速,PLAN-CARD-6162E45256D2,尖端扭转型室性心动过速治疗方案,includes_medication,MED-CARD-968C1FB4A035,普萘洛尔,linked
心律失常,DIS-CARD-ARR-TDP,尖端扭转型室性心动过速,PLAN-CARD-6162E45256D2,尖端扭转型室性心动过速治疗方案,includes_medication,MED-CARD-CA961D8A62E7,钾剂,linked
心律失常,DIS-CARD-ARR-TDP,尖端扭转型室性心动过速,PLAN-CARD-6162E45256D2,尖端扭转型室性心动过速治疗方案,includes_medication,MED-BETA-BLOCKER,β受体阻滞剂,linked
心律失常,DIS-CARD-ARR-TDP,尖端扭转型室性心动过速,PLAN-CARD-6162E45256D2,尖端扭转型室性心动过速治疗方案,includes_medication,MED-CARD-73E3BE4E64BB,抗心律失常药物,linked
心律失常,DIS-CARD-ARR-TDP,尖端扭转型室性心动过速,PLAN-CARD-6162E45256D2,尖端扭转型室性心动过速治疗方案,includes_medication,MED-CARD-F50DC811465A,索他洛尔,linked
心律失常,DIS-CARD-ARR-TDP,尖端扭转型室性心动过速,PLAN-CARD-6162E45256D2,尖端扭转型室性心动过速治疗方案,includes_medication,MED-CARD-91B9687BBE00,利多卡因,linked
心律失常,DIS-CARD-ARR-TDP,尖端扭转型室性心动过速,PLAN-CARD-6162E45256D2,尖端扭转型室性心动过速治疗方案,includes_medication,MED-CARD-74936DD4D485,奎尼丁,linked
心律失常,DIS-CARD-ARR-TDP,尖端扭转型室性心动过速,PLAN-CARD-6162E45256D2,尖端扭转型室性心动过速治疗方案,includes_medication,MED-AMIODARONE,胺碘酮,linked
心律失常,DIS-CARD-ARR-TDP,尖端扭转型室性心动过速,PLAN-CARD-6162E45256D2,尖端扭转型室性心动过速治疗方案,includes_procedure,PROC-CARD-6A8C8F96D8A0,心肺复苏,linked
心律失常,DIS-CARD-ARR-TDP,尖端扭转型室性心动过速,PLAN-CARD-6162E45256D2,尖端扭转型室性心动过速治疗方案,includes_procedure,PROC-CARD-BA093052CBC6,导管消融,linked
心律失常,DIS-CARD-ARR-TDP,尖端扭转型室性心动过速,PLAN-CARD-6162E45256D2,尖端扭转型室性心动过速治疗方案,includes_procedure,PROC-CARD-128A6330E583,临时起搏,linked
心律失常,DIS-CARD-ARR-TDP,尖端扭转型室性心动过速,PLAN-CARD-6162E45256D2,尖端扭转型室性心动过速治疗方案,includes_procedure,PROC-CARD-5F23E250AADD,埋藏式心脏转复除颤器,linked
心律失常,DIS-CARD-ARR-TDP,尖端扭转型室性心动过速,PLAN-CARD-6162E45256D2,尖端扭转型室性心动过速治疗方案,includes_procedure,PROC-CARD-36488EFD8194,同步电复律,linked
心律失常,DIS-CARD-ARR-TDP,尖端扭转型室性心动过速,PLAN-CARD-6162E45256D2,尖端扭转型室性心动过速治疗方案,includes_procedure,PROC-CARD-6CC6BC610CAE,电除颤,linked
心律失常,DIS-CARD-ARR-TDP,尖端扭转型室性心动过速,PLAN-CARD-6162E45256D2,尖端扭转型室性心动过速治疗方案,has_treatment_component,PLAN-CARD-A694F46F1102,电复律除颤,linked
心律失常,DIS-CARD-ARR-TDP,尖端扭转型室性心动过速,PLAN-CARD-6162E45256D2,尖端扭转型室性心动过速治疗方案,has_treatment_component,PLAN-CARD-946BE3CB675F,ICD治疗,linked
心律失常,DIS-CARD-ARR-TDP,尖端扭转型室性心动过速,PLAN-CARD-6162E45256D2,尖端扭转型室性心动过速治疗方案,has_treatment_component,PLAN-CARD-8D7FDE84DC07,射频消融治疗,linked
心律失常,DIS-CARD-ARR-TDP,尖端扭转型室性心动过速,PLAN-CARD-6162E45256D2,尖端扭转型室性心动过速治疗方案,has_treatment_component,PLAN-CARD-E01DCE98BB99,抗心律失常药物治疗,linked
心律失常,DIS-CARD-ARR-TDP,尖端扭转型室性心动过速,PLAN-CARD-6162E45256D2,尖端扭转型室性心动过速治疗方案,has_treatment_component,PLAN-CARD-A694F46F1102,电复律除颤,linked
心律失常,DIS-CARD-ARR-TDP,尖端扭转型室性心动过速,PLAN-CARD-6162E45256D2,尖端扭转型室性心动过速治疗方案,has_treatment_component,PLAN-CARD-8D7FDE84DC07,射频消融治疗,linked
心律失常,DIS-CARD-ARR-TDP,尖端扭转型室性心动过速,PLAN-CARD-6162E45256D2,尖端扭转型室性心动过速治疗方案,has_treatment_component,PLAN-CARD-E01DCE98BB99,抗心律失常药物治疗,linked
心律失常,DIS-CARD-ARR-TDP,尖端扭转型室性心动过速,PLAN-CARD-6162E45256D2,尖端扭转型室性心动过速治疗方案,has_treatment_component,PLAN-CARD-946BE3CB675F,ICD治疗,linked
心律失常,DIS-CARD-ARR-VA,室性心律失常,PLAN-CARD-2DBB5F9C858E,室性心律失常治疗方案,includes_medication,MED-CARD-93C891C2079D,硫酸镁,linked
心律失常,DIS-CARD-ARR-VA,室性心律失常,PLAN-CARD-2DBB5F9C858E,室性心律失常治疗方案,includes_medication,MED-CARD-73E3BE4E64BB,抗心律失常药物,linked
心律失常,DIS-CARD-ARR-VA,室性心律失常,PLAN-CARD-2DBB5F9C858E,室性心律失常治疗方案,includes_medication,MED-BETA-BLOCKER,β受体阻滞剂,linked
心律失常,DIS-CARD-ARR-VA,室性心律失常,PLAN-CARD-2DBB5F9C858E,室性心律失常治疗方案,includes_medication,MED-CARD-F50DC811465A,索他洛尔,linked
心律失常,DIS-CARD-ARR-VA,室性心律失常,PLAN-CARD-2DBB5F9C858E,室性心律失常治疗方案,includes_medication,MED-CARD-968C1FB4A035,普萘洛尔,linked
心律失常,DIS-CARD-ARR-VA,室性心律失常,PLAN-CARD-2DBB5F9C858E,室性心律失常治疗方案,includes_medication,MED-AMIODARONE,胺碘酮,linked
心律失常,DIS-CARD-ARR-VA,室性心律失常,PLAN-CARD-2DBB5F9C858E,室性心律失常治疗方案,includes_medication,MED-CARD-C9175F150C3D,美托洛尔,linked
心律失常,DIS-CARD-ARR-VA,室性心律失常,PLAN-CARD-2DBB5F9C858E,室性心律失常治疗方案,includes_medication,MED-CARD-74936DD4D485,奎尼丁,linked
心律失常,DIS-CARD-ARR-VA,室性心律失常,PLAN-CARD-2DBB5F9C858E,室性心律失常治疗方案,includes_medication,MED-CARD-0D88ECB6525C,普罗帕酮,linked
心律失常,DIS-CARD-ARR-VA,室性心律失常,PLAN-CARD-2DBB5F9C858E,室性心律失常治疗方案,includes_medication,MED-CARD-91B9687BBE00,利多卡因,linked
心律失常,DIS-CARD-ARR-VA,室性心律失常,PLAN-CARD-2DBB5F9C858E,室性心律失常治疗方案,includes_procedure,PROC-CARD-6CC6BC610CAE,电除颤,linked
心律失常,DIS-CARD-ARR-VA,室性心律失常,PLAN-CARD-2DBB5F9C858E,室性心律失常治疗方案,includes_procedure,PROC-CARD-BA093052CBC6,导管消融,linked
心律失常,DIS-CARD-ARR-VA,室性心律失常,PLAN-CARD-2DBB5F9C858E,室性心律失常治疗方案,includes_procedure,PROC-CARD-5F23E250AADD,埋藏式心脏转复除颤器,linked
心律失常,DIS-CARD-ARR-VA,室性心律失常,PLAN-CARD-2DBB5F9C858E,室性心律失常治疗方案,includes_procedure,PROC-CARD-6A8C8F96D8A0,心肺复苏,linked
心律失常,DIS-CARD-ARR-VA,室性心律失常,PLAN-CARD-2DBB5F9C858E,室性心律失常治疗方案,includes_procedure,PROC-CARD-36488EFD8194,同步电复律,linked
心律失常,DIS-CARD-ARR-VA,室性心律失常,PLAN-CARD-2DBB5F9C858E,室性心律失常治疗方案,includes_procedure,PROC-CARD-128A6330E583,临时起搏,linked
心律失常,DIS-CARD-ARR-VA,室性心律失常,PLAN-CARD-2DBB5F9C858E,室性心律失常治疗方案,has_treatment_component,PLAN-CARD-8D7FDE84DC07,射频消融治疗,linked
心律失常,DIS-CARD-ARR-VA,室性心律失常,PLAN-CARD-2DBB5F9C858E,室性心律失常治疗方案,has_treatment_component,PLAN-CARD-946BE3CB675F,ICD治疗,linked
心律失常,DIS-CARD-ARR-VA,室性心律失常,PLAN-CARD-2DBB5F9C858E,室性心律失常治疗方案,has_treatment_component,PLAN-CARD-E01DCE98BB99,抗心律失常药物治疗,linked
心律失常,DIS-CARD-ARR-VA,室性心律失常,PLAN-CARD-2DBB5F9C858E,室性心律失常治疗方案,has_treatment_component,PLAN-CARD-A694F46F1102,电复律除颤,linked
心律失常,DIS-CARD-ARR-VA,室性心律失常,PLAN-CARD-2DBB5F9C858E,室性心律失常治疗方案,has_treatment_component,PLAN-CARD-8D7FDE84DC07,射频消融治疗,linked
心律失常,DIS-CARD-ARR-VA,室性心律失常,PLAN-CARD-2DBB5F9C858E,室性心律失常治疗方案,has_treatment_component,PLAN-CARD-A694F46F1102,电复律除颤,linked
心律失常,DIS-CARD-ARR-VA,室性心律失常,PLAN-CARD-2DBB5F9C858E,室性心律失常治疗方案,has_treatment_component,PLAN-CARD-E01DCE98BB99,抗心律失常药物治疗,linked
心律失常,DIS-CARD-ARR-VA,室性心律失常,PLAN-CARD-2DBB5F9C858E,室性心律失常治疗方案,has_treatment_component,PLAN-CARD-946BE3CB675F,ICD治疗,linked
心律失常,DIS-CARD-ARR-VF,心室扑动与心室颤动,PLAN-CARD-F4DFEE3BA390,心室扑动与心室颤动治疗方案,includes_medication,MED-CARD-55157DA54154,硝酸酯类药物,linked
心律失常,DIS-CARD-ARR-VF,心室扑动与心室颤动,PLAN-CARD-F4DFEE3BA390,心室扑动与心室颤动治疗方案,includes_medication,CARD-SKELETON-20260709-MEDICATION-DDAA1C07D618EDC7,β受体拮抗剂,linked
心律失常,DIS-CARD-ARR-VF,心室扑动与心室颤动,PLAN-CARD-F4DFEE3BA390,心室扑动与心室颤动治疗方案,includes_medication,MED-CARD-F50DC811465A,索他洛尔,linked
心律失常,DIS-CARD-ARR-VF,心室扑动与心室颤动,PLAN-CARD-F4DFEE3BA390,心室扑动与心室颤动治疗方案,includes_medication,MED-CARD-C9175F150C3D,美托洛尔,linked
心律失常,DIS-CARD-ARR-VF,心室扑动与心室颤动,PLAN-CARD-F4DFEE3BA390,心室扑动与心室颤动治疗方案,includes_medication,MED-CARD-0D88ECB6525C,普罗帕酮,linked
心律失常,DIS-CARD-ARR-VF,心室扑动与心室颤动,PLAN-CARD-F4DFEE3BA390,心室扑动与心室颤动治疗方案,includes_medication,MED-CARD-93C891C2079D,硫酸镁,linked
心律失常,DIS-CARD-ARR-VF,心室扑动与心室颤动,PLAN-CARD-F4DFEE3BA390,心室扑动与心室颤动治疗方案,includes_medication,MED-BETA-BLOCKER,β受体阻滞剂,linked
心律失常,DIS-CARD-ARR-VF,心室扑动与心室颤动,PLAN-CARD-F4DFEE3BA390,心室扑动与心室颤动治疗方案,includes_medication,MED-CARD-91B9687BBE00,利多卡因,linked
心律失常,DIS-CARD-ARR-VF,心室扑动与心室颤动,PLAN-CARD-F4DFEE3BA390,心室扑动与心室颤动治疗方案,includes_medication,MED-CARD-CA961D8A62E7,钾剂,linked
心律失常,DIS-CARD-ARR-VF,心室扑动与心室颤动,PLAN-CARD-F4DFEE3BA390,心室扑动与心室颤动治疗方案,includes_medication,MED-CARD-73E3BE4E64BB,抗心律失常药物,linked
心律失常,DIS-CARD-ARR-VF,心室扑动与心室颤动,PLAN-CARD-F4DFEE3BA390,心室扑动与心室颤动治疗方案,includes_medication,MED-CARD-74936DD4D485,奎尼丁,linked
心律失常,DIS-CARD-ARR-VF,心室扑动与心室颤动,PLAN-CARD-F4DFEE3BA390,心室扑动与心室颤动治疗方案,includes_medication,MED-CARD-DAE0F0B68F1D,他汀类药物,linked
心律失常,DIS-CARD-ARR-VF,心室扑动与心室颤动,PLAN-CARD-F4DFEE3BA390,心室扑动与心室颤动治疗方案,includes_medication,MED-CARD-TEXT-28E925C6DE,钙通道阻滞剂,linked
心律失常,DIS-CARD-ARR-VF,心室扑动与心室颤动,PLAN-CARD-F4DFEE3BA390,心室扑动与心室颤动治疗方案,includes_medication,MED-AMIODARONE,胺碘酮,linked
心律失常,DIS-CARD-ARR-VF,心室扑动与心室颤动,PLAN-CARD-F4DFEE3BA390,心室扑动与心室颤动治疗方案,includes_medication,MED-CARD-TEXT-93710567D3,洋地黄类药物,linked
心律失常,DIS-CARD-ARR-VF,心室扑动与心室颤动,PLAN-CARD-F4DFEE3BA390,心室扑动与心室颤动治疗方案,includes_procedure,PROC-CARD-TEXT-D2C1F9E289,心脏再同步治疗,linked
心律失常,DIS-CARD-ARR-VF,心室扑动与心室颤动,PLAN-CARD-F4DFEE3BA390,心室扑动与心室颤动治疗方案,includes_procedure,CARD-SKELETON-20260709-PROCEDURE-B59B1385BA9A601D,植入型心律转复除颤器,linked
心律失常,DIS-CARD-ARR-VF,心室扑动与心室颤动,PLAN-CARD-F4DFEE3BA390,心室扑动与心室颤动治疗方案,includes_procedure,PROC-CARD-6CC6BC610CAE,电除颤,linked
心律失常,DIS-CARD-ARR-VF,心室扑动与心室颤动,PLAN-CARD-F4DFEE3BA390,心室扑动与心室颤动治疗方案,includes_procedure,PROC-CARD-BA093052CBC6,导管消融,linked
心律失常,DIS-CARD-ARR-VF,心室扑动与心室颤动,PLAN-CARD-F4DFEE3BA390,心室扑动与心室颤动治疗方案,includes_procedure,PROC-CARD-36488EFD8194,同步电复律,linked
心律失常,DIS-CARD-ARR-VF,心室扑动与心室颤动,PLAN-CARD-F4DFEE3BA390,心室扑动与心室颤动治疗方案,includes_procedure,PROC-CARD-6A8C8F96D8A0,心肺复苏,linked
心律失常,DIS-CARD-ARR-VF,心室扑动与心室颤动,PLAN-CARD-F4DFEE3BA390,心室扑动与心室颤动治疗方案,includes_procedure,PROC-CARD-5F23E250AADD,埋藏式心脏转复除颤器,linked
心律失常,DIS-CARD-ARR-VF,心室扑动与心室颤动,PLAN-CARD-F4DFEE3BA390,心室扑动与心室颤动治疗方案,includes_procedure,PROC-CARD-E9ADC25A25E3,经皮冠状动脉介入治疗,linked
心律失常,DIS-CARD-ARR-VF,心室扑动与心室颤动,PLAN-CARD-F4DFEE3BA390,心室扑动与心室颤动治疗方案,includes_procedure,PROC-CARD-TEXT-23F5CDA89B,起搏器植入,linked
心律失常,DIS-CARD-ARR-VF,心室扑动与心室颤动,PLAN-CARD-F4DFEE3BA390,心室扑动与心室颤动治疗方案,includes_procedure,PROC-CARD-TEXT-D9A9D30763,植入式心律转复除颤器,linked
心律失常,DIS-CARD-ARR-VF,心室扑动与心室颤动,PLAN-CARD-F4DFEE3BA390,心室扑动与心室颤动治疗方案,includes_procedure,PROC-CARD-TEXT-84551F84B4,射频消融术,linked
心律失常,DIS-CARD-ARR-VF,心室扑动与心室颤动,PLAN-CARD-F4DFEE3BA390,心室扑动与心室颤动治疗方案,has_treatment_component,PLAN-CARD-E01DCE98BB99,抗心律失常药物治疗,linked
心律失常,DIS-CARD-ARR-VF,心室扑动与心室颤动,PLAN-CARD-F4DFEE3BA390,心室扑动与心室颤动治疗方案,has_treatment_component,PLAN-CARD-C23D6266C767,急救复苏,linked
心律失常,DIS-CARD-ARR-VF,心室扑动与心室颤动,PLAN-CARD-F4DFEE3BA390,心室扑动与心室颤动治疗方案,has_treatment_component,PLAN-CARD-A1C4E6332D38,抗凝治疗,linked
心律失常,DIS-CARD-ARR-VF,心室扑动与心室颤动,PLAN-CARD-F4DFEE3BA390,心室扑动与心室颤动治疗方案,has_treatment_component,PLAN-CARD-8D7FDE84DC07,射频消融治疗,linked
心律失常,DIS-CARD-ARR-VF,心室扑动与心室颤动,PLAN-CARD-F4DFEE3BA390,心室扑动与心室颤动治疗方案,has_treatment_component,PLAN-CARD-E01DCE98BB99,抗心律失常药物治疗,linked
心律失常,DIS-CARD-ARR-VF,心室扑动与心室颤动,PLAN-CARD-F4DFEE3BA390,心室扑动与心室颤动治疗方案,has_treatment_component,PLAN-CARD-C23D6266C767,急救复苏,linked
心律失常,DIS-CARD-ARR-VF,心室扑动与心室颤动,PLAN-CARD-F4DFEE3BA390,心室扑动与心室颤动治疗方案,has_treatment_component,PLAN-CARD-8D7FDE84DC07,射频消融治疗,linked
心律失常,DIS-CARD-ARR-VF,心室扑动与心室颤动,PLAN-CARD-F4DFEE3BA390,心室扑动与心室颤动治疗方案,has_treatment_component,PLAN-CARD-A1C4E6332D38,抗凝治疗,linked
心律失常,DIS-CARD-ARR-VF,心室扑动与心室颤动,CARD-SKELETON-20260709-TREATMENTPLAN-C8DC2DC4FF9E48B0,抗心律失常药物,includes_medication,MED-CARD-55157DA54154,硝酸酯类药物,linked
心律失常,DIS-CARD-ARR-VF,心室扑动与心室颤动,CARD-SKELETON-20260709-TREATMENTPLAN-C8DC2DC4FF9E48B0,抗心律失常药物,includes_medication,CARD-SKELETON-20260709-MEDICATION-DDAA1C07D618EDC7,β受体拮抗剂,linked
心律失常,DIS-CARD-ARR-VF,心室扑动与心室颤动,CARD-SKELETON-20260709-TREATMENTPLAN-C8DC2DC4FF9E48B0,抗心律失常药物,includes_medication,MED-CARD-F50DC811465A,索他洛尔,linked
心律失常,DIS-CARD-ARR-VF,心室扑动与心室颤动,CARD-SKELETON-20260709-TREATMENTPLAN-C8DC2DC4FF9E48B0,抗心律失常药物,includes_medication,MED-CARD-C9175F150C3D,美托洛尔,linked
心律失常,DIS-CARD-ARR-VF,心室扑动与心室颤动,CARD-SKELETON-20260709-TREATMENTPLAN-C8DC2DC4FF9E48B0,抗心律失常药物,includes_medication,MED-CARD-0D88ECB6525C,普罗帕酮,linked
心律失常,DIS-CARD-ARR-VF,心室扑动与心室颤动,CARD-SKELETON-20260709-TREATMENTPLAN-C8DC2DC4FF9E48B0,抗心律失常药物,includes_medication,MED-CARD-93C891C2079D,硫酸镁,linked
心律失常,DIS-CARD-ARR-VF,心室扑动与心室颤动,CARD-SKELETON-20260709-TREATMENTPLAN-C8DC2DC4FF9E48B0,抗心律失常药物,includes_medication,MED-BETA-BLOCKER,β受体阻滞剂,linked
心律失常,DIS-CARD-ARR-VF,心室扑动与心室颤动,CARD-SKELETON-20260709-TREATMENTPLAN-C8DC2DC4FF9E48B0,抗心律失常药物,includes_medication,MED-CARD-91B9687BBE00,利多卡因,linked
心律失常,DIS-CARD-ARR-VF,心室扑动与心室颤动,CARD-SKELETON-20260709-TREATMENTPLAN-C8DC2DC4FF9E48B0,抗心律失常药物,includes_medication,MED-CARD-CA961D8A62E7,钾剂,linked
心律失常,DIS-CARD-ARR-VF,心室扑动与心室颤动,CARD-SKELETON-20260709-TREATMENTPLAN-C8DC2DC4FF9E48B0,抗心律失常药物,includes_medication,MED-CARD-73E3BE4E64BB,抗心律失常药物,linked
心律失常,DIS-CARD-ARR-VF,心室扑动与心室颤动,CARD-SKELETON-20260709-TREATMENTPLAN-C8DC2DC4FF9E48B0,抗心律失常药物,includes_medication,MED-CARD-74936DD4D485,奎尼丁,linked
心律失常,DIS-CARD-ARR-VF,心室扑动与心室颤动,CARD-SKELETON-20260709-TREATMENTPLAN-C8DC2DC4FF9E48B0,抗心律失常药物,includes_medication,MED-CARD-DAE0F0B68F1D,他汀类药物,linked
心律失常,DIS-CARD-ARR-VF,心室扑动与心室颤动,CARD-SKELETON-20260709-TREATMENTPLAN-C8DC2DC4FF9E48B0,抗心律失常药物,includes_medication,MED-CARD-TEXT-28E925C6DE,钙通道阻滞剂,linked
心律失常,DIS-CARD-ARR-VF,心室扑动与心室颤动,CARD-SKELETON-20260709-TREATMENTPLAN-C8DC2DC4FF9E48B0,抗心律失常药物,includes_medication,MED-AMIODARONE,胺碘酮,linked
心律失常,DIS-CARD-ARR-VF,心室扑动与心室颤动,CARD-SKELETON-20260709-TREATMENTPLAN-C8DC2DC4FF9E48B0,抗心律失常药物,includes_medication,MED-CARD-TEXT-93710567D3,洋地黄类药物,linked
心律失常,DIS-CARD-ARR-VF,心室扑动与心室颤动,CARD-SKELETON-20260709-TREATMENTPLAN-C8DC2DC4FF9E48B0,抗心律失常药物,includes_procedure,PROC-CARD-TEXT-D2C1F9E289,心脏再同步治疗,linked
心律失常,DIS-CARD-ARR-VF,心室扑动与心室颤动,CARD-SKELETON-20260709-TREATMENTPLAN-C8DC2DC4FF9E48B0,抗心律失常药物,includes_procedure,CARD-SKELETON-20260709-PROCEDURE-B59B1385BA9A601D,植入型心律转复除颤器,linked
心律失常,DIS-CARD-ARR-VF,心室扑动与心室颤动,CARD-SKELETON-20260709-TREATMENTPLAN-C8DC2DC4FF9E48B0,抗心律失常药物,includes_procedure,PROC-CARD-6CC6BC610CAE,电除颤,linked
心律失常,DIS-CARD-ARR-VF,心室扑动与心室颤动,CARD-SKELETON-20260709-TREATMENTPLAN-C8DC2DC4FF9E48B0,抗心律失常药物,includes_procedure,PROC-CARD-BA093052CBC6,导管消融,linked
心律失常,DIS-CARD-ARR-VF,心室扑动与心室颤动,CARD-SKELETON-20260709-TREATMENTPLAN-C8DC2DC4FF9E48B0,抗心律失常药物,includes_procedure,PROC-CARD-36488EFD8194,同步电复律,linked
心律失常,DIS-CARD-ARR-VF,心室扑动与心室颤动,CARD-SKELETON-20260709-TREATMENTPLAN-C8DC2DC4FF9E48B0,抗心律失常药物,includes_procedure,PROC-CARD-6A8C8F96D8A0,心肺复苏,linked
心律失常,DIS-CARD-ARR-VF,心室扑动与心室颤动,CARD-SKELETON-20260709-TREATMENTPLAN-C8DC2DC4FF9E48B0,抗心律失常药物,includes_procedure,PROC-CARD-5F23E250AADD,埋藏式心脏转复除颤器,linked
心律失常,DIS-CARD-ARR-VF,心室扑动与心室颤动,CARD-SKELETON-20260709-TREATMENTPLAN-C8DC2DC4FF9E48B0,抗心律失常药物,includes_procedure,PROC-CARD-E9ADC25A25E3,经皮冠状动脉介入治疗,linked
心律失常,DIS-CARD-ARR-VF,心室扑动与心室颤动,CARD-SKELETON-20260709-TREATMENTPLAN-C8DC2DC4FF9E48B0,抗心律失常药物,includes_procedure,PROC-CARD-TEXT-23F5CDA89B,起搏器植入,linked
心律失常,DIS-CARD-ARR-VF,心室扑动与心室颤动,CARD-SKELETON-20260709-TREATMENTPLAN-C8DC2DC4FF9E48B0,抗心律失常药物,includes_procedure,PROC-CARD-TEXT-D9A9D30763,植入式心律转复除颤器,linked
心律失常,DIS-CARD-ARR-VF,心室扑动与心室颤动,CARD-SKELETON-20260709-TREATMENTPLAN-C8DC2DC4FF9E48B0,抗心律失常药物,includes_procedure,PROC-CARD-TEXT-84551F84B4,射频消融术,linked
心律失常,DIS-CARD-ARR-VF,心室扑动与心室颤动,CARD-SKELETON-20260709-TREATMENTPLAN-B76F8B1E24A603E8,特别是引起QT间期延长与尖端扭转型室速的药物,includes_medication,MED-CARD-55157DA54154,硝酸酯类药物,linked
心律失常,DIS-CARD-ARR-VF,心室扑动与心室颤动,CARD-SKELETON-20260709-TREATMENTPLAN-B76F8B1E24A603E8,特别是引起QT间期延长与尖端扭转型室速的药物,includes_medication,CARD-SKELETON-20260709-MEDICATION-DDAA1C07D618EDC7,β受体拮抗剂,linked
心律失常,DIS-CARD-ARR-VF,心室扑动与心室颤动,CARD-SKELETON-20260709-TREATMENTPLAN-B76F8B1E24A603E8,特别是引起QT间期延长与尖端扭转型室速的药物,includes_medication,MED-CARD-F50DC811465A,索他洛尔,linked
心律失常,DIS-CARD-ARR-VF,心室扑动与心室颤动,CARD-SKELETON-20260709-TREATMENTPLAN-B76F8B1E24A603E8,特别是引起QT间期延长与尖端扭转型室速的药物,includes_medication,MED-CARD-C9175F150C3D,美托洛尔,linked
心律失常,DIS-CARD-ARR-VF,心室扑动与心室颤动,CARD-SKELETON-20260709-TREATMENTPLAN-B76F8B1E24A603E8,特别是引起QT间期延长与尖端扭转型室速的药物,includes_medication,MED-CARD-0D88ECB6525C,普罗帕酮,linked
心律失常,DIS-CARD-ARR-VF,心室扑动与心室颤动,CARD-SKELETON-20260709-TREATMENTPLAN-B76F8B1E24A603E8,特别是引起QT间期延长与尖端扭转型室速的药物,includes_medication,MED-CARD-93C891C2079D,硫酸镁,linked
心律失常,DIS-CARD-ARR-VF,心室扑动与心室颤动,CARD-SKELETON-20260709-TREATMENTPLAN-B76F8B1E24A603E8,特别是引起QT间期延长与尖端扭转型室速的药物,includes_medication,MED-BETA-BLOCKER,β受体阻滞剂,linked
心律失常,DIS-CARD-ARR-VF,心室扑动与心室颤动,CARD-SKELETON-20260709-TREATMENTPLAN-B76F8B1E24A603E8,特别是引起QT间期延长与尖端扭转型室速的药物,includes_medication,MED-CARD-91B9687BBE00,利多卡因,linked
心律失常,DIS-CARD-ARR-VF,心室扑动与心室颤动,CARD-SKELETON-20260709-TREATMENTPLAN-B76F8B1E24A603E8,特别是引起QT间期延长与尖端扭转型室速的药物,includes_medication,MED-CARD-CA961D8A62E7,钾剂,linked
心律失常,DIS-CARD-ARR-VF,心室扑动与心室颤动,CARD-SKELETON-20260709-TREATMENTPLAN-B76F8B1E24A603E8,特别是引起QT间期延长与尖端扭转型室速的药物,includes_medication,MED-CARD-73E3BE4E64BB,抗心律失常药物,linked
心律失常,DIS-CARD-ARR-VF,心室扑动与心室颤动,CARD-SKELETON-20260709-TREATMENTPLAN-B76F8B1E24A603E8,特别是引起QT间期延长与尖端扭转型室速的药物,includes_medication,MED-CARD-74936DD4D485,奎尼丁,linked
心律失常,DIS-CARD-ARR-VF,心室扑动与心室颤动,CARD-SKELETON-20260709-TREATMENTPLAN-B76F8B1E24A603E8,特别是引起QT间期延长与尖端扭转型室速的药物,includes_medication,MED-CARD-DAE0F0B68F1D,他汀类药物,linked
心律失常,DIS-CARD-ARR-VF,心室扑动与心室颤动,CARD-SKELETON-20260709-TREATMENTPLAN-B76F8B1E24A603E8,特别是引起QT间期延长与尖端扭转型室速的药物,includes_medication,MED-CARD-TEXT-28E925C6DE,钙通道阻滞剂,linked
心律失常,DIS-CARD-ARR-VF,心室扑动与心室颤动,CARD-SKELETON-20260709-TREATMENTPLAN-B76F8B1E24A603E8,特别是引起QT间期延长与尖端扭转型室速的药物,includes_medication,MED-AMIODARONE,胺碘酮,linked
心律失常,DIS-CARD-ARR-VF,心室扑动与心室颤动,CARD-SKELETON-20260709-TREATMENTPLAN-B76F8B1E24A603E8,特别是引起QT间期延长与尖端扭转型室速的药物,includes_medication,MED-CARD-TEXT-93710567D3,洋地黄类药物,linked
心律失常,DIS-CARD-ARR-VF,心室扑动与心室颤动,CARD-SKELETON-20260709-TREATMENTPLAN-B76F8B1E24A603E8,特别是引起QT间期延长与尖端扭转型室速的药物,includes_procedure,PROC-CARD-TEXT-D2C1F9E289,心脏再同步治疗,linked
心律失常,DIS-CARD-ARR-VF,心室扑动与心室颤动,CARD-SKELETON-20260709-TREATMENTPLAN-B76F8B1E24A603E8,特别是引起QT间期延长与尖端扭转型室速的药物,includes_procedure,CARD-SKELETON-20260709-PROCEDURE-B59B1385BA9A601D,植入型心律转复除颤器,linked
心律失常,DIS-CARD-ARR-VF,心室扑动与心室颤动,CARD-SKELETON-20260709-TREATMENTPLAN-B76F8B1E24A603E8,特别是引起QT间期延长与尖端扭转型室速的药物,includes_procedure,PROC-CARD-6CC6BC610CAE,电除颤,linked
心律失常,DIS-CARD-ARR-VF,心室扑动与心室颤动,CARD-SKELETON-20260709-TREATMENTPLAN-B76F8B1E24A603E8,特别是引起QT间期延长与尖端扭转型室速的药物,includes_procedure,PROC-CARD-BA093052CBC6,导管消融,linked
心律失常,DIS-CARD-ARR-VF,心室扑动与心室颤动,CARD-SKELETON-20260709-TREATMENTPLAN-B76F8B1E24A603E8,特别是引起QT间期延长与尖端扭转型室速的药物,includes_procedure,PROC-CARD-36488EFD8194,同步电复律,linked
心律失常,DIS-CARD-ARR-VF,心室扑动与心室颤动,CARD-SKELETON-20260709-TREATMENTPLAN-B76F8B1E24A603E8,特别是引起QT间期延长与尖端扭转型室速的药物,includes_procedure,PROC-CARD-6A8C8F96D8A0,心肺复苏,linked
心律失常,DIS-CARD-ARR-VF,心室扑动与心室颤动,CARD-SKELETON-20260709-TREATMENTPLAN-B76F8B1E24A603E8,特别是引起QT间期延长与尖端扭转型室速的药物,includes_procedure,PROC-CARD-5F23E250AADD,埋藏式心脏转复除颤器,linked
心律失常,DIS-CARD-ARR-VF,心室扑动与心室颤动,CARD-SKELETON-20260709-TREATMENTPLAN-B76F8B1E24A603E8,特别是引起QT间期延长与尖端扭转型室速的药物,includes_procedure,PROC-CARD-E9ADC25A25E3,经皮冠状动脉介入治疗,linked
心律失常,DIS-CARD-ARR-VF,心室扑动与心室颤动,CARD-SKELETON-20260709-TREATMENTPLAN-B76F8B1E24A603E8,特别是引起QT间期延长与尖端扭转型室速的药物,includes_procedure,PROC-CARD-TEXT-23F5CDA89B,起搏器植入,linked
心律失常,DIS-CARD-ARR-VF,心室扑动与心室颤动,CARD-SKELETON-20260709-TREATMENTPLAN-B76F8B1E24A603E8,特别是引起QT间期延长与尖端扭转型室速的药物,includes_procedure,PROC-CARD-TEXT-D9A9D30763,植入式心律转复除颤器,linked
心律失常,DIS-CARD-ARR-VF,心室扑动与心室颤动,CARD-SKELETON-20260709-TREATMENTPLAN-B76F8B1E24A603E8,特别是引起QT间期延长与尖端扭转型室速的药物,includes_procedure,PROC-CARD-TEXT-84551F84B4,射频消融术,linked
心律失常,DIS-CARD-ARR-VT,持续性室性心动过速,PLAN-CARD-47613024D1C5,持续性室性心动过速治疗方案,includes_medication,MED-DIURETIC,利尿剂,linked
心律失常,DIS-CARD-ARR-VT,持续性室性心动过速,PLAN-CARD-47613024D1C5,持续性室性心动过速治疗方案,includes_medication,MED-CARD-93C891C2079D,硫酸镁,linked
心律失常,DIS-CARD-ARR-VT,持续性室性心动过速,PLAN-CARD-47613024D1C5,持续性室性心动过速治疗方案,includes_medication,MED-CARD-74936DD4D485,奎尼丁,linked
心律失常,DIS-CARD-ARR-VT,持续性室性心动过速,PLAN-CARD-47613024D1C5,持续性室性心动过速治疗方案,includes_medication,MED-CARD-73E3BE4E64BB,抗心律失常药物,linked
心律失常,DIS-CARD-ARR-VT,持续性室性心动过速,PLAN-CARD-47613024D1C5,持续性室性心动过速治疗方案,includes_medication,MED-CARD-C9175F150C3D,美托洛尔,linked
心律失常,DIS-CARD-ARR-VT,持续性室性心动过速,PLAN-CARD-47613024D1C5,持续性室性心动过速治疗方案,includes_medication,MED-CARD-91B9687BBE00,利多卡因,linked
心律失常,DIS-CARD-ARR-VT,持续性室性心动过速,PLAN-CARD-47613024D1C5,持续性室性心动过速治疗方案,includes_medication,MED-CARD-0D88ECB6525C,普罗帕酮,linked
心律失常,DIS-CARD-ARR-VT,持续性室性心动过速,PLAN-CARD-47613024D1C5,持续性室性心动过速治疗方案,includes_medication,MED-CARD-CA961D8A62E7,钾剂,linked
心律失常,DIS-CARD-ARR-VT,持续性室性心动过速,PLAN-CARD-47613024D1C5,持续性室性心动过速治疗方案,includes_medication,MED-BETA-BLOCKER,β受体阻滞剂,linked
心律失常,DIS-CARD-ARR-VT,持续性室性心动过速,PLAN-CARD-47613024D1C5,持续性室性心动过速治疗方案,includes_medication,MED-CARD-F50DC811465A,索他洛尔,linked
心律失常,DIS-CARD-ARR-VT,持续性室性心动过速,PLAN-CARD-47613024D1C5,持续性室性心动过速治疗方案,includes_medication,MED-CARD-968C1FB4A035,普萘洛尔,linked
心律失常,DIS-CARD-ARR-VT,持续性室性心动过速,PLAN-CARD-47613024D1C5,持续性室性心动过速治疗方案,includes_medication,MED-CARD-TEXT-D07193A49C,溶栓药物,linked
心律失常,DIS-CARD-ARR-VT,持续性室性心动过速,PLAN-CARD-47613024D1C5,持续性室性心动过速治疗方案,includes_medication,MED-CARD-55157DA54154,硝酸酯类药物,linked
心律失常,DIS-CARD-ARR-VT,持续性室性心动过速,PLAN-CARD-47613024D1C5,持续性室性心动过速治疗方案,includes_medication,MED-CARD-TEXT-B905AF3E59,血管紧张素Ⅱ受体拮抗剂,linked
心律失常,DIS-CARD-ARR-VT,持续性室性心动过速,PLAN-CARD-47613024D1C5,持续性室性心动过速治疗方案,includes_medication,MED-CARD-DAE0F0B68F1D,他汀类药物,linked
心律失常,DIS-CARD-ARR-VT,持续性室性心动过速,PLAN-CARD-47613024D1C5,持续性室性心动过速治疗方案,includes_medication,MED-CARD-TEXT-28E925C6DE,钙通道阻滞剂,linked
心律失常,DIS-CARD-ARR-VT,持续性室性心动过速,PLAN-CARD-47613024D1C5,持续性室性心动过速治疗方案,includes_medication,MED-CARD-E40082221530,血管紧张素转换酶抑制剂,linked
心律失常,DIS-CARD-ARR-VT,持续性室性心动过速,PLAN-CARD-47613024D1C5,持续性室性心动过速治疗方案,includes_medication,MED-AMIODARONE,胺碘酮,linked
心律失常,DIS-CARD-ARR-VT,持续性室性心动过速,PLAN-CARD-47613024D1C5,持续性室性心动过速治疗方案,includes_medication,MED-CARD-TEXT-93710567D3,洋地黄类药物,linked
心律失常,DIS-CARD-ARR-VT,持续性室性心动过速,PLAN-CARD-47613024D1C5,持续性室性心动过速治疗方案,includes_procedure,PROC-CARD-TEXT-D9A9D30763,植入式心律转复除颤器,linked
心律失常,DIS-CARD-ARR-VT,持续性室性心动过速,PLAN-CARD-47613024D1C5,持续性室性心动过速治疗方案,includes_procedure,PROC-CARD-128A6330E583,临时起搏,linked
心律失常,DIS-CARD-ARR-VT,持续性室性心动过速,PLAN-CARD-47613024D1C5,持续性室性心动过速治疗方案,includes_procedure,PROC-CARD-6CC6BC610CAE,电除颤,linked
心律失常,DIS-CARD-ARR-VT,持续性室性心动过速,PLAN-CARD-47613024D1C5,持续性室性心动过速治疗方案,includes_procedure,PROC-CARD-5F23E250AADD,埋藏式心脏转复除颤器,linked
心律失常,DIS-CARD-ARR-VT,持续性室性心动过速,PLAN-CARD-47613024D1C5,持续性室性心动过速治疗方案,includes_procedure,PROC-CARD-6A8C8F96D8A0,心肺复苏,linked
心律失常,DIS-CARD-ARR-VT,持续性室性心动过速,PLAN-CARD-47613024D1C5,持续性室性心动过速治疗方案,includes_procedure,PROC-CARD-36488EFD8194,同步电复律,linked
心律失常,DIS-CARD-ARR-VT,持续性室性心动过速,PLAN-CARD-47613024D1C5,持续性室性心动过速治疗方案,includes_procedure,PROC-CARD-BA093052CBC6,导管消融,linked
心律失常,DIS-CARD-ARR-VT,持续性室性心动过速,PLAN-CARD-47613024D1C5,持续性室性心动过速治疗方案,includes_procedure,PROC-CARD-TEXT-23F5CDA89B,起搏器植入,linked
心律失常,DIS-CARD-ARR-VT,持续性室性心动过速,PLAN-CARD-47613024D1C5,持续性室性心动过速治疗方案,includes_procedure,PROC-CARD-BDB19D2C7A36,冠状动脉旁路移植术,linked
心律失常,DIS-CARD-ARR-VT,持续性室性心动过速,PLAN-CARD-47613024D1C5,持续性室性心动过速治疗方案,includes_procedure,PROC-CARD-TEXT-D2C1F9E289,心脏再同步治疗,linked
心律失常,DIS-CARD-ARR-VT,持续性室性心动过速,PLAN-CARD-47613024D1C5,持续性室性心动过速治疗方案,includes_procedure,PROC-CARD-TEXT-84551F84B4,射频消融术,linked
心律失常,DIS-CARD-ARR-VT,持续性室性心动过速,PLAN-CARD-47613024D1C5,持续性室性心动过速治疗方案,includes_procedure,PROC-CARD-E9ADC25A25E3,经皮冠状动脉介入治疗,linked
心律失常,DIS-CARD-ARR-VT,持续性室性心动过速,PLAN-CARD-47613024D1C5,持续性室性心动过速治疗方案,includes_procedure,PROC-HEART-TRANSPLANT,心脏移植,linked
心律失常,DIS-CARD-ARR-VT,持续性室性心动过速,PLAN-CARD-47613024D1C5,持续性室性心动过速治疗方案,has_treatment_component,PLAN-CARD-A694F46F1102,电复律除颤,linked
心律失常,DIS-CARD-ARR-VT,持续性室性心动过速,PLAN-CARD-47613024D1C5,持续性室性心动过速治疗方案,has_treatment_component,PLAN-CARD-TEXT-EEF9C97B59,血运重建,linked
心律失常,DIS-CARD-ARR-VT,持续性室性心动过速,PLAN-CARD-47613024D1C5,持续性室性心动过速治疗方案,has_treatment_component,PLAN-CARD-8D7FDE84DC07,射频消融治疗,linked
心律失常,DIS-CARD-ARR-VT,持续性室性心动过速,PLAN-CARD-47613024D1C5,持续性室性心动过速治疗方案,has_treatment_component,PLAN-CARD-946BE3CB675F,ICD治疗,linked
心律失常,DIS-CARD-ARR-VT,持续性室性心动过速,PLAN-CARD-47613024D1C5,持续性室性心动过速治疗方案,has_treatment_component,PLAN-CARD-A694F46F1102,电复律除颤,linked
心律失常,DIS-CARD-ARR-VT,持续性室性心动过速,PLAN-CARD-47613024D1C5,持续性室性心动过速治疗方案,has_treatment_component,PLAN-CARD-946BE3CB675F,ICD治疗,linked
心律失常,DIS-CARD-ARR-VT,持续性室性心动过速,PLAN-CARD-47613024D1C5,持续性室性心动过速治疗方案,has_treatment_component,PLAN-CARD-8D7FDE84DC07,射频消融治疗,linked
心律失常,DIS-CARD-ARR-VT,持续性室性心动过速,PLAN-CARD-47613024D1C5,持续性室性心动过速治疗方案,has_treatment_component,PLAN-CARD-TEXT-EEF9C97B59,血运重建,linked
心律失常,DIS-CARD-ARR-WPW,预激综合征,PLAN-CARD-C6D5D3242A03,预激综合征治疗方案,includes_medication,MED-CARD-0D88ECB6525C,普罗帕酮,linked
心律失常,DIS-CARD-ARR-WPW,预激综合征,PLAN-CARD-C6D5D3242A03,预激综合征治疗方案,includes_medication,MED-CARD-C685CE7163F5,维拉帕米,linked
心律失常,DIS-CARD-ARR-WPW,预激综合征,PLAN-CARD-C6D5D3242A03,预激综合征治疗方案,includes_medication,MED-CARD-75C23ADDCA3A,伊布利特,linked
心律失常,DIS-CARD-ARR-WPW,预激综合征,PLAN-CARD-C6D5D3242A03,预激综合征治疗方案,includes_medication,MED-CARD-F50DC811465A,索他洛尔,linked
心律失常,DIS-CARD-ARR-WPW,预激综合征,PLAN-CARD-C6D5D3242A03,预激综合征治疗方案,includes_medication,MED-AMIODARONE,胺碘酮,linked
心律失常,DIS-CARD-ARR-WPW,预激综合征,PLAN-CARD-C6D5D3242A03,预激综合征治疗方案,includes_medication,MED-CARD-33087B86B32A,腺苷,linked
心律失常,DIS-CARD-ARR-WPW,预激综合征,PLAN-CARD-C6D5D3242A03,预激综合征治疗方案,includes_procedure,PROC-CARD-4777F9B8D8F3,射频导管消融,linked
心律失常,DIS-CARD-ARR-WPW,预激综合征,PLAN-CARD-C6D5D3242A03,预激综合征治疗方案,includes_procedure,PROC-CARD-7FD747D740F0,同步直流电复律,linked
心律失常,DIS-CARD-ARR-WPW,预激综合征,PLAN-CARD-C6D5D3242A03,预激综合征治疗方案,includes_procedure,PROC-CARD-B13C58DD2614,颈动脉窦按摩,linked
心律失常,DIS-CARD-ARR-WPW,预激综合征,PLAN-CARD-C6D5D3242A03,预激综合征治疗方案,includes_procedure,PROC-CARD-69A311F01D4B,三尖瓣环峡部消融,linked
心律失常,DIS-CARD-ARR-WPW,预激综合征,PLAN-CARD-C6D5D3242A03,预激综合征治疗方案,has_treatment_component,PLAN-CARD-741F70867FDD,迷走神经刺激,linked
心律失常,DIS-CARD-ARR-WPW,预激综合征,PLAN-CARD-C6D5D3242A03,预激综合征治疗方案,has_treatment_component,PLAN-CARD-A1C4E6332D38,抗凝治疗,linked
心律失常,DIS-CARD-ARR-WPW,预激综合征,PLAN-CARD-C6D5D3242A03,预激综合征治疗方案,has_treatment_component,PLAN-CARD-64B52A7B760E,药物转复,linked
心律失常,DIS-CARD-ARR-WPW,预激综合征,PLAN-CARD-C6D5D3242A03,预激综合征治疗方案,has_treatment_component,PLAN-CARD-5C9E41087192,导管消融,linked
心律失常,DIS-CARD-SCD-ARREST,心脏骤停,PLAN-CARD-D0001FDBBA7E,心脏骤停治疗方案,includes_medication,MED-CARD-TEXT-28E925C6DE,钙通道阻滞剂,linked
心律失常,DIS-CARD-SCD-ARREST,心脏骤停,PLAN-CARD-D0001FDBBA7E,心脏骤停治疗方案,includes_medication,MED-CARD-0D88ECB6525C,普罗帕酮,linked
心律失常,DIS-CARD-SCD-ARREST,心脏骤停,PLAN-CARD-D0001FDBBA7E,心脏骤停治疗方案,includes_medication,MED-CARD-74936DD4D485,奎尼丁,linked
心律失常,DIS-CARD-SCD-ARREST,心脏骤停,PLAN-CARD-D0001FDBBA7E,心脏骤停治疗方案,includes_medication,MED-CARD-CA961D8A62E7,钾剂,linked
心律失常,DIS-CARD-SCD-ARREST,心脏骤停,PLAN-CARD-D0001FDBBA7E,心脏骤停治疗方案,includes_medication,MED-CARD-968C1FB4A035,普萘洛尔,linked
心律失常,DIS-CARD-SCD-ARREST,心脏骤停,PLAN-CARD-D0001FDBBA7E,心脏骤停治疗方案,includes_medication,MED-CARD-91B9687BBE00,利多卡因,linked
心律失常,DIS-CARD-SCD-ARREST,心脏骤停,PLAN-CARD-D0001FDBBA7E,心脏骤停治疗方案,includes_medication,MED-BETA-BLOCKER,β受体阻滞剂,linked
心律失常,DIS-CARD-SCD-ARREST,心脏骤停,PLAN-CARD-D0001FDBBA7E,心脏骤停治疗方案,includes_medication,MED-CARD-73E3BE4E64BB,抗心律失常药物,linked
心律失常,DIS-CARD-SCD-ARREST,心脏骤停,PLAN-CARD-D0001FDBBA7E,心脏骤停治疗方案,includes_medication,MED-CARD-93C891C2079D,硫酸镁,linked
心律失常,DIS-CARD-SCD-ARREST,心脏骤停,PLAN-CARD-D0001FDBBA7E,心脏骤停治疗方案,includes_medication,MED-AMIODARONE,胺碘酮,linked
心律失常,DIS-CARD-SCD-ARREST,心脏骤停,PLAN-CARD-D0001FDBBA7E,心脏骤停治疗方案,includes_medication,MED-DIURETIC,利尿剂,linked
心律失常,DIS-CARD-SCD-ARREST,心脏骤停,PLAN-CARD-D0001FDBBA7E,心脏骤停治疗方案,includes_procedure,PROC-CARD-TEXT-D9A9D30763,植入式心律转复除颤器,linked
心律失常,DIS-CARD-SCD-ARREST,心脏骤停,PLAN-CARD-D0001FDBBA7E,心脏骤停治疗方案,includes_procedure,PROC-CARD-5F23E250AADD,埋藏式心脏转复除颤器,linked
心律失常,DIS-CARD-SCD-ARREST,心脏骤停,PLAN-CARD-D0001FDBBA7E,心脏骤停治疗方案,includes_procedure,PROC-CARD-36488EFD8194,同步电复律,linked
心律失常,DIS-CARD-SCD-ARREST,心脏骤停,PLAN-CARD-D0001FDBBA7E,心脏骤停治疗方案,includes_procedure,PROC-CARD-6A8C8F96D8A0,心肺复苏,linked
心律失常,DIS-CARD-SCD-ARREST,心脏骤停,PLAN-CARD-D0001FDBBA7E,心脏骤停治疗方案,includes_procedure,PROC-CARD-6CC6BC610CAE,电除颤,linked
心律失常,DIS-CARD-SCD-ARREST,心脏骤停,PLAN-CARD-D0001FDBBA7E,心脏骤停治疗方案,includes_procedure,PROC-CARD-BA093052CBC6,导管消融,linked
心律失常,DIS-CARD-SCD-ARREST,心脏骤停,PLAN-CARD-D0001FDBBA7E,心脏骤停治疗方案,includes_procedure,PROC-CARD-TEXT-D2C1F9E289,心脏再同步治疗,linked
心律失常,DIS-CARD-SCD-ARREST,心脏骤停,PLAN-CARD-D0001FDBBA7E,心脏骤停治疗方案,includes_procedure,PROC-HEART-TRANSPLANT,心脏移植,linked
心律失常,DIS-CARD-SCD-ARREST,心脏骤停,PLAN-CARD-D0001FDBBA7E,心脏骤停治疗方案,includes_procedure,PROC-CARD-TEXT-23F5CDA89B,起搏器植入,linked
心律失常,DIS-CARD-SCD-ARREST,心脏骤停,PLAN-CARD-D0001FDBBA7E,心脏骤停治疗方案,includes_procedure,PROC-CARD-TEXT-84551F84B4,射频消融术,linked
心律失常,DIS-CARD-SCD-ARREST,心脏骤停,PLAN-CARD-D0001FDBBA7E,心脏骤停治疗方案,has_treatment_component,PLAN-CARD-TEXT-7CC38FBA6F,复律治疗,linked
心律失常,DIS-CARD-SCD-ARREST,心脏骤停,PLAN-CARD-D0001FDBBA7E,心脏骤停治疗方案,has_treatment_component,PLAN-CARD-8D7FDE84DC07,射频消融治疗,linked
心律失常,DIS-CARD-SCD-ARREST,心脏骤停,PLAN-CARD-D0001FDBBA7E,心脏骤停治疗方案,has_treatment_component,PLAN-CARD-A694F46F1102,电复律除颤,linked
心律失常,DIS-CARD-SCD-ARREST,心脏骤停,PLAN-CARD-D0001FDBBA7E,心脏骤停治疗方案,has_treatment_component,PLAN-CARD-946BE3CB675F,ICD治疗,linked
心律失常,DIS-CARD-SCD-ARREST,心脏骤停,PLAN-CARD-D0001FDBBA7E,心脏骤停治疗方案,has_treatment_component,PLAN-CARD-946BE3CB675F,ICD治疗,linked
心律失常,DIS-CARD-SCD-ARREST,心脏骤停,PLAN-CARD-D0001FDBBA7E,心脏骤停治疗方案,has_treatment_component,PLAN-CARD-8D7FDE84DC07,射频消融治疗,linked
心律失常,DIS-CARD-SCD-ARREST,心脏骤停,PLAN-CARD-D0001FDBBA7E,心脏骤停治疗方案,has_treatment_component,PLAN-CARD-A694F46F1102,电复律除颤,linked
心律失常,DIS-CARD-SCD-ARREST,心脏骤停,PLAN-CARD-D0001FDBBA7E,心脏骤停治疗方案,has_treatment_component,PLAN-CARD-TEXT-7CC38FBA6F,复律治疗,linked
心律失常,DIS-CARD-SCD-SUDDEN,心脏性猝死,PLAN-CARD-B9AD52AAFDDB,心脏性猝死治疗方案,includes_medication,MED-AMIODARONE,胺碘酮,linked
心律失常,DIS-CARD-SCD-SUDDEN,心脏性猝死,PLAN-CARD-B9AD52AAFDDB,心脏性猝死治疗方案,includes_medication,MED-CARD-968C1FB4A035,普萘洛尔,linked
心律失常,DIS-CARD-SCD-SUDDEN,心脏性猝死,PLAN-CARD-B9AD52AAFDDB,心脏性猝死治疗方案,includes_medication,MED-CARD-91B9687BBE00,利多卡因,linked
心律失常,DIS-CARD-SCD-SUDDEN,心脏性猝死,PLAN-CARD-B9AD52AAFDDB,心脏性猝死治疗方案,includes_medication,MED-CARD-93C891C2079D,硫酸镁,linked
心律失常,DIS-CARD-SCD-SUDDEN,心脏性猝死,PLAN-CARD-B9AD52AAFDDB,心脏性猝死治疗方案,includes_medication,MED-CARD-F50DC811465A,索他洛尔,linked
心律失常,DIS-CARD-SCD-SUDDEN,心脏性猝死,PLAN-CARD-B9AD52AAFDDB,心脏性猝死治疗方案,includes_medication,MED-CARD-C9175F150C3D,美托洛尔,linked
心律失常,DIS-CARD-SCD-SUDDEN,心脏性猝死,PLAN-CARD-B9AD52AAFDDB,心脏性猝死治疗方案,includes_medication,MED-BETA-BLOCKER,β受体阻滞剂,linked
心律失常,DIS-CARD-SCD-SUDDEN,心脏性猝死,PLAN-CARD-B9AD52AAFDDB,心脏性猝死治疗方案,includes_medication,MED-CARD-73E3BE4E64BB,抗心律失常药物,linked
心律失常,DIS-CARD-SCD-SUDDEN,心脏性猝死,PLAN-CARD-B9AD52AAFDDB,心脏性猝死治疗方案,includes_medication,MED-CARD-74936DD4D485,奎尼丁,linked
心律失常,DIS-CARD-SCD-SUDDEN,心脏性猝死,PLAN-CARD-B9AD52AAFDDB,心脏性猝死治疗方案,includes_medication,MED-CARD-CA961D8A62E7,钾剂,linked
心律失常,DIS-CARD-SCD-SUDDEN,心脏性猝死,PLAN-CARD-B9AD52AAFDDB,心脏性猝死治疗方案,includes_medication,MED-CARD-0D88ECB6525C,普罗帕酮,linked
心律失常,DIS-CARD-SCD-SUDDEN,心脏性猝死,PLAN-CARD-B9AD52AAFDDB,心脏性猝死治疗方案,includes_medication,MED-CARD-55157DA54154,硝酸酯类药物,linked
心律失常,DIS-CARD-SCD-SUDDEN,心脏性猝死,PLAN-CARD-B9AD52AAFDDB,心脏性猝死治疗方案,includes_procedure,PROC-CARD-TEXT-D9A9D30763,植入式心律转复除颤器,linked
心律失常,DIS-CARD-SCD-SUDDEN,心脏性猝死,PLAN-CARD-B9AD52AAFDDB,心脏性猝死治疗方案,includes_procedure,PROC-CARD-5F23E250AADD,埋藏式心脏转复除颤器,linked
心律失常,DIS-CARD-SCD-SUDDEN,心脏性猝死,PLAN-CARD-B9AD52AAFDDB,心脏性猝死治疗方案,includes_procedure,PROC-CARD-36488EFD8194,同步电复律,linked
心律失常,DIS-CARD-SCD-SUDDEN,心脏性猝死,PLAN-CARD-B9AD52AAFDDB,心脏性猝死治疗方案,includes_procedure,PROC-CARD-BA093052CBC6,导管消融,linked
心律失常,DIS-CARD-SCD-SUDDEN,心脏性猝死,PLAN-CARD-B9AD52AAFDDB,心脏性猝死治疗方案,includes_procedure,PROC-CARD-128A6330E583,临时起搏,linked
心律失常,DIS-CARD-SCD-SUDDEN,心脏性猝死,PLAN-CARD-B9AD52AAFDDB,心脏性猝死治疗方案,includes_procedure,PROC-CARD-6A8C8F96D8A0,心肺复苏,linked
心律失常,DIS-CARD-SCD-SUDDEN,心脏性猝死,PLAN-CARD-B9AD52AAFDDB,心脏性猝死治疗方案,includes_procedure,PROC-CARD-6CC6BC610CAE,电除颤,linked
心律失常,DIS-CARD-SCD-SUDDEN,心脏性猝死,PLAN-CARD-B9AD52AAFDDB,心脏性猝死治疗方案,includes_procedure,PROC-CARD-TEXT-84551F84B4,射频消融术,linked
心律失常,DIS-CARD-SCD-SUDDEN,心脏性猝死,PLAN-CARD-B9AD52AAFDDB,心脏性猝死治疗方案,includes_procedure,PROC-CARD-E9ADC25A25E3,经皮冠状动脉介入治疗,linked
心律失常,DIS-CARD-SCD-SUDDEN,心脏性猝死,PLAN-CARD-B9AD52AAFDDB,心脏性猝死治疗方案,includes_procedure,PROC-CARD-TEXT-23F5CDA89B,起搏器植入,linked
心律失常,DIS-CARD-SCD-SUDDEN,心脏性猝死,PLAN-CARD-B9AD52AAFDDB,心脏性猝死治疗方案,includes_procedure,PROC-HEART-TRANSPLANT,心脏移植,linked
心律失常,DIS-CARD-SCD-SUDDEN,心脏性猝死,PLAN-CARD-B9AD52AAFDDB,心脏性猝死治疗方案,includes_procedure,PROC-CARD-TEXT-D2C1F9E289,心脏再同步治疗,linked
心律失常,DIS-CARD-SCD-SUDDEN,心脏性猝死,PLAN-CARD-B9AD52AAFDDB,心脏性猝死治疗方案,has_treatment_component,PLAN-CARD-TEXT-7CC38FBA6F,复律治疗,linked
心律失常,DIS-CARD-SCD-SUDDEN,心脏性猝死,PLAN-CARD-B9AD52AAFDDB,心脏性猝死治疗方案,has_treatment_component,PLAN-CARD-E01DCE98BB99,抗心律失常药物治疗,linked
心律失常,DIS-CARD-SCD-SUDDEN,心脏性猝死,PLAN-CARD-B9AD52AAFDDB,心脏性猝死治疗方案,has_treatment_component,PLAN-CARD-946BE3CB675F,ICD治疗,linked
心律失常,DIS-CARD-SCD-SUDDEN,心脏性猝死,PLAN-CARD-B9AD52AAFDDB,心脏性猝死治疗方案,has_treatment_component,PLAN-CARD-A694F46F1102,电复律除颤,linked
心律失常,DIS-CARD-SCD-SUDDEN,心脏性猝死,PLAN-CARD-B9AD52AAFDDB,心脏性猝死治疗方案,has_treatment_component,PLAN-CARD-946BE3CB675F,ICD治疗,linked
心律失常,DIS-CARD-SCD-SUDDEN,心脏性猝死,PLAN-CARD-B9AD52AAFDDB,心脏性猝死治疗方案,has_treatment_component,PLAN-CARD-E01DCE98BB99,抗心律失常药物治疗,linked
心律失常,DIS-CARD-SCD-SUDDEN,心脏性猝死,PLAN-CARD-B9AD52AAFDDB,心脏性猝死治疗方案,has_treatment_component,PLAN-CARD-A694F46F1102,电复律除颤,linked
心律失常,DIS-CARD-SCD-SUDDEN,心脏性猝死,PLAN-CARD-B9AD52AAFDDB,心脏性猝死治疗方案,has_treatment_component,PLAN-CARD-TEXT-7CC38FBA6F,复律治疗,linked
