severity,category,disease_code,disease_name,batch_id,definition_empty,description_empty,description_self_anchor,other_disease_anchor_hits,known_pollution_keywords,flags,current_definition_preview,current_description_preview
P0,冠状动脉粥样硬化性心脏病,DIS-CARD-CAD-STEMI,ST段抬高型心肌梗死,BATCH-CARD-CAD-20260623-001,yes,no,yes,,,definition_empty,,STEMI 是指急性心肌缺血性坏死，大多是在冠脉病变的基础上，发生冠脉血供急剧减少或中断，使相应的心肌严重而持久地急性缺血所致。
P0,冠状动脉粥样硬化性心脏病,DIS-CARD-CAD-UA,不稳定型心绞痛,BATCH-CARD-CAD-20260623-001,yes,no,yes,DIS-CARD-CAD-STABLE-ANGINA:稳定型心绞痛:稳定型心绞痛 | DIS-CARD-HF:心力衰竭:心功能不全,康复医学 | 呼吸康复,definition_empty;description_contains_other_disease_anchor;known_pollution_keyword,,康复医学是一门以消除和减轻功能障碍，弥补和重建功能缺失，设法改善和提高各方面功能的医学学科，是功能障碍的预防、诊断、评估、治疗、训练和处理的医学学科。呼吸康复在呼吸系统疾病的综合治疗中起着非常重要的作用，可以改善因呼吸功能障碍引发的一系列临床问题，提高日常活动及参与社会活动的能力。（一）呼吸康复的概念和目标呼吸康复是基于对病人的全面评估，为病人提供个体化的综合干预措施，包括但不限于运动训练、教育和行为改变，旨在改善慢性呼吸系统疾病病人生理和心理状态，促进健康增益行为的长期坚持。呼吸康复通常由跨学科的团队共同实施完成
P0,冠状动脉粥样硬化性心脏病,DIS-CARD-CAD-SPASM,冠状动脉痉挛,FOUNDATION-CARD-20260624-001,yes,no,yes,,,definition_empty,,冠状动脉痉挛基础骨架节点，来源于《内科学（第10版）》循环系统疾病篇。
P0,冠状动脉粥样硬化性心脏病,DIS-CARD-CAD-CHD,冠状动脉粥样硬化性心脏病,FOUNDATION-CARD-20260624-001,yes,no,yes,DIS-CARD-CAD-ATHEROSCLEROSIS:动脉粥样硬化:动脉粥样硬化,,definition_empty;description_contains_other_disease_anchor,,冠状动脉粥样硬化性心脏病基础骨架节点，来源于《内科学（第10版）》循环系统疾病篇。
P0,冠状动脉粥样硬化性心脏病,DIS-CARD-CAD-ATHEROSCLEROSIS,动脉粥样硬化,FOUNDATION-CARD-20260624-001,yes,no,yes,,,definition_empty,,动脉粥样硬化基础骨架节点，来源于《内科学（第10版）》循环系统疾病篇。
P0,冠状动脉粥样硬化性心脏病,DIS-CARD-CAD-POST-MI-SYNDROME,心肌梗死后综合征,FOUNDATION-CARD-20260624-001,yes,no,yes,DIS-CARD-CAD-AMI:急性心肌梗死:心肌梗死,,definition_empty;description_contains_other_disease_anchor,,心肌梗死后综合征基础骨架节点，来源于《内科学（第10版）》循环系统疾病篇。
P0,冠状动脉粥样硬化性心脏病,DIS-CARD-CAD-ACS,急性冠脉综合征,BATCH-CARD-CAD-20260623-001,yes,no,yes,DIS-CARD-HF-CHF:慢性心力衰竭:慢性心衰 | DIS-CARD-HF-AHF:急性心力衰竭:急性心力衰竭 | DIS-CARD-CM-MYOCARDITIS:心肌炎:心肌炎 | DIS-CARD-HF:心力衰竭:心力衰竭 | DIS-CARD-HF-LEFT:左心衰竭:左心衰竭,急性心力衰竭,definition_empty;description_contains_other_disease_anchor;known_pollution_keyword,,急性心力衰竭（acute heart failure，AHF）是指心力衰竭急性发作和/或加重的一种临床综合征，可以是急性新发或慢性心衰急性失代偿。新发急性心衰的常见病因包括急性心肌损害（如急性冠脉综合征和重症心肌炎等）和急性血流动力学障碍（如急性瓣膜功能障碍、高血压危象、严重心律失常和急性肺栓塞等）。【类型】（一）临床分类 1. 急性左心衰竭急性发作或加重的左心室收缩力降低、负荷加重，造成急性左心排血量骤降、肺循环压力突然升高，出现急性肺淤血、肺水肿并可伴组织器官灌注不足甚至心源性休克。根据起病速度和病情危急程度可
P0,冠状动脉粥样硬化性心脏病,DIS-CARD-CAD-AMI,急性心肌梗死,BATCH-CARD-CAD-20260623-001,yes,no,yes,DIS-CARD-ARR-SND:窦房结功能障碍:病态窦房结综合征,窦性停搏 | 窦性静止,definition_empty;description_contains_other_disease_anchor;known_pollution_keyword,,窦性停搏或窦性静止（sinus pause or sinus arrest）是指窦房结不能产生冲动。心电图表现为在较正常PP 间期显著长的间期内无P 波发生，或P 波与QRS 波均不出现，长的PP 间期与基本窦性PP 间期无倍数关系（图3-3-6）。长时间的窦性停搏后，下位的潜在起搏点，如房室交界处或心室，可发出单个逸搏或逸搏性心律控制心室。窦性停搏多见于窦房结变性与纤维化、急性下壁心肌梗死、脑血管意外等病变以及迷走神经张力增高或颈动脉窦过敏；此外，应用洋地黄类药物、乙酰胆碱等亦可引起窦性停搏。过长时间的窦性停搏（
P0,冠状动脉粥样硬化性心脏病,DIS-CARD-CAD-CCS,慢性冠脉综合征,BATCH-CARD-CAD-20260623-001,yes,no,yes,DIS-CARD-CAD-STABLE-ANGINA:稳定型心绞痛:稳定型心绞痛 | DIS-CARD-CAD-ACS:急性冠脉综合征:急性冠脉综合征 | DIS-CARD-CAD-UA:不稳定型心绞痛:不稳定型心绞痛 | DIS-CARD-CAD-AMI:急性心肌梗死:急性心肌梗死 | DIS-CARD-CM-HCM:肥厚型心肌病:肥厚型心肌病,,definition_empty;description_contains_other_disease_anchor,,变逐渐恢复，支持心绞痛诊断。未捕捉到发作时ECG 者可行ECG 负荷试验。冠脉CTA 有助于无创性评价冠脉管腔狭窄程度及管壁病变性质和分布。冠脉造影可明确病变的严重程度和分布范围，联合腔内影像和功能学技术，有助于诊断和指导进一步治疗。加拿大心血管病学会（CCS）把心绞痛严重程度分为四级。Ⅰ级：一般体力活动（如步行和登楼）不受限，仅在强、快或持续用力时发生心绞痛。Ⅱ级：一般体力活动轻度受限，快步行走、饭后、寒冷或刮风中、精神应激或醒后数小时内发作心绞痛。一般情况下平地步行200m 以上或登楼一层以上受限。Ⅲ级：一般体
P0,冠状动脉粥样硬化性心脏病,DIS-CARD-CAD-STABLE-ANGINA,稳定型心绞痛,BATCH-CARD-CAD-20260623-001,yes,no,yes,DIS-CARD-CAD-CHD:冠状动脉粥样硬化性心脏病:冠心病 | DIS-CARD-CAD-AMI:急性心肌梗死:心肌梗死 | DIS-CARD-CAD-SILENT-ISCHEMIA:隐匿性冠心病:无症状心肌缺血,,definition_empty;description_contains_other_disease_anchor,,【诊断】 1. 发病特点隐匿型冠心病（latent coronary heart disease）或无症状性冠心病是指没有心绞痛症状，但有心肌缺血客观证据的冠心病，其心肌缺血ECG 表现可见于静息时，也可在负荷状态下才出现，常为动态ECG 记录所发现，也可为各种影像学检查所证实。2. 临床表现可分为三种类型：①有心肌缺血客观证据，但无心绞痛症状；②曾有过心肌梗死病史，现有心肌缺血客观证据，但无症状；③有心肌缺血发作，有时有症状，有时无症状，此类病人居多。糖尿病病人无症状心肌缺血更多见。应及时发现这类病人，并为其提供
P0,冠状动脉粥样硬化性心脏病;心肌病,DIS-CARD-CAD-ICM,缺血性心肌病,BATCH-CARD-CAD-20260623-001,yes,no,yes,DIS-CARD-CM-DCM:扩张型心肌病:DCM | DIS-CARD-CM-NDLVCM:非扩张型左心室心肌病:非扩张型左心室心肌病 | DIS-CARD-CM-ARVC:致心律失常性右心室心肌病:ARVC | DIS-CARD-HF:心力衰竭:心功能不全 | DIS-CARD-ARR-SVT:室上性心动过速:SVT,非扩张型左心室心肌病,definition_empty;description_contains_other_disease_anchor;known_pollution_keyword,,非扩张型左心室心肌病（non-dilated left ventricular cardiomyopathy，NDLVC）是指在无左心室扩张情况下，左心室存在着非缺血性瘢痕或脂肪替代，伴或不伴整体或局部室壁运动异常；这些心肌病变仅由负荷异常或心肌缺血无法解释。【发病机制】 遗传背景和基因突变是其主要发病机制，但与ARVC 和DCM 有重叠。【临床表现】 多数NDLVC 病人无明显症状和体征，但部分病人出现与心律失常或心功能不全的相关症状，少数病人最初表现为严重心律失常如SVT、VF，甚至猝死。【辅助检查】 1. 心
P0,冠状动脉粥样硬化性心脏病,DIS-CARD-CAD-OLD-MI,陈旧性心肌梗死,BATCH-CARD-CAD-20260623-001,yes,no,yes,DIS-CARD-ARR-PVC:室性期前收缩:室性期前收缩 | DIS-CARD-ARR-VT:持续性室性心动过速:室性心动过速 | DIS-CARD-ARR-BRUGADA:Brugada综合征:Brugada | DIS-CARD-CAD-ATHEROSCLEROSIS:动脉粥样硬化:动脉粥样硬化 | DIS-CARD-CAD-CHD:冠状动脉粥样硬化性心脏病:冠心病,心脏骤停,definition_empty;description_contains_other_disease_anchor;known_pollution_keyword,,心脏骤停（cardiac arrest，CA）是指心脏射血功能突然终止，造成全身血液循环中断、呼吸停止和意识丧失。心脏骤停发生后，由于脑血流突然中断，10 秒左右病人即可出现意识丧失，如在4～6 分钟黄金时段内及时救治，存活概率较高，否则将发生生物学死亡，自发逆转者罕见。按照发生地点不同，心脏骤停分为院外心脏骤停（out-of-hospital cardiac arrest，OHCA）和院内心脏骤停（in-hospital cardiac arrest，IHCA）。国家科技基础资源调查专项数据显示，我国2020年由
P0,冠状动脉粥样硬化性心脏病,DIS-CARD-CAD-SILENT-ISCHEMIA,隐匿性冠心病,BATCH-CARD-CAD-20260623-001,yes,no,yes,DIS-CARD-CAD-CHD:冠状动脉粥样硬化性心脏病:冠心病 | DIS-CARD-CAD-STABLE-ANGINA:稳定型心绞痛:稳定型心绞痛 | DIS-CARD-CAD-AMI:急性心肌梗死:心肌梗死,,definition_empty;description_contains_other_disease_anchor,,【诊断】 1. 发病特点隐匿型冠心病（latent coronary heart disease）或无症状性冠心病是指没有心绞痛症状，但有心肌缺血客观证据的冠心病，其心肌缺血ECG 表现可见于静息时，也可在负荷状态下才出现，常为动态ECG 记录所发现，也可为各种影像学检查所证实。2. 临床表现可分为三种类型：①有心肌缺血客观证据，但无心绞痛症状；②曾有过心肌梗死病史，现有心肌缺血客观证据，但无症状；③有心肌缺血发作，有时有症状，有时无症状，此类病人居多。糖尿病病人无症状心肌缺血更多见。应及时发现这类病人，并为其提供
P0,冠状动脉粥样硬化性心脏病,DIS-CARD-CAD-NSTEMI,非ST段抬高型心肌梗死,BATCH-CARD-CAD-20260623-001,yes,no,yes,DIS-CARD-CAD-ATHEROSCLEROSIS:动脉粥样硬化:动脉粥样硬化 | DIS-CARD-CAD-CHD:冠状动脉粥样硬化性心脏病:冠状动脉粥样硬化性心脏病 | DIS-CARD-CAD-ACS:急性冠脉综合征:急性冠脉综合征 | DIS-CARD-CAD-AMI:急性心肌梗死:心肌梗死 | DIS-CARD-CAD-STEMI:ST段抬高型心肌梗死:ST段抬高型心肌梗死,,definition_empty;description_contains_other_disease_anchor,,非ST段抬高型心肌梗死（NSTEMI，Non-ST-segment elevation myocardial infarction）为冠状动脉粥样硬化性心脏病范围内的疾病或临床亚型，属于急性冠脉综合征谱系。
P0,心力衰竭,DIS-CARD-HF-BIVENTRICULAR,全心衰竭,BATCH-CARD-HF-20260629-001,yes,no,yes,DIS-CARD-HF:心力衰竭:心力衰竭,,definition_empty;description_contains_other_disease_anchor,,全心衰竭（Biventricular heart failure）为心力衰竭范围内的疾病或临床亚型，属于按受累心腔分类。
P0,心力衰竭,DIS-CARD-HF-RIGHT,右心衰竭,BATCH-CARD-HF-20260629-001,yes,no,yes,DIS-CARD-CM-RCM:限制型心肌病:限制型心肌病,限制型心肌病,definition_empty;description_contains_other_disease_anchor;known_pollution_keyword,,限制型心肌病（restrictive cardiomyopathy，RCM）是以心室壁僵硬增加、舒张功能降低、充盈受限而产生临床右心衰症状为特征的一类心肌病。
P0,心力衰竭,DIS-CARD-HF-HFpEF,射血分数保留的心力衰竭,BATCH-CARD-HF-20260629-001,yes,no,yes,DIS-CARD-HF:心力衰竭:心力衰竭,,definition_empty;description_contains_other_disease_anchor,,射血分数保留的心力衰竭（HFpEF，Heart failure with preserved ejection fraction）为心力衰竭范围内的疾病或临床亚型，属于按射血分数分类。
P0,心力衰竭,DIS-CARD-HF-HFmrEF,射血分数轻度降低的心力衰竭,BATCH-CARD-HF-20260629-001,yes,no,yes,DIS-CARD-HF:心力衰竭:心力衰竭,,definition_empty;description_contains_other_disease_anchor,,射血分数轻度降低的心力衰竭（HFmrEF，Heart failure with mildly reduced ejection fraction）为心力衰竭范围内的疾病或临床亚型，属于按射血分数分类。
P0,心力衰竭,DIS-CARD-HF-HFrEF,射血分数降低的心力衰竭,BATCH-CARD-HF-20260629-001,yes,no,yes,DIS-CARD-HF:心力衰竭:心力衰竭 | DIS-CARD-HF-HFmrEF:射血分数轻度降低的心力衰竭:HFmrEF | DIS-CARD-HF-HFpEF:射血分数保留的心力衰竭:HFpEF,,definition_empty;description_contains_other_disease_anchor,,最后由共识 HFrEF 定义为LVEF ≤40% 的心力衰竭；制定组将共识提交共识指导委员会批准，并且通过 HFmrEF 定义为LVEF 41%~49% 的心力衰竭；HFpEF 心衰中心专家委员会经邮件发送给相关人员。
P0,心力衰竭,DIS-CARD-HF-LEFT,左心衰竭,BATCH-CARD-HF-20260629-001,yes,no,yes,,,definition_empty,,左心衰竭由左心室代偿功能不全所致，以肺循环淤血为特征，临床上较为常见。
P0,心力衰竭,DIS-CARD-HF,心力衰竭,BATCH-CARD-HF-20260629-001,yes,no,yes,DIS-CARD-HF-CHF:慢性心力衰竭:慢性心衰 | DIS-CARD-HF-AHF:急性心力衰竭:急性心力衰竭,急性心力衰竭,definition_empty;description_contains_other_disease_anchor;known_pollution_keyword,,急性心力衰竭（acute heart failure，AHF）是指心力衰竭急性发作和/或加重的一种临床综合征，可以是急性新发或慢性心衰急性失代偿。
P0,心力衰竭,DIS-CARD-HF-POST-MI,心肌梗死后心力衰竭,BATCH-CARD-HF-20260629-001,yes,no,yes,DIS-CARD-CAD-AMI:急性心肌梗死:心肌梗死 | DIS-CARD-HF:心力衰竭:心力衰竭,,definition_empty;description_contains_other_disease_anchor,,心肌梗死后心力衰竭（post-MI HF，Post-myocardial infarction heart failure）为心力衰竭范围内的疾病或临床亚型，属于特殊人群及病因相关心力衰竭。
P0,心力衰竭,DIS-CARD-HF-AHF,急性心力衰竭,BATCH-CARD-HF-20260629-001,yes,no,yes,DIS-CARD-HF-CHF:慢性心力衰竭:慢性心衰 | DIS-CARD-HF:心力衰竭:心力衰竭,急性心力衰竭,definition_empty;description_contains_other_disease_anchor;known_pollution_keyword,,急性心力衰竭（acute heart failure，AHF）是指心力衰竭急性发作和/或加重的一种临床综合征，可以是急性新发或慢性心衰急性失代偿。
P0,心力衰竭,DIS-CARD-HF-CHF,慢性心力衰竭,BATCH-CARD-HF-20260629-001,yes,no,yes,DIS-CARD-HF-AHF:急性心力衰竭:急性心力衰竭 | DIS-CARD-HF:心力衰竭:心力衰竭,急性心力衰竭,definition_empty;description_contains_other_disease_anchor;known_pollution_keyword,,急性心力衰竭（acute heart failure，AHF）是指心力衰竭急性发作和/或加重的一种临床综合征，可以是急性新发或慢性心衰急性失代偿。
P0,心力衰竭,DIS-CARD-HF-DIALYSIS-CHF,透析患者慢性心力衰竭,BATCH-CARD-HF-20260629-001,yes,no,yes,DIS-CARD-HF-CHF:慢性心力衰竭:慢性心力衰竭 | DIS-CARD-HF:心力衰竭:心力衰竭,,definition_empty;description_contains_other_disease_anchor,,透析患者慢性心力衰竭（Chronic heart failure in dialysis patients）为心力衰竭范围内的疾病或临床亚型，属于特殊人群及病因相关心力衰竭。
P0,心律失常,DIS-CARD-ARR-BRUGADA,Brugada综合征,BATCH-CARD-VA-SCD-20260704-001_室性心律失常心脏性猝死_VA_SCD,yes,no,yes,DIS-CARD-ARR-VT:持续性室性心动过速:室性心动过速 | DIS-CARD-CAD-CHD:冠状动脉粥样硬化性心脏病:冠心病 | DIS-CARD-HF:心力衰竭:心力衰竭 | DIS-CARD-ARR-NSVT:非持续性室性心动过速:非持续性室速,,definition_empty;description_contains_other_disease_anchor,,室性心动过速（ventricular tachycardia，VT）简称室速，是起源于希氏束以下的特殊传导系统或者心室肌的连续3 个或3 个以上的异位心搏。及时正确地判断和治疗室速具有非常重要的临床意义。【病因】 室速常发生于各种器质性心脏病病人。最常见为冠心病，其次是心肌病、心力衰竭、瓣膜性心脏病等，其他病因包括代谢障碍、电解质紊乱、洋地黄中毒等。室速偶可发生在无器质性心脏病者，称为特发性室速，其多起源于右心室流出道（右室特发性室速）、左心室间隔部（左室特发性室速）和主动脉窦部。少部分室速与遗传因素有关，又称为离
P0,心律失常,DIS-CARD-ARR-AVB1,一度房室传导阻滞,BATCH-CARD-BRADY-AVB-20260705-001_缓慢性心律失常传导阻滞_Bradyarrhythmia_AVBlock,yes,no,yes,DIS-CARD-ARR-AVB:房室传导阻滞:房室传导阻滞 | DIS-CARD-ARR-AVB2:二度房室传导阻滞:二度房室传导阻滞 | DIS-CARD-ARR-AVB3:三度房室传导阻滞:三度房室传导阻滞,,definition_empty;description_contains_other_disease_anchor,,房室传导阻滞（atrioventricular block）是指房室交界区脱离了生理不应期后，心房冲动传导延迟或不能传导至心室。房室传导阻滞可以发生在房室结、希氏束以及束支等不同的部位。房室传导阻滞根据严重程度分为三度：一度房室传导阻滞的传导时间延长，但全部冲动仍能传导至心室。二度房室传导阻滞又分为Ⅰ型（文氏阻滞）和Ⅱ型，Ⅰ型阻滞表现为传导时间进行性延长，直至一次冲动不能传导至心室；Ⅱ型阻滞表现为间歇出现的传导阻滞；两个及以上连续的冲动不能下传至心室，常称为高度房室传导阻滞。三度房室传导阻滞又称完全性房室传导阻滞，
P0,心律失常,DIS-CARD-ARR-AVB3,三度房室传导阻滞,BATCH-CARD-BRADY-AVB-20260705-001_缓慢性心律失常传导阻滞_Bradyarrhythmia_AVBlock,yes,no,yes,DIS-CARD-ARR-AVB:房室传导阻滞:房室传导阻滞 | DIS-CARD-ARR-AVB1:一度房室传导阻滞:一度房室传导阻滞 | DIS-CARD-ARR-AVB2:二度房室传导阻滞:二度房室传导阻滞,,definition_empty;description_contains_other_disease_anchor,,房室传导阻滞（atrioventricular block）是指房室交界区脱离了生理不应期后，心房冲动传导延迟或不能传导至心室。房室传导阻滞可以发生在房室结、希氏束以及束支等不同的部位。房室传导阻滞根据严重程度分为三度：一度房室传导阻滞的传导时间延长，但全部冲动仍能传导至心室。二度房室传导阻滞又分为Ⅰ型（文氏阻滞）和Ⅱ型，Ⅰ型阻滞表现为传导时间进行性延长，直至一次冲动不能传导至心室；Ⅱ型阻滞表现为间歇出现的传导阻滞；两个及以上连续的冲动不能下传至心室，常称为高度房室传导阻滞。三度房室传导阻滞又称完全性房室传导阻滞，
P0,心律失常,DIS-CARD-ARR-AVB2,二度房室传导阻滞,BATCH-CARD-BRADY-AVB-20260705-001_缓慢性心律失常传导阻滞_Bradyarrhythmia_AVBlock,yes,no,yes,DIS-CARD-ARR-AVB:房室传导阻滞:房室传导阻滞 | DIS-CARD-ARR-AVB1:一度房室传导阻滞:一度房室传导阻滞 | DIS-CARD-ARR-AVB3:三度房室传导阻滞:三度房室传导阻滞,,definition_empty;description_contains_other_disease_anchor,,房室传导阻滞（atrioventricular block）是指房室交界区脱离了生理不应期后，心房冲动传导延迟或不能传导至心室。房室传导阻滞可以发生在房室结、希氏束以及束支等不同的部位。房室传导阻滞根据严重程度分为三度：一度房室传导阻滞的传导时间延长，但全部冲动仍能传导至心室。二度房室传导阻滞又分为Ⅰ型（文氏阻滞）和Ⅱ型，Ⅰ型阻滞表现为传导时间进行性延长，直至一次冲动不能传导至心室；Ⅱ型阻滞表现为间歇出现的传导阻滞；两个及以上连续的冲动不能下传至心室，常称为高度房室传导阻滞。三度房室传导阻滞又称完全性房室传导阻滞，
P0,心律失常,DIS-CARD-ARR-CPVT,儿茶酚胺敏感性多形性室性心动过速,BATCH-CARD-VA-SCD-20260704-001_室性心律失常心脏性猝死_VA_SCD,yes,no,yes,DIS-CARD-ARR-AT:房性心动过速:房性心动过速 | DIS-CARD-ARR-AF:心房颤动:心房颤动 | DIS-CARD-ARR-PVC:室性期前收缩:室性期前收缩 | DIS-CARD-ARR-VT:持续性室性心动过速:室性心动过速 | DIS-CARD-ARR-AVB:房室传导阻滞:房室传导阻滞,,definition_empty;description_contains_other_disease_anchor,,病病史；④是否有引起心脏病变的全身性疾病，如甲亢；⑤是否有服药史，尤其是抗心律失常药物、洋地黄类药物和影响电解质的药物；⑥是否置入心脏永久起搏器等。（二）体格检查体格检查首要的重点是确定是否存在心血管疾病。检查心率与节律可发现期前收缩、心房颤动、心动过速或过缓等心律失常；完全性房室传导阻滞或房室分离时心律规则，因PR 间期不同，第一心音强度亦随之变化。左束支传导阻滞可闻及第二心音反常分裂。（三）心电图检查 1. 静息心电图是诊断心律失常最重要的无创伤性检查技术，常规心电图分析原则：①根据P 波形态特征判断基本心律是
P0,心律失常,DIS-CARD-ARR-SVT,室上性心动过速,BATCH-CARD-SVT-AFL-20260703-001_室上速房扑_SVT_AtrialFlutter,yes,no,yes,,,definition_empty,,"短RP 间期的室上速是指RP 间期的室上速表现动过速RR 间期的一半,而长RP(表3、图2)。"
P0,心律失常,DIS-CARD-ARR-VA,室性心律失常,BATCH-CARD-VA-SCD-20260704-001_室性心律失常心脏性猝死_VA_SCD,yes,no,yes,DIS-CARD-ARR-LQTS:长QT间期综合征:LQTS | DIS-CARD-ARR-BRUGADA:Brugada综合征:Brugada | DIS-CARD-SCD-ARREST:心脏骤停:心搏骤停 | DIS-CARD-SCD-SUDDEN:心脏性猝死:心脏性猝死,,definition_empty;description_contains_other_disease_anchor,,当离子通道或调控通道的蛋白质发生基因突变时，其功能出现异常升高或降低，导致心肌细胞除极或复极过程异常，从而延长或缩短动作电位时程而产生心律失常甚至猝死，称为离子通道病。随着基因检测技术的发展，许多排除了器质性心脏病而反复出现不明原因晕厥甚至心脏性猝死的病人被证明存在基因变异，尤其是具有家族史者，目前将此类疾病统称为遗传性心律失常综合征，常见的离子通道病有： 1. 长QT 间期综合征（long-QT syndrome，LQTS）可分为先天性和获得性。先天性大多数是由一个或多个基因突变导致的家族遗传性疾病。获得性病人也
P0,心律失常,DIS-CARD-ARR-PVC,室性期前收缩,BATCH-CARD-VA-SCD-20260704-001_室性心律失常心脏性猝死_VA_SCD,yes,no,yes,,,definition_empty,,室性期前收缩（premature ventricular beats）是一种最常见的心律失常。是指希氏束分叉以下部位过早发生的，提前使心肌除极的心搏。
P0,心律失常,DIS-CARD-ARR-TDP,尖端扭转型室性心动过速,BATCH-CARD-VA-SCD-20260704-001_室性心律失常心脏性猝死_VA_SCD,yes,no,yes,DIS-CARD-ARR-VT:持续性室性心动过速:室性心动过速 | DIS-CARD-SCD-SUDDEN:心脏性猝死:心脏性猝死 | DIS-CARD-ARR-VA:室性心律失常:室性心律失常,,definition_empty;description_contains_other_disease_anchor,,尖端扭转型室性心动过速（TdP，Torsades de pointes）为室性心律失常及心脏性猝死范围内的疾病或临床亚型，属于室性心律失常谱系。
P0,心律失常,DIS-CARD-ARR-VF,心室扑动与心室颤动,BATCH-CARD-VA-SCD-20260704-001_室性心律失常心脏性猝死_VA_SCD,yes,no,yes,DIS-CARD-SCD-ARREST:心脏骤停:心脏骤停,心脏骤停,definition_empty;description_contains_other_disease_anchor;known_pollution_keyword,,1. 通气与氧供如果病人自主呼吸没有恢复，应尽早行气管插管，充分通气的目的是纠正低氧血症。院外病人通常用面罩、简易球囊维持通气，医院内病人在呼吸机可用之前，使用球囊面罩通气，挤压1L 容量成人球囊1/2～2/3 或2L 容量成人球囊1/3 量即可，气管插管后，通气频率统一为每6 秒 1 次（每分钟10 次）。呼吸机可用后，需要根据血气分析结果进行呼吸机参数调整。2. 电除颤、复律与起搏治疗心脏骤停时最常见的心律失常是室颤。及时的胸外按压和人工呼吸虽可部分维持心脑功能，但极少能将室颤转为窦性心律，而迅速恢复有效的心律
P0,心律失常,DIS-CARD-ARR-AFL,心房扑动,BATCH-CARD-SVT-AFL-20260703-001_室上速房扑_SVT_AtrialFlutter,yes,no,yes,DIS-CARD-ARR-SVT:室上性心动过速:室上性心动过速,,definition_empty;description_contains_other_disease_anchor,,心房扑动（AFL，Atrial flutter）为室上性心动过速及心房扑动范围内的疾病或临床亚型，属于室上性快速性心律失常。
P0,心律失常,DIS-CARD-ARR-AF,心房颤动,BATCH-CARD-AF-20260701-001_房颤_AtrialFibrillation,yes,no,yes,DIS-CARD-CM-HCM:肥厚型心肌病:肥厚型心肌病,,definition_empty;description_contains_other_disease_anchor,,2. 心室舒张和充盈受限心室充盈受限是指在静脉回心血量无明显减少的情况下，因心脏本身的病变引起的心脏舒张和充盈障碍。如，肥厚型心肌病时肥厚心肌的顺应性减退，舒张能力降低，使心室舒张期充盈障碍；房颤快心室率时心室舒张期缩短，房室收缩不同步，心室充盈受限。最终导致
P0,心律失常,DIS-CARD-ARR-AVB,房室传导阻滞,BATCH-CARD-BRADY-AVB-20260705-001_缓慢性心律失常传导阻滞_Bradyarrhythmia_AVBlock,yes,no,yes,,,definition_empty,,房室传导阻滞（atrioventricular block）是指房室交界区脱离了生理不应期后，心房冲动传导延迟或不能传导至心室。
P0,心律失常,DIS-CARD-ARR-AVRT,房室折返性心动过速,BATCH-CARD-SVT-AFL-20260703-001_室上速房扑_SVT_AtrialFlutter,yes,no,yes,DIS-CARD-ARR-AFL:心房扑动:心房扑动 | DIS-CARD-ARR-SVT:室上性心动过速:室上性心动过速,,definition_empty;description_contains_other_disease_anchor,,房室折返性心动过速（AVRT，Atrioventricular reentrant tachycardia）为室上性心动过速及心房扑动范围内的疾病或临床亚型，属于室上性快速性心律失常。
P0,心律失常,DIS-CARD-ARR-AVNRT,房室结折返性心动过速,BATCH-CARD-SVT-AFL-20260703-001_室上速房扑_SVT_AtrialFlutter,yes,no,yes,DIS-CARD-ARR-AFL:心房扑动:心房扑动 | DIS-CARD-ARR-SVT:室上性心动过速:室上性心动过速,,definition_empty;description_contains_other_disease_anchor,,房室结折返性心动过速（AVNRT，Atrioventricular nodal reentrant tachycardia）为室上性心动过速及心房扑动范围内的疾病或临床亚型，属于室上性快速性心律失常。
P0,心律失常,DIS-CARD-ARR-AT,房性心动过速,BATCH-CARD-SVT-AFL-20260703-001_室上速房扑_SVT_AtrialFlutter,yes,no,yes,,,definition_empty,,抗心律失常药物治疗无效的局限区域折返性十六、局限区域折返性房性心动过速 Ⅱa C 局限区域折返性房速定义为房速的折返环局限房性心动过速推荐行导管消融治疗在心房某个局限区域内(直径通常≤2 cm)。
P0,心律失常,DIS-CARD-ARR-VT,持续性室性心动过速,BATCH-CARD-VA-SCD-20260704-001_室性心律失常心脏性猝死_VA_SCD,yes,no,yes,,,definition_empty,,特发性室性心动过速（idiopathic ventricular tachycardia，IVT）是指发生在无结构性心脏病病人中的单形性室速，多为阵发性，也可无休止发作。
P0,心律失常,DIS-CARD-ARR-ERS,早期复极综合征,FOUNDATION-CARD-20260624-001,yes,no,yes,,,definition_empty,,早期复极综合征基础骨架节点，来源于《内科学（第10版）》循环系统疾病篇。
P0,心律失常,DIS-CARD-ARR-BBB,束支传导阻滞,BATCH-CARD-BRADY-AVB-20260705-001_缓慢性心律失常传导阻滞_Bradyarrhythmia_AVBlock,yes,no,yes,DIS-CARD-ARR-BRADY:缓慢性心律失常:缓慢性心律失常,,definition_empty;description_contains_other_disease_anchor,,束支传导阻滞（LBBB，Bundle branch block）为缓慢性心律失常及传导阻滞范围内的疾病或临床亚型，属于缓慢性心律失常及传导阻滞。
P0,心律失常,DIS-CARD-ARR-SQTS,短QT间期综合征,BATCH-CARD-VA-SCD-20260704-001_室性心律失常心脏性猝死_VA_SCD,yes,no,yes,,,definition_empty,,SQTS:SQTS 是一种以心电图QT 转复除颤器缩短、伴有恶性心律失常为特征的遗传性心律失常相关的致病基综合征。
P0,心律失常,DIS-CARD-ARR-SB,窦性心动过缓,BATCH-CARD-BRADY-AVB-20260705-001_缓慢性心律失常传导阻滞_Bradyarrhythmia_AVBlock,yes,no,no,,,definition_empty;description_no_self_anchor,,指在标准条件下所测得的HCO3－含量。标准条件是指在37℃条件下，全血标本与PaCO2为40mmHg的气体平衡后，使血红蛋白完全氧合所测得的HCO3－含量。正常值为22～26（平均24）mmol／L。SB不受呼吸因素的影响，反映HCO3－的储备量，是代谢性酸碱平衡的重要指标。SB增加提示代谢性碱中毒，减低提示代谢性酸中毒。
P0,心律失常,DIS-CARD-ARR-SINUS,窦性心律失常,FOUNDATION-CARD-20260624-001,yes,no,yes,,,definition_empty,,窦性心律失常基础骨架节点，来源于《内科学（第10版）》循环系统疾病篇。
P0,心律失常,DIS-CARD-ARR-SAB,窦房传导阻滞,BATCH-CARD-BRADY-AVB-20260705-001_缓慢性心律失常传导阻滞_Bradyarrhythmia_AVBlock,yes,no,yes,DIS-CARD-ARR-AT:房性心动过速:房性心动过速 | DIS-CARD-ARR-AFL:心房扑动:心房扑动 | DIS-CARD-ARR-AF:心房颤动:心房颤动 | DIS-CARD-ARR-AVB:房室传导阻滞:房室传导阻滞 | DIS-CARD-ARR-BRADY:缓慢性心律失常:心动过缓,窦性停搏,definition_empty;description_contains_other_disease_anchor;known_pollution_keyword,,心电图主要表现包括：①持续而显著的窦性心动过缓（50次／分以下），且并非由于药物引起；②窦性停搏与窦房传导阻滞；③窦房传导阻滞与房室传导阻滞同时并存；④心动过缓-心动过速综合征（bradycardia-tachycardia syndrome），这是指心动过缓与房性快速性心律失常（心房扑动、心房颤动或房性心动过速）交替发作。
P0,心律失常,DIS-CARD-ARR-SND,窦房结功能障碍,BATCH-CARD-BRADY-AVB-20260705-001_缓慢性心律失常传导阻滞_Bradyarrhythmia_AVBlock,yes,no,yes,DIS-CARD-ARR-BRADY:缓慢性心律失常:缓慢性心律失常,,definition_empty;description_contains_other_disease_anchor,,窦房结功能障碍（SND，Sinus node dysfunction）为缓慢性心律失常及传导阻滞范围内的疾病或临床亚型，属于缓慢性心律失常及传导阻滞。
P0,心律失常,DIS-CARD-ARR-BRADY,缓慢性心律失常,BATCH-CARD-BRADY-AVB-20260705-001_缓慢性心律失常传导阻滞_Bradyarrhythmia_AVBlock,yes,no,yes,,,definition_empty,,心律失常是指心脏冲动的频率、节律、起源部位、传导速度或激动次序的异常，其发生机制包括冲动形成异常和冲动传导异常。依据心律失常发生时心率的快慢，可分为快速性与缓慢性心律失常两大类。快速性心律失常最重要的发生机制是折返，90%左右的快速型心律失常是由折返机制引起的。
P0,心律失常,DIS-CARD-ARR-LQTS,长QT间期综合征,BATCH-CARD-VA-SCD-20260704-001_室性心律失常心脏性猝死_VA_SCD,yes,no,yes,DIS-CARD-ARR-BRUGADA:Brugada综合征:Brugada | DIS-CARD-SCD-ARREST:心脏骤停:心搏骤停 | DIS-CARD-SCD-SUDDEN:心脏性猝死:心脏性猝死 | DIS-CARD-ARR-VA:室性心律失常:室性心律失常,,definition_empty;description_contains_other_disease_anchor,,当离子通道或调控通道的蛋白质发生基因突变时，其功能出现异常升高或降低，导致心肌细胞除极或复极过程异常，从而延长或缩短动作电位时程而产生心律失常甚至猝死，称为离子通道病。随着基因检测技术的发展，许多排除了器质性心脏病而反复出现不明原因晕厥甚至心脏性猝死的病人被证明存在基因变异，尤其是具有家族史者，目前将此类疾病统称为遗传性心律失常综合征，常见的离子通道病有： 1. 长QT 间期综合征（long-QT syndrome，LQTS）可分为先天性和获得性。先天性大多数是由一个或多个基因突变导致的家族遗传性疾病。获得性病人也
P0,心律失常,DIS-CARD-ARR-PSVT,阵发性室上性心动过速,FOUNDATION-CARD-20260624-001,yes,no,yes,DIS-CARD-ARR-SVT:室上性心动过速:室上性心动过速,,definition_empty;description_contains_other_disease_anchor,,阵发性室上性心动过速基础骨架节点，来源于《内科学（第10版）》循环系统疾病篇。
P0,心律失常,DIS-CARD-ARR-NSVT,非持续性室性心动过速,BATCH-CARD-VA-SCD-20260704-001_室性心律失常心脏性猝死_VA_SCD,yes,no,yes,DIS-CARD-ARR-VT:持续性室性心动过速:室性心动过速 | DIS-CARD-ARR-BRUGADA:Brugada综合征:Brugada | DIS-CARD-CAD-CHD:冠状动脉粥样硬化性心脏病:冠心病 | DIS-CARD-HF:心力衰竭:心力衰竭,,definition_empty;description_contains_other_disease_anchor,,室性心动过速（ventricular tachycardia，VT）简称室速，是起源于希氏束以下的特殊传导系统或者心室肌的连续3 个或3 个以上的异位心搏。及时正确地判断和治疗室速具有非常重要的临床意义。【病因】 室速常发生于各种器质性心脏病病人。最常见为冠心病，其次是心肌病、心力衰竭、瓣膜性心脏病等，其他病因包括代谢障碍、电解质紊乱、洋地黄中毒等。室速偶可发生在无器质性心脏病者，称为特发性室速，其多起源于右心室流出道（右室特发性室速）、左心室间隔部（左室特发性室速）和主动脉窦部。少部分室速与遗传因素有关，又称为离
P0,心律失常,DIS-CARD-ARR-WPW,预激综合征,BATCH-CARD-SVT-AFL-20260703-001_室上速房扑_SVT_AtrialFlutter,yes,no,yes,,,definition_empty,,预激综合征（preexcitation syndrome）又称Wolf-Parkinson-White综合征（WPW综合征），是指心电图呈预激表现，临床上有心动过速发作。
P0,心肌病,DIS-CARD-CM-ATRIAL,心房心肌病,BATCH-CARD-CM-20260622-001,yes,no,yes,,,definition_empty,,心房心肌病是指心房结构、收缩、舒张或电生理特性发生异常并具有潜在临床相关表现的一组心房病变，可与房性心律失常、血栓栓塞风险增加和心功能异常相关。
P0,心肌病,DIS-CARD-CM-MYOCARDITIS,心肌炎,FOUNDATION-CARD-20260624-001,yes,no,yes,,,definition_empty,,心肌炎基础骨架节点，来源于《内科学（第10版）》循环系统疾病篇。
P0,心肌病,DIS-CARD-CM-DCM,扩张型心肌病,BATCH-CARD-CM-20260622-001,yes,no,yes,,,definition_empty,,扩张型心肌病（dilated cardiomyopathy，DCM）是一类以左室或双心室扩大伴收缩功能障碍为特征的心肌病，且无法以负荷异常或心肌缺血等来解释。
P0,心肌病,DIS-CARD-CM-FABRY,法布雷病心肌病,BATCH-CARD-CM-20260622-001,yes,no,yes,DIS-CARD-HF:心力衰竭:心力衰竭,,definition_empty;description_contains_other_disease_anchor,,法布雷病心肌病是法布雷病累及心脏所致的贮积性心肌病，通常由α-半乳糖苷酶A活性缺乏导致糖鞘脂在心肌细胞、传导系统和血管内皮等部位沉积，常表现为左心室肥厚、心律失常、传导异常、心绞痛样症状和心力衰竭风险。
P0,心肌病,DIS-CARD-CM-AMYLOID,淀粉样变心肌病,BATCH-CARD-CM-20260622-001,yes,no,yes,DIS-CARD-HF:心力衰竭:心力衰竭,,definition_empty;description_contains_other_disease_anchor,,淀粉样变心肌病是由淀粉样蛋白沉积于心肌间质和血管等部位引起的浸润性心肌病，常表现为心室壁增厚、舒张/限制性充盈障碍、传导异常、心律失常和心力衰竭，可见于AL型或ATTR型等淀粉样变。
P0,心肌病,DIS-CARD-CM-HCM,肥厚型心肌病,BATCH-CARD-CM-20260622-001,yes,no,yes,,,definition_empty,,肥厚型心肌病（hypertrophic cardiomyopathy，HCM）是一类以左心室和/或右心室肥厚，伴舒张功能障碍为特征的心肌病，需排除继发于后负荷增加或系统性疾病的心肌肥厚。
P0,心肌病,DIS-CARD-CM-ABVC,致心律失常性双心室心肌病,BATCH-CARD-CM-20260622-001,yes,no,yes,,,definition_empty,,致心律失常性双心室心肌病（ABVC，Arrhythmogenic biventricular cardiomyopathy）为心肌病范围内的疾病或临床亚型，属于心律失常表型心肌病。
P0,心肌病,DIS-CARD-CM-ARVC,致心律失常性右心室心肌病,BATCH-CARD-CM-20260622-001,yes,no,yes,,,definition_empty,,致心律失常性右心室心肌病（arrhythmogenic right ventricular cardiomyopathy，ARVC）是以进展性右心室心肌萎缩并被纤维或/和脂肪替代为特征的心肌疾病。
P0,心肌病,DIS-CARD-CM-ALVC,致心律失常性左心室心肌病,BATCH-CARD-CM-20260622-001,yes,no,yes,DIS-CARD-ARR-VA:室性心律失常:ventricular arrhythmias | DIS-CARD-ARR-BBB:束支传导阻滞:bundle branch block,,definition_empty;description_contains_other_disease_anchor,,"The ALVC phenotype is characterized by ECG changes, such as low- amplitude QRS complexes in limb leads and left-precordial T-wave Declaration of competing interest inversion, and ventricular arrhythmias with a right bundle branch block morphology which reflect"
P0,心肌病,DIS-CARD-CM-ACM,致心律失常性心肌病,BATCH-CARD-CM-20260622-001,yes,no,yes,DIS-CARD-SCD-SUDDEN:心脏性猝死:心源性猝死 | DIS-CARD-ARR-VA:室性心律失常:室性心律失常,,definition_empty;description_contains_other_disease_anchor,,致心律失常性心肌病是一组以心肌结构和功能异常、心肌纤维脂肪样替代或瘢痕形成、室性心律失常和心源性猝死风险增高为主要特征的心肌病谱系，可累及右心室、左心室或双心室。
P0,心肌病,DIS-CARD-CM-RCM,限制型心肌病,BATCH-CARD-CM-20260622-001,yes,no,yes,,限制型心肌病,definition_empty;known_pollution_keyword,,限制型心肌病（restrictive cardiomyopathy，RCM）是一组以限制性心室充盈障碍为特征的混合性心肌病，其预后较差，5 年生存期仅约30%。
P0,心肌病,DIS-CARD-CM-NDLVCM,非扩张型左心室心肌病,BATCH-CARD-CM-20260622-001,yes,no,yes,,非扩张型左心室心肌病,definition_empty;known_pollution_keyword,,非扩张型左心室心肌病（non-dilated left ventricular cardiomyopathy，NDLVC）是指在无左心室扩张情况下，左心室存在着非缺血性瘢痕或脂肪替代，伴或不伴整体或局部室壁运动异常；这些心肌病变仅由负荷异常或心肌缺血无法解释。
P0,心脏骤停与心脏性猝死;心律失常,DIS-CARD-SCD-SUDDEN,心脏性猝死,BATCH-CARD-VA-SCD-20260704-001_室性心律失常心脏性猝死_VA_SCD,yes,no,yes,,,definition_empty,,SCD 所定义的1 小时，实质上是指终末事件期的时间在1 小时内。
P0,心脏骤停与心脏性猝死;心律失常,DIS-CARD-SCD-ARREST,心脏骤停,BATCH-CARD-VA-SCD-20260704-001_室性心律失常心脏性猝死_VA_SCD,yes,no,yes,,心脏骤停,definition_empty;known_pollution_keyword,,心脏骤停（cardiac arrest，CA）是指心脏射血功能突然终止，造成全身血液循环中断、呼吸停止和意识丧失。
