disease,disease_code,plan,plan_code,direct_rel_type,direct_formal_ready,formal_rec_n,plan_downstream_n,plan_evidence_n,downstream_examples
Brugada综合征,DIS-CARD-ARR-BRUGADA,Brugada综合征治疗方案,PLAN-CARD-A977F77F5BC2,has_treatment_plan,False,0,18,13,"['普萘洛尔', '同步电复律', 'β受体阻滞剂', '导管消融', '心肺复苏']"
Brugada综合征,DIS-CARD-ARR-BRUGADA,ICD治疗,PLAN-CARD-946BE3CB675F,has_treatment_plan,False,0,1,669,['埋藏式心脏转复除颤器']
Brugada综合征,DIS-CARD-ARR-BRUGADA,复律治疗,PLAN-CARD-TEXT-7CC38FBA6F,has_treatment_plan,False,0,2,70,"['胺碘酮', '电复律']"
Brugada综合征,DIS-CARD-ARR-BRUGADA,射频消融治疗,PLAN-CARD-8D7FDE84DC07,has_treatment_plan,False,0,1,98,['导管消融']
Brugada综合征,DIS-CARD-ARR-BRUGADA,抗心律失常药物治疗,PLAN-CARD-E01DCE98BB99,has_treatment_plan,False,0,4,175,"['索他洛尔', '利多卡因', '胺碘酮', '抗心律失常药物']"
Brugada综合征,DIS-CARD-ARR-BRUGADA,电复律除颤,PLAN-CARD-A694F46F1102,has_treatment_plan,False,0,2,301,"['电除颤', '同步电复律']"
ST段抬高型心肌梗死,DIS-CARD-CAD-STEMI,STEMI治疗总原则,PLAN-CARD-STEMI-618FFC98541F,has_treatment_plan,False,0,11,1,"['同步直流电复律', '非同步直流电除颤', '补救性PCI', '经皮冠状动脉介入治疗', '临时起搏治疗']"
ST段抬高型心肌梗死,DIS-CARD-CAD-STEMI,ST段抬高型心肌梗死治疗方案,PLAN-CARD-46086B93DD2D,has_treatment_plan,False,0,1,82,['ST段抬高型心肌梗死治疗路径']
ST段抬高型心肌梗死,DIS-CARD-CAD-STEMI,再灌注治疗,PLAN-CARD-3972CBC8228B,has_treatment_plan,False,0,2,362,"['溶栓药物', '经皮冠状动脉介入治疗']"
ST段抬高型心肌梗死,DIS-CARD-CAD-STEMI,抗凝治疗,PLAN-CARD-A1C4E6332D38,has_treatment_plan,False,0,6,236,"['抗凝药物', '达比加群酯', '华法林', '利伐沙班', '阿哌沙班']"
ST段抬高型心肌梗死,DIS-CARD-CAD-STEMI,抗血小板治疗,PLAN-CARD-42FD049DCDB5,has_treatment_plan,False,0,1,596,['抗血小板药物']
ST段抬高型心肌梗死,DIS-CARD-CAD-STEMI,溶栓治疗,PLAN-CARD-FULLBOOK-B87D3F557B,has_treatment_plan,False,0,6,1,"['尿激酶', '重组人尿激酶原', '溶栓药物', '替奈普酶', '阿替普酶']"
ST段抬高型心肌梗死,DIS-CARD-CAD-STEMI,直接PCI治疗,PLAN-CARD-STEMI-A8A3EB1D6170,has_treatment_plan,False,0,1,1,['经皮冠状动脉介入治疗']
ST段抬高型心肌梗死,DIS-CARD-CAD-STEMI,血运重建,PLAN-CARD-TEXT-EEF9C97B59,has_treatment_plan,False,0,2,10,"['冠状动脉旁路移植术', '经皮冠状动脉介入治疗']"
Stanford B型主动脉夹层,DIS-CARD-TBAD,Stanford B型主动脉夹层治疗方案,PLAN-CARD-2D26CE890CFB,has_treatment_plan,,0,2,21,"['外科手术治疗', '腔内修复治疗']"
一度房室传导阻滞,DIS-CARD-ARR-AVB1,一度房室传导阻滞治疗方案,PLAN-CARD-85C17399C1E4,has_treatment_plan,False,0,4,9,"['病因治疗', '诱因纠正', '观察随访', '一度房室传导阻滞治疗路径']"
三尖瓣反流,DIS-CARD-VHD-TR,三尖瓣反流治疗方案,PLAN-CARD-52C1A4D1A5C5,has_treatment_plan,,0,2,41,"['经导管主动脉瓣置换术', '经导管二尖瓣缘对缘修复术']"
三度房室传导阻滞,DIS-CARD-ARR-AVB3,三度房室传导阻滞治疗方案,PLAN-CARD-B5595FF75DE4,has_treatment_plan,False,0,5,25,"['异丙肾上腺素', '临时心脏起搏', '永久起搏器植入', '阿托品', '三度房室传导阻滞治疗路径']"
不稳定型心绞痛,DIS-CARD-CAD-UA,不稳定型心绞痛治疗方案,PLAN-CARD-8B4C35522D9A,has_treatment_plan,False,0,1,11,['不稳定型心绞痛治疗路径']
不稳定型心绞痛,DIS-CARD-CAD-UA,复律治疗,PLAN-CARD-TEXT-7CC38FBA6F,has_treatment_plan,False,0,2,70,"['胺碘酮', '电复律']"
不稳定型心绞痛,DIS-CARD-CAD-UA,抗凝治疗,PLAN-CARD-A1C4E6332D38,has_treatment_plan,False,0,6,236,"['抗凝药物', '达比加群酯', '华法林', '利伐沙班', '阿哌沙班']"
不稳定型心绞痛,DIS-CARD-CAD-UA,抗血小板治疗,PLAN-CARD-42FD049DCDB5,has_treatment_plan,False,0,1,596,['抗血小板药物']
不稳定型心绞痛,DIS-CARD-CAD-UA,氧疗,PLAN-CARD-FULLBOOK-BBA9C43055,has_treatment_plan,False,0,1,4,['吸氧治疗']
不稳定型心绞痛,DIS-CARD-CAD-UA,血运重建,PLAN-CARD-TEXT-EEF9C97B59,has_treatment_plan,False,0,2,10,"['冠状动脉旁路移植术', '经皮冠状动脉介入治疗']"
主动脉夹层,DIS-CARD-AORTIC-DISSECTION,主动脉夹层治疗方案,PLAN-CARD-BDB366A7AC40,has_treatment_plan,,0,2,34,"['经皮介入治疗', '外科手术治疗']"
主动脉夹层,DIS-CARD-AORTIC-DISSECTION,抗凝治疗,PLAN-CARD-A1C4E6332D38,has_treatment_plan,False,0,6,236,"['抗凝药物', '达比加群酯', '华法林', '利伐沙班', '阿哌沙班']"
主动脉夹层,DIS-CARD-AORTIC-DISSECTION,溶栓治疗,PLAN-CARD-FULLBOOK-B87D3F557B,has_treatment_plan,False,0,6,1,"['尿激酶', '重组人尿激酶原', '溶栓药物', '替奈普酶', '阿替普酶']"
主动脉瓣反流,DIS-CARD-VHD-AR,主动脉瓣反流治疗方案,PLAN-CARD-5B07F7891E7A,has_treatment_plan,,0,2,61,"['经导管二尖瓣缘对缘修复术', '经导管主动脉瓣置换术']"
主动脉瓣反流,DIS-CARD-VHD-AR,氧疗,PLAN-CARD-FULLBOOK-BBA9C43055,has_treatment_plan,False,0,1,4,['吸氧治疗']
主动脉瓣反流,DIS-CARD-VHD-AR,降压治疗,PLAN-CARD-BDE62A3BE028,has_treatment_plan,False,0,11,349,"['利尿剂', '血管紧张素Ⅱ受体拮抗剂', '钙通道阻滞剂', '血管紧张素Ⅱ受体阻滞剂', '血管紧张素转换酶抑制剂']"
主动脉瓣狭窄,DIS-CARD-VHD-AS,主动脉瓣狭窄治疗方案,PLAN-CARD-972500D471D3,has_treatment_plan,,0,3,155,"['经导管主动脉瓣置换术', '经皮球囊肺动脉瓣成形术', '经导管二尖瓣缘对缘修复术']"
主动脉瓣狭窄,DIS-CARD-VHD-AS,氧疗,PLAN-CARD-FULLBOOK-BBA9C43055,has_treatment_plan,False,0,1,4,['吸氧治疗']
主动脉瓣狭窄,DIS-CARD-VHD-AS,降压治疗,PLAN-CARD-BDE62A3BE028,has_treatment_plan,False,0,11,349,"['利尿剂', '血管紧张素Ⅱ受体拮抗剂', '钙通道阻滞剂', '血管紧张素Ⅱ受体阻滞剂', '血管紧张素转换酶抑制剂']"
主动脉瘤,DIS-CARD-AORTA-ANEURYSM,血运重建,PLAN-CARD-TEXT-EEF9C97B59,has_treatment_plan,False,0,2,10,"['冠状动脉旁路移植术', '经皮冠状动脉介入治疗']"
二尖瓣反流,DIS-CARD-VHD-MR,二尖瓣反流治疗方案,PLAN-CARD-D13735E31259,has_treatment_plan,,0,4,99,"['阿司匹林', '苄星青霉素', '经导管主动脉瓣置换术', '经导管二尖瓣缘对缘修复术']"
二尖瓣反流,DIS-CARD-VHD-MR,复律治疗,PLAN-CARD-TEXT-7CC38FBA6F,has_treatment_plan,False,0,2,70,"['胺碘酮', '电复律']"
二尖瓣反流,DIS-CARD-VHD-MR,抗凝治疗,PLAN-CARD-A1C4E6332D38,has_treatment_plan,False,0,6,236,"['抗凝药物', '达比加群酯', '华法林', '利伐沙班', '阿哌沙班']"
二尖瓣反流,DIS-CARD-VHD-MR,降压治疗,PLAN-CARD-BDE62A3BE028,has_treatment_plan,False,0,11,349,"['利尿剂', '血管紧张素Ⅱ受体拮抗剂', '钙通道阻滞剂', '血管紧张素Ⅱ受体阻滞剂', '血管紧张素转换酶抑制剂']"
二尖瓣狭窄,DIS-CARD-VHD-MS,二尖瓣狭窄治疗方案,PLAN-CARD-E263D399B9AC,has_treatment_plan,,0,2,46,"['经导管主动脉瓣置换术', '经导管二尖瓣缘对缘修复术']"
二尖瓣狭窄,DIS-CARD-VHD-MS,复律治疗,PLAN-CARD-TEXT-7CC38FBA6F,has_treatment_plan,False,0,2,70,"['胺碘酮', '电复律']"
二尖瓣狭窄,DIS-CARD-VHD-MS,抗凝治疗,PLAN-CARD-A1C4E6332D38,has_treatment_plan,False,0,6,236,"['抗凝药物', '达比加群酯', '华法林', '利伐沙班', '阿哌沙班']"
二尖瓣狭窄,DIS-CARD-VHD-MS,氧疗,PLAN-CARD-FULLBOOK-BBA9C43055,has_treatment_plan,False,0,1,4,['吸氧治疗']
二尖瓣狭窄,DIS-CARD-VHD-MS,血运重建,PLAN-CARD-TEXT-EEF9C97B59,has_treatment_plan,False,0,2,10,"['冠状动脉旁路移植术', '经皮冠状动脉介入治疗']"
二度房室传导阻滞,DIS-CARD-ARR-AVB2,二度房室传导阻滞治疗方案,PLAN-CARD-1A90D3A039E7,has_treatment_plan,False,0,7,3,"['异丙肾上腺素', '永久起搏器植入', '临时心脏起搏', '阿托品', '起搏治疗']"
儿茶酚胺敏感性多形性室性心动过速,DIS-CARD-ARR-CPVT,ICD治疗,PLAN-CARD-946BE3CB675F,has_treatment_plan,False,0,1,669,['埋藏式心脏转复除颤器']
儿茶酚胺敏感性多形性室性心动过速,DIS-CARD-ARR-CPVT,儿茶酚胺敏感性多形性室性心动过速治疗方案,PLAN-CARD-D4265EE715BD,has_treatment_plan,False,0,14,10,"['奎尼丁', '电复律除颤', '植入式心律转复除颤器', '抗心律失常药物治疗', '导管消融']"
儿茶酚胺敏感性多形性室性心动过速,DIS-CARD-ARR-CPVT,抗心律失常药物治疗,PLAN-CARD-E01DCE98BB99,has_treatment_plan,False,0,4,175,"['索他洛尔', '利多卡因', '胺碘酮', '抗心律失常药物']"
儿茶酚胺敏感性多形性室性心动过速,DIS-CARD-ARR-CPVT,电复律除颤,PLAN-CARD-A694F46F1102,has_treatment_plan,False,0,2,301,"['电除颤', '同步电复律']"
先天性心脏病,DIS-CARD-CHD,先天性心脏病治疗方案,PLAN-CARD-364511B07637,has_treatment_plan,,0,4,73,"['经皮球囊肺动脉瓣成形术', '球囊成形术', '外科手术治疗', '经皮介入治疗']"
先天性心脏病相关肺动脉高压,DIS-CARD-PH-CHD,先天性心脏病相关肺动脉高压治疗方案,PLAN-CARD-68BA260702ED,has_treatment_plan,,0,4,70,"['内皮素受体拮抗剂', '磷酸二酯酶5抑制剂', '前列环素通路药物', '经皮球囊肺动脉瓣成形术']"
全心衰竭,DIS-CARD-HF-BIVENTRICULAR,全心衰竭治疗方案,PLAN-CARD-E34C37595CAA,has_treatment_plan,False,0,2,3,"['袢利尿剂', '全心衰竭治疗路径']"
内分泌性高血压,DIS-CARD-HT-ENDOCRINE,降压治疗,PLAN-CARD-BDE62A3BE028,has_treatment_plan,False,0,11,349,"['利尿剂', '血管紧张素Ⅱ受体拮抗剂', '钙通道阻滞剂', '血管紧张素Ⅱ受体阻滞剂', '血管紧张素转换酶抑制剂']"
冠状动脉粥样硬化性心脏病,DIS-CARD-CAD-CHD,复律治疗,PLAN-CARD-TEXT-7CC38FBA6F,has_treatment_plan,False,0,2,70,"['胺碘酮', '电复律']"
冠状动脉粥样硬化性心脏病,DIS-CARD-CAD-CHD,抗凝治疗,PLAN-CARD-A1C4E6332D38,has_treatment_plan,False,0,6,236,"['抗凝药物', '达比加群酯', '华法林', '利伐沙班', '阿哌沙班']"
冠状动脉粥样硬化性心脏病,DIS-CARD-CAD-CHD,溶栓治疗,PLAN-CARD-FULLBOOK-B87D3F557B,has_treatment_plan,False,0,6,1,"['尿激酶', '重组人尿激酶原', '溶栓药物', '替奈普酶', '阿替普酶']"
冠状动脉粥样硬化性心脏病,DIS-CARD-CAD-CHD,血运重建,PLAN-CARD-TEXT-EEF9C97B59,has_treatment_plan,False,0,2,10,"['冠状动脉旁路移植术', '经皮冠状动脉介入治疗']"
冠状动脉粥样硬化性心脏病,DIS-CARD-CAD-CHD,降压治疗,PLAN-CARD-BDE62A3BE028,has_treatment_plan,False,0,11,349,"['利尿剂', '血管紧张素Ⅱ受体拮抗剂', '钙通道阻滞剂', '血管紧张素Ⅱ受体阻滞剂', '血管紧张素转换酶抑制剂']"
动脉导管未闭,DIS-CARD-PDA,动脉导管未闭治疗方案,PLAN-CARD-FB6CF2D4A097,has_treatment_plan,,0,2,37,"['球囊成形术', '经皮介入治疗']"
动脉性肺动脉高压,DIS-CARD-PH-PAH,动脉性肺动脉高压治疗方案,PLAN-CARD-B3899CA0A573,has_treatment_plan,,0,3,170,"['前列环素通路药物', '内皮素受体拮抗剂', '磷酸二酯酶5抑制剂']"
动脉粥样硬化,DIS-CARD-CAD-ATHEROSCLEROSIS,抗凝治疗,PLAN-CARD-A1C4E6332D38,has_treatment_plan,False,0,6,236,"['抗凝药物', '达比加群酯', '华法林', '利伐沙班', '阿哌沙班']"
动脉粥样硬化,DIS-CARD-CAD-ATHEROSCLEROSIS,溶栓治疗,PLAN-CARD-FULLBOOK-B87D3F557B,has_treatment_plan,False,0,6,1,"['尿激酶', '重组人尿激酶原', '溶栓药物', '替奈普酶', '阿替普酶']"
动脉粥样硬化,DIS-CARD-CAD-ATHEROSCLEROSIS,血运重建,PLAN-CARD-TEXT-EEF9C97B59,has_treatment_plan,False,0,2,10,"['冠状动脉旁路移植术', '经皮冠状动脉介入治疗']"
动脉粥样硬化,DIS-CARD-CAD-ATHEROSCLEROSIS,降压治疗,PLAN-CARD-BDE62A3BE028,has_treatment_plan,False,0,11,349,"['利尿剂', '血管紧张素Ⅱ受体拮抗剂', '钙通道阻滞剂', '血管紧张素Ⅱ受体阻滞剂', '血管紧张素转换酶抑制剂']"
卵圆孔未闭,DIS-CARD-PFO,卵圆孔未闭治疗方案,PLAN-CARD-50F24D80FC7C,has_treatment_plan,,0,3,63,"['阿司匹林', '外科手术治疗', '经皮介入治疗']"
原发性醛固酮增多症,DIS-CARD-HT-PA,联合降压治疗,PLAN-CARD-0CDCF256C0E6,has_treatment_plan,False,0,8,84,"['血管紧张素Ⅱ受体阻滞剂', '钙通道阻滞剂', 'β受体阻滞剂', '血管紧张素转换酶抑制剂', '利尿剂']"
原发性醛固酮增多症,DIS-CARD-HT-PA,血运重建,PLAN-CARD-TEXT-EEF9C97B59,has_treatment_plan,False,0,2,10,"['冠状动脉旁路移植术', '经皮冠状动脉介入治疗']"
原发性醛固酮增多症,DIS-CARD-HT-PA,降压治疗,PLAN-CARD-BDE62A3BE028,has_treatment_plan,False,0,11,349,"['利尿剂', '血管紧张素Ⅱ受体拮抗剂', '钙通道阻滞剂', '血管紧张素Ⅱ受体阻滞剂', '血管紧张素转换酶抑制剂']"
原发性高血压,DIS-CARD-HT-PRIMARY,生活方式干预,PLAN-CARD-2081B78ED14D,has_treatment_plan,False,0,7,103,"['戒烟限酒', '减重', '隐匿性高血压专病诊疗路径', '高血压专病诊疗路径', '原发性高血压专病诊疗路径']"
原发性高血压,DIS-CARD-HT-PRIMARY,联合降压治疗,PLAN-CARD-0CDCF256C0E6,has_treatment_plan,False,0,8,84,"['血管紧张素Ⅱ受体阻滞剂', '钙通道阻滞剂', 'β受体阻滞剂', '血管紧张素转换酶抑制剂', '利尿剂']"
原发性高血压,DIS-CARD-HT-PRIMARY,降压治疗,PLAN-CARD-BDE62A3BE028,has_treatment_plan,False,0,11,349,"['利尿剂', '血管紧张素Ⅱ受体拮抗剂', '钙通道阻滞剂', '血管紧张素Ⅱ受体阻滞剂', '血管紧张素转换酶抑制剂']"
右心衰竭,DIS-CARD-HF-RIGHT,右心衰竭治疗方案,PLAN-CARD-E843FA63DDCF,has_treatment_plan,False,0,2,30,"['袢利尿剂', '右心衰竭治疗路径']"
嗜铬细胞瘤和副神经节瘤,DIS-CARD-HTN-PHEO,降压治疗,PLAN-CARD-BDE62A3BE028,has_treatment_plan,False,0,11,349,"['利尿剂', '血管紧张素Ⅱ受体拮抗剂', '钙通道阻滞剂', '血管紧张素Ⅱ受体阻滞剂', '血管紧张素转换酶抑制剂']"
外周动脉疾病,DIS-CARD-PAD,外周动脉疾病治疗方案,PLAN-CARD-FDF9BEB9595E,has_treatment_plan,,0,2,3,"['血运重建治疗', '他汀类药物']"
多瓣膜病,DIS-CARD-VHD-MULTI,多瓣膜病治疗方案,PLAN-CARD-5CF159A587EB,has_treatment_plan,,0,2,3,"['经导管主动脉瓣置换术', '经导管二尖瓣缘对缘修复术']"
室上性心动过速,DIS-CARD-ARR-SVT,同步电复律,PLAN-CARD-108E680ADD4F,has_treatment_plan,False,0,1,107,['同步直流电复律']
室上性心动过速,DIS-CARD-ARR-SVT,室上性心动过速治疗方案,PLAN-CARD-18BAD30E125A,has_treatment_plan,False,0,15,84,"['胺碘酮', '维拉帕米', '腺苷', '索他洛尔', '普罗帕酮']"
室上性心动过速,DIS-CARD-ARR-SVT,导管消融,PLAN-CARD-5C9E41087192,has_treatment_plan,False,0,3,334,"['房颤导管消融', '射频导管消融', '肺静脉隔离']"
室上性心动过速,DIS-CARD-ARR-SVT,抗凝治疗,PLAN-CARD-A1C4E6332D38,has_treatment_plan,False,0,6,236,"['抗凝药物', '达比加群酯', '华法林', '利伐沙班', '阿哌沙班']"
室上性心动过速,DIS-CARD-ARR-SVT,迷走神经刺激,PLAN-CARD-741F70867FDD,has_treatment_plan,False,0,2,36,"['Valsalva动作', '颈动脉窦按摩']"
室性心律失常,DIS-CARD-ARR-VA,ICD治疗,PLAN-CARD-946BE3CB675F,has_treatment_plan,False,0,1,669,['埋藏式心脏转复除颤器']
室性心律失常,DIS-CARD-ARR-VA,室性心律失常治疗方案,PLAN-CARD-2DBB5F9C858E,has_treatment_plan,False,0,21,58,"['利多卡因', '美托洛尔', '普萘洛尔', '普罗帕酮', 'β受体阻滞剂']"
室性心律失常,DIS-CARD-ARR-VA,射频消融治疗,PLAN-CARD-8D7FDE84DC07,has_treatment_plan,False,0,1,98,['导管消融']
室性心律失常,DIS-CARD-ARR-VA,抗心律失常药物治疗,PLAN-CARD-E01DCE98BB99,has_treatment_plan,False,0,4,175,"['索他洛尔', '利多卡因', '胺碘酮', '抗心律失常药物']"
室性心律失常,DIS-CARD-ARR-VA,电复律除颤,PLAN-CARD-A694F46F1102,has_treatment_plan,False,0,2,301,"['电除颤', '同步电复律']"
室性期前收缩,DIS-CARD-ARR-PVC,ICD治疗,PLAN-CARD-946BE3CB675F,has_treatment_plan,False,0,1,669,['埋藏式心脏转复除颤器']
室性期前收缩,DIS-CARD-ARR-PVC,复律治疗,PLAN-CARD-TEXT-7CC38FBA6F,has_treatment_plan,False,0,2,70,"['胺碘酮', '电复律']"
室性期前收缩,DIS-CARD-ARR-PVC,室性期前收缩治疗方案,PLAN-CARD-77E2B4A66CCD,has_treatment_plan,False,0,26,41,"['β受体阻滞剂', '美托洛尔', '普萘洛尔', '抗心律失常药物', '普罗帕酮']"
室性期前收缩,DIS-CARD-ARR-PVC,射频消融治疗,PLAN-CARD-8D7FDE84DC07,has_treatment_plan,False,0,1,98,['导管消融']
室性期前收缩,DIS-CARD-ARR-PVC,急救复苏,PLAN-CARD-C23D6266C767,has_treatment_plan,False,0,2,10,"['心肺复苏', '电除颤']"
室性期前收缩,DIS-CARD-ARR-PVC,抗凝治疗,PLAN-CARD-A1C4E6332D38,has_treatment_plan,False,0,6,236,"['抗凝药物', '达比加群酯', '华法林', '利伐沙班', '阿哌沙班']"
室性期前收缩,DIS-CARD-ARR-PVC,抗心律失常药物治疗,PLAN-CARD-E01DCE98BB99,has_treatment_plan,False,0,4,175,"['索他洛尔', '利多卡因', '胺碘酮', '抗心律失常药物']"
室性期前收缩,DIS-CARD-ARR-PVC,电复律除颤,PLAN-CARD-A694F46F1102,has_treatment_plan,False,0,2,301,"['电除颤', '同步电复律']"
室性期前收缩,DIS-CARD-ARR-PVC,血运重建,PLAN-CARD-TEXT-EEF9C97B59,has_treatment_plan,False,0,2,10,"['冠状动脉旁路移植术', '经皮冠状动脉介入治疗']"
室间隔缺损,DIS-CARD-VSD,室间隔缺损治疗方案,PLAN-CARD-A28566374E66,has_treatment_plan,,0,2,43,"['经皮介入治疗', '球囊成形术']"
家族性高胆固醇血症,DIS-CARD-FH,家族性高胆固醇血症治疗方案,PLAN-CARD-EE903EDF472E,has_treatment_plan,,0,2,24,"['经皮介入治疗', '他汀类药物']"
射血分数保留的心力衰竭,DIS-CARD-HF-HFpEF,射血分数保留的心力衰竭治疗方案,PLAN-CARD-71EEE6F12EA8,has_treatment_plan,False,0,3,60,"['钠-葡萄糖协同转运蛋白2抑制剂', '袢利尿剂', '射血分数保留的心力衰竭治疗路径']"
射血分数轻度降低的心力衰竭,DIS-CARD-HF-HFmrEF,射血分数轻度降低的心力衰竭治疗方案,PLAN-CARD-BC4747CE025F,has_treatment_plan,False,0,5,13,"['β受体阻滞剂', '钠-葡萄糖协同转运蛋白2抑制剂', '盐皮质激素受体拮抗剂', '血管紧张素受体脑啡肽酶抑制剂', '射血分数轻度降低的心力衰竭治疗路径']"
射血分数降低的心力衰竭,DIS-CARD-HF-HFrEF,射血分数降低的心力衰竭治疗方案,PLAN-CARD-4C0507593DD1,has_treatment_plan,False,0,6,48,"['钠-葡萄糖协同转运蛋白2抑制剂', 'β受体阻滞剂', '袢利尿剂', '血管紧张素受体脑啡肽酶抑制剂', '盐皮质激素受体拮抗剂']"
尖端扭转型室性心动过速,DIS-CARD-ARR-TDP,ICD治疗,PLAN-CARD-946BE3CB675F,has_treatment_plan,False,0,1,669,['埋藏式心脏转复除颤器']
尖端扭转型室性心动过速,DIS-CARD-ARR-TDP,射频消融治疗,PLAN-CARD-8D7FDE84DC07,has_treatment_plan,False,0,1,98,['导管消融']
尖端扭转型室性心动过速,DIS-CARD-ARR-TDP,尖端扭转型室性心动过速治疗方案,PLAN-CARD-6162E45256D2,has_treatment_plan,False,0,22,33,"['硫酸镁', '美托洛尔', '普萘洛尔', '普罗帕酮', '钾剂']"
尖端扭转型室性心动过速,DIS-CARD-ARR-TDP,抗心律失常药物治疗,PLAN-CARD-E01DCE98BB99,has_treatment_plan,False,0,4,175,"['索他洛尔', '利多卡因', '胺碘酮', '抗心律失常药物']"
尖端扭转型室性心动过速,DIS-CARD-ARR-TDP,电复律除颤,PLAN-CARD-A694F46F1102,has_treatment_plan,False,0,2,301,"['电除颤', '同步电复律']"
左心衰竭,DIS-CARD-HF-LEFT,左心衰竭治疗方案,PLAN-CARD-D0BC88D1FA7D,has_treatment_plan,False,0,2,45,"['袢利尿剂', '左心衰竭治疗路径']"
心力衰竭,DIS-CARD-HF,复律治疗,PLAN-CARD-TEXT-7CC38FBA6F,has_treatment_plan,False,0,2,70,"['胺碘酮', '电复律']"
心力衰竭,DIS-CARD-HF,心力衰竭治疗方案,PLAN-CARD-EFF16DE5C7BC,has_treatment_plan,False,0,6,521,"['袢利尿剂', 'β受体阻滞剂', '血管紧张素受体脑啡肽酶抑制剂', '盐皮质激素受体拮抗剂', '钠-葡萄糖协同转运蛋白2抑制剂']"
心力衰竭,DIS-CARD-HF,抗凝治疗,PLAN-CARD-A1C4E6332D38,has_treatment_plan,False,0,6,236,"['抗凝药物', '达比加群酯', '华法林', '利伐沙班', '阿哌沙班']"
心力衰竭,DIS-CARD-HF,氧疗,PLAN-CARD-FULLBOOK-BBA9C43055,has_treatment_plan,False,0,1,4,['吸氧治疗']
心力衰竭,DIS-CARD-HF,溶栓治疗,PLAN-CARD-FULLBOOK-B87D3F557B,has_treatment_plan,False,0,6,1,"['尿激酶', '重组人尿激酶原', '溶栓药物', '替奈普酶', '阿替普酶']"
心力衰竭,DIS-CARD-HF,血运重建,PLAN-CARD-TEXT-EEF9C97B59,has_treatment_plan,False,0,2,10,"['冠状动脉旁路移植术', '经皮冠状动脉介入治疗']"
心力衰竭,DIS-CARD-HF,降压治疗,PLAN-CARD-BDE62A3BE028,has_treatment_plan,False,0,11,349,"['利尿剂', '血管紧张素Ⅱ受体拮抗剂', '钙通道阻滞剂', '血管紧张素Ⅱ受体阻滞剂', '血管紧张素转换酶抑制剂']"
心包炎,DIS-CARD-PERICARDITIS,心包炎治疗方案,PLAN-CARD-03E909B82ACF,has_treatment_plan,,0,4,56,"['经导管二尖瓣缘对缘修复术', '经导管主动脉瓣置换术', '球囊成形术', '经皮球囊二尖瓣成形术']"
心包积液及心脏压塞,DIS-CARD-PERICARD-EFFUSION,复律治疗,PLAN-CARD-TEXT-7CC38FBA6F,has_treatment_plan,False,0,2,70,"['胺碘酮', '电复律']"
心包积液及心脏压塞,DIS-CARD-PERICARD-EFFUSION,抗凝治疗,PLAN-CARD-A1C4E6332D38,has_treatment_plan,False,0,6,236,"['抗凝药物', '达比加群酯', '华法林', '利伐沙班', '阿哌沙班']"
心包积液及心脏压塞,DIS-CARD-PERICARD-EFFUSION,氧疗,PLAN-CARD-FULLBOOK-BBA9C43055,has_treatment_plan,False,0,1,4,['吸氧治疗']
心包积液及心脏压塞,DIS-CARD-PERICARD-EFFUSION,溶栓治疗,PLAN-CARD-FULLBOOK-B87D3F557B,has_treatment_plan,False,0,6,1,"['尿激酶', '重组人尿激酶原', '溶栓药物', '替奈普酶', '阿替普酶']"
心包积液及心脏压塞,DIS-CARD-PERICARD-EFFUSION,穿刺伤、心肌梗死后心肌破裂、心胸外科手术及介入操作造成的冠状动脉穿孔等可造成血性心包积液,CARD-SKELETON-FULL-20260709-TREATMENTPLAN-DAA970FF15656D0D,has_treatment_plan,False,0,0,1,[]
心包积液及心脏压塞,DIS-CARD-PERICARD-EFFUSION,血运重建,PLAN-CARD-TEXT-EEF9C97B59,has_treatment_plan,False,0,2,10,"['冠状动脉旁路移植术', '经皮冠状动脉介入治疗']"
心室扑动与心室颤动,DIS-CARD-ARR-VF,ICD治疗,PLAN-CARD-946BE3CB675F,has_treatment_plan,False,0,1,669,['埋藏式心脏转复除颤器']
心室扑动与心室颤动,DIS-CARD-ARR-VF,复律治疗,PLAN-CARD-TEXT-7CC38FBA6F,has_treatment_plan,False,0,2,70,"['胺碘酮', '电复律']"
心室扑动与心室颤动,DIS-CARD-ARR-VF,射频消融治疗,PLAN-CARD-8D7FDE84DC07,has_treatment_plan,False,0,1,98,['导管消融']
心室扑动与心室颤动,DIS-CARD-ARR-VF,心室扑动与心室颤动治疗方案,PLAN-CARD-F4DFEE3BA390,has_treatment_plan,False,0,31,77,"['洋地黄类药物', '美托洛尔', 'β受体拮抗剂', '钾剂', '抗心律失常药物']"
心室扑动与心室颤动,DIS-CARD-ARR-VF,急救复苏,PLAN-CARD-C23D6266C767,has_treatment_plan,False,0,2,10,"['心肺复苏', '电除颤']"
心室扑动与心室颤动,DIS-CARD-ARR-VF,抗凝治疗,PLAN-CARD-A1C4E6332D38,has_treatment_plan,False,0,6,236,"['抗凝药物', '达比加群酯', '华法林', '利伐沙班', '阿哌沙班']"
心室扑动与心室颤动,DIS-CARD-ARR-VF,抗心律失常药物,CARD-SKELETON-20260709-TREATMENTPLAN-C8DC2DC4FF9E48B0,has_treatment_plan,False,0,26,2,"['美托洛尔', '抗心律失常药物', '起搏器植入', '导管消融', 'β受体阻滞剂']"
心室扑动与心室颤动,DIS-CARD-ARR-VF,抗心律失常药物治疗,PLAN-CARD-E01DCE98BB99,has_treatment_plan,False,0,4,175,"['索他洛尔', '利多卡因', '胺碘酮', '抗心律失常药物']"
心室扑动与心室颤动,DIS-CARD-ARR-VF,特别是引起QT间期延长与尖端扭转型室速的药物,CARD-SKELETON-20260709-TREATMENTPLAN-B76F8B1E24A603E8,has_treatment_plan,False,0,26,2,"['美托洛尔', '心脏再同步治疗', '射频消融术', '钙通道阻滞剂', '利多卡因']"
心室扑动与心室颤动,DIS-CARD-ARR-VF,电复律除颤,PLAN-CARD-A694F46F1102,has_treatment_plan,False,0,2,301,"['电除颤', '同步电复律']"
心室扑动与心室颤动,DIS-CARD-ARR-VF,血运重建,PLAN-CARD-TEXT-EEF9C97B59,has_treatment_plan,False,0,2,10,"['冠状动脉旁路移植术', '经皮冠状动脉介入治疗']"
心房扑动,DIS-CARD-ARR-AFL,同步电复律,PLAN-CARD-108E680ADD4F,has_treatment_plan,False,0,1,107,['同步直流电复律']
心房扑动,DIS-CARD-ARR-AFL,复律治疗,PLAN-CARD-TEXT-7CC38FBA6F,has_treatment_plan,False,0,2,70,"['胺碘酮', '电复律']"
心房扑动,DIS-CARD-ARR-AFL,导管消融,PLAN-CARD-5C9E41087192,has_treatment_plan,False,0,3,334,"['房颤导管消融', '射频导管消融', '肺静脉隔离']"
心房扑动,DIS-CARD-ARR-AFL,心房扑动治疗方案,PLAN-CARD-85C337BCB2D5,has_treatment_plan,False,0,29,91,"['β受体拮抗剂', '血管紧张素Ⅱ受体拮抗剂', '维拉帕米', '地高辛', '胺碘酮']"
心房扑动,DIS-CARD-ARR-AFL,抗凝治疗,PLAN-CARD-A1C4E6332D38,has_treatment_plan,False,0,6,236,"['抗凝药物', '达比加群酯', '华法林', '利伐沙班', '阿哌沙班']"
心房颤动,DIS-CARD-ARR-AF,复律治疗,PLAN-CARD-TEXT-7CC38FBA6F,has_treatment_plan,False,0,2,70,"['胺碘酮', '电复律']"
心房颤动,DIS-CARD-ARR-AF,导管消融,PLAN-CARD-5C9E41087192,has_treatment_plan,False,0,3,334,"['房颤导管消融', '射频导管消融', '肺静脉隔离']"
心房颤动,DIS-CARD-ARR-AF,左心耳封堵,PLAN-CARD-8648D7D7CF5C,has_treatment_plan,False,0,1,49,['左心耳封堵术']
心房颤动,DIS-CARD-ARR-AF,心室率控制,PLAN-CARD-946E8629999F,has_treatment_plan,False,0,4,88,"['β受体阻滞剂', '维拉帕米', '地高辛', '地尔硫卓']"
心房颤动,DIS-CARD-ARR-AF,心房颤动治疗方案,PLAN-CARD-0315A5E784A6,has_treatment_plan,False,0,52,375,"['抗凝药物', '血管紧张素Ⅱ受体拮抗剂', '维拉帕米', '氯吡格雷', '地高辛']"
心房颤动,DIS-CARD-ARR-AF,抗凝治疗,PLAN-CARD-A1C4E6332D38,has_treatment_plan,False,0,6,236,"['抗凝药物', '达比加群酯', '华法林', '利伐沙班', '阿哌沙班']"
心房颤动,DIS-CARD-ARR-AF,抗血小板治疗,PLAN-CARD-42FD049DCDB5,has_treatment_plan,False,0,1,596,['抗血小板药物']
心房颤动,DIS-CARD-ARR-AF,溶栓治疗,PLAN-CARD-FULLBOOK-B87D3F557B,has_treatment_plan,False,0,6,1,"['尿激酶', '重组人尿激酶原', '溶栓药物', '替奈普酶', '阿替普酶']"
心房颤动,DIS-CARD-ARR-AF,综合危险因素管理,PLAN-CARD-0C511F6A9FF0,has_treatment_plan,False,0,2,5,"['危险因素管理', '生活方式干预']"
心房颤动,DIS-CARD-ARR-AF,节律控制,PLAN-CARD-40AB27F53C05,has_treatment_plan,False,0,8,72,"['决奈达隆', '索他洛尔', '氟卡尼', '普罗帕酮', '胺碘酮']"
心房颤动,DIS-CARD-ARR-AF,血运重建,PLAN-CARD-TEXT-EEF9C97B59,has_treatment_plan,False,0,2,10,"['冠状动脉旁路移植术', '经皮冠状动脉介入治疗']"
心房颤动,DIS-CARD-ARR-AF,降压治疗,PLAN-CARD-BDE62A3BE028,has_treatment_plan,False,0,11,349,"['利尿剂', '血管紧张素Ⅱ受体拮抗剂', '钙通道阻滞剂', '血管紧张素Ⅱ受体阻滞剂', '血管紧张素转换酶抑制剂']"
心肌梗死后心力衰竭,DIS-CARD-HF-POST-MI,心肌梗死后心力衰竭治疗方案,PLAN-CARD-019D9CFB289A,has_treatment_plan,False,0,4,4,"['β受体阻滞剂', '血管紧张素转换酶抑制剂', '血管紧张素Ⅱ受体阻滞剂', '心肌梗死后心力衰竭治疗路径']"
心肌梗死后综合征,DIS-CARD-CAD-POST-MI-SYNDROME,溶栓治疗,PLAN-CARD-FULLBOOK-B87D3F557B,has_treatment_plan,False,0,6,1,"['尿激酶', '重组人尿激酶原', '溶栓药物', '替奈普酶', '阿替普酶']"
心肌炎,DIS-CARD-MYOCARDITIS,复律治疗,PLAN-CARD-TEXT-7CC38FBA6F,has_treatment_plan,False,0,2,70,"['胺碘酮', '电复律']"
心肌炎,DIS-CARD-MYOCARDITIS,心肌炎治疗方案,PLAN-CARD-D00A6346C918,has_treatment_plan,,0,2,92,"['病因治疗', '支持治疗']"
心肌炎,DIS-CARD-MYOCARDITIS,抗凝治疗,PLAN-CARD-A1C4E6332D38,has_treatment_plan,False,0,6,236,"['抗凝药物', '达比加群酯', '华法林', '利伐沙班', '阿哌沙班']"
心脏性猝死,DIS-CARD-SCD-SUDDEN,ICD治疗,PLAN-CARD-946BE3CB675F,has_treatment_plan,False,0,1,669,['埋藏式心脏转复除颤器']
心脏性猝死,DIS-CARD-SCD-SUDDEN,复律治疗,PLAN-CARD-TEXT-7CC38FBA6F,has_treatment_plan,False,0,2,70,"['胺碘酮', '电复律']"
心脏性猝死,DIS-CARD-SCD-SUDDEN,射频消融治疗,PLAN-CARD-8D7FDE84DC07,has_treatment_plan,False,0,1,98,['导管消融']
心脏性猝死,DIS-CARD-SCD-SUDDEN,心脏性猝死治疗方案,PLAN-CARD-B9AD52AAFDDB,has_treatment_plan,False,0,29,74,"['普萘洛尔', '美托洛尔', '索他洛尔', '普罗帕酮', '钾剂']"
心脏性猝死,DIS-CARD-SCD-SUDDEN,抗心律失常药物治疗,PLAN-CARD-E01DCE98BB99,has_treatment_plan,False,0,4,175,"['索他洛尔', '利多卡因', '胺碘酮', '抗心律失常药物']"
心脏性猝死,DIS-CARD-SCD-SUDDEN,电复律除颤,PLAN-CARD-A694F46F1102,has_treatment_plan,False,0,2,301,"['电除颤', '同步电复律']"
心脏性猝死,DIS-CARD-SCD-SUDDEN,血运重建,PLAN-CARD-TEXT-EEF9C97B59,has_treatment_plan,False,0,2,10,"['冠状动脉旁路移植术', '经皮冠状动脉介入治疗']"
心脏瓣膜病,DIS-CARD-VHD,心脏瓣膜病治疗方案,PLAN-CARD-1E99D01836CB,has_treatment_plan,,0,2,82,"['经导管主动脉瓣置换术', '经导管二尖瓣缘对缘修复术']"
心脏骤停,DIS-CARD-SCD-ARREST,ICD治疗,PLAN-CARD-946BE3CB675F,has_treatment_plan,False,0,1,669,['埋藏式心脏转复除颤器']
心脏骤停,DIS-CARD-SCD-ARREST,复律治疗,PLAN-CARD-TEXT-7CC38FBA6F,has_treatment_plan,False,0,2,70,"['胺碘酮', '电复律']"
心脏骤停,DIS-CARD-SCD-ARREST,射频消融治疗,PLAN-CARD-8D7FDE84DC07,has_treatment_plan,False,0,1,98,['导管消融']
心脏骤停,DIS-CARD-SCD-ARREST,心脏骤停治疗方案,PLAN-CARD-D0001FDBBA7E,has_treatment_plan,False,0,26,58,"['普罗帕酮', '普萘洛尔', 'β受体阻滞剂', '硫酸镁', '胺碘酮']"
心脏骤停,DIS-CARD-SCD-ARREST,抗凝治疗,PLAN-CARD-A1C4E6332D38,has_treatment_plan,False,0,6,236,"['抗凝药物', '达比加群酯', '华法林', '利伐沙班', '阿哌沙班']"
心脏骤停,DIS-CARD-SCD-ARREST,抗心律失常药物治疗,PLAN-CARD-E01DCE98BB99,has_treatment_plan,False,0,4,175,"['索他洛尔', '利多卡因', '胺碘酮', '抗心律失常药物']"
心脏骤停,DIS-CARD-SCD-ARREST,氧疗,PLAN-CARD-FULLBOOK-BBA9C43055,has_treatment_plan,False,0,1,4,['吸氧治疗']
心脏骤停,DIS-CARD-SCD-ARREST,电复律除颤,PLAN-CARD-A694F46F1102,has_treatment_plan,False,0,2,301,"['电除颤', '同步电复律']"
心血管神经症,DIS-CARD-NEUROSIS,氧疗,PLAN-CARD-FULLBOOK-BBA9C43055,has_treatment_plan,False,0,1,4,['吸氧治疗']
急性冠脉综合征,DIS-CARD-CAD-ACS,再灌注治疗,PLAN-CARD-3972CBC8228B,has_treatment_plan,False,0,2,362,"['溶栓药物', '经皮冠状动脉介入治疗']"
急性冠脉综合征,DIS-CARD-CAD-ACS,复律治疗,PLAN-CARD-TEXT-7CC38FBA6F,has_treatment_plan,False,0,2,70,"['胺碘酮', '电复律']"
急性冠脉综合征,DIS-CARD-CAD-ACS,急性冠脉综合征治疗方案,PLAN-CARD-16BF65CB29FE,has_treatment_plan,False,0,1,126,['急性冠脉综合征治疗路径']
急性冠脉综合征,DIS-CARD-CAD-ACS,抗凝治疗,PLAN-CARD-A1C4E6332D38,has_treatment_plan,False,0,6,236,"['抗凝药物', '达比加群酯', '华法林', '利伐沙班', '阿哌沙班']"
急性冠脉综合征,DIS-CARD-CAD-ACS,抗血小板治疗,PLAN-CARD-42FD049DCDB5,has_treatment_plan,False,0,1,596,['抗血小板药物']
急性冠脉综合征,DIS-CARD-CAD-ACS,氧疗,PLAN-CARD-FULLBOOK-BBA9C43055,has_treatment_plan,False,0,1,4,['吸氧治疗']
急性冠脉综合征,DIS-CARD-CAD-ACS,溶栓治疗,PLAN-CARD-FULLBOOK-B87D3F557B,has_treatment_plan,False,0,6,1,"['尿激酶', '重组人尿激酶原', '溶栓药物', '替奈普酶', '阿替普酶']"
急性冠脉综合征,DIS-CARD-CAD-ACS,血运重建,PLAN-CARD-TEXT-EEF9C97B59,has_treatment_plan,False,0,2,10,"['冠状动脉旁路移植术', '经皮冠状动脉介入治疗']"
急性心力衰竭,DIS-CARD-HF-AHF,复律治疗,PLAN-CARD-TEXT-7CC38FBA6F,has_treatment_plan,False,0,2,70,"['胺碘酮', '电复律']"
急性心力衰竭,DIS-CARD-HF-AHF,急性心力衰竭治疗方案,PLAN-CARD-8DE84AB1F5CB,has_treatment_plan,False,0,3,49,"['袢利尿剂', '氧疗', '急性心力衰竭治疗路径']"
急性心力衰竭,DIS-CARD-HF-AHF,抗凝治疗,PLAN-CARD-A1C4E6332D38,has_treatment_plan,False,0,6,236,"['抗凝药物', '达比加群酯', '华法林', '利伐沙班', '阿哌沙班']"
急性心肌梗死,DIS-CARD-CAD-AMI,再灌注治疗,PLAN-CARD-3972CBC8228B,has_treatment_plan,False,0,2,362,"['溶栓药物', '经皮冠状动脉介入治疗']"
急性心肌梗死,DIS-CARD-CAD-AMI,复律治疗,PLAN-CARD-TEXT-7CC38FBA6F,has_treatment_plan,False,0,2,70,"['胺碘酮', '电复律']"
急性心肌梗死,DIS-CARD-CAD-AMI,急性心肌梗死治疗方案,PLAN-CARD-83DC54FD93C2,has_treatment_plan,False,0,1,159,['急性心肌梗死治疗路径']
急性心肌梗死,DIS-CARD-CAD-AMI,抗凝治疗,PLAN-CARD-A1C4E6332D38,has_treatment_plan,False,0,6,236,"['抗凝药物', '达比加群酯', '华法林', '利伐沙班', '阿哌沙班']"
急性心肌梗死,DIS-CARD-CAD-AMI,抗血小板治疗,PLAN-CARD-42FD049DCDB5,has_treatment_plan,False,0,1,596,['抗血小板药物']
急性心肌梗死,DIS-CARD-CAD-AMI,氧疗,PLAN-CARD-FULLBOOK-BBA9C43055,has_treatment_plan,False,0,1,4,['吸氧治疗']
急性心肌梗死,DIS-CARD-CAD-AMI,溶栓治疗,PLAN-CARD-FULLBOOK-B87D3F557B,has_treatment_plan,False,0,6,1,"['尿激酶', '重组人尿激酶原', '溶栓药物', '替奈普酶', '阿替普酶']"
急性心肌梗死,DIS-CARD-CAD-AMI,血运重建,PLAN-CARD-TEXT-EEF9C97B59,has_treatment_plan,False,0,2,10,"['冠状动脉旁路移植术', '经皮冠状动脉介入治疗']"
急性心肌梗死,DIS-CARD-CAD-AMI,降压治疗,PLAN-CARD-BDE62A3BE028,has_treatment_plan,False,0,11,349,"['利尿剂', '血管紧张素Ⅱ受体拮抗剂', '钙通道阻滞剂', '血管紧张素Ⅱ受体阻滞剂', '血管紧张素转换酶抑制剂']"
感染性心内膜炎,DIS-CARD-INFECTIVE-ENDOCARDITIS,感染性心内膜炎治疗方案,PLAN-CARD-369B4EDD8267,has_treatment_plan,,0,4,60,"['瓣膜置换术', '经皮介入治疗', '外科手术治疗', '经导管主动脉瓣置换术']"
感染性心内膜炎,DIS-CARD-INFECTIVE-ENDOCARDITIS,抗凝治疗,PLAN-CARD-A1C4E6332D38,has_treatment_plan,False,0,6,236,"['抗凝药物', '达比加群酯', '华法林', '利伐沙班', '阿哌沙班']"
感染性心内膜炎,DIS-CARD-INFECTIVE-ENDOCARDITIS,降压治疗,PLAN-CARD-BDE62A3BE028,has_treatment_plan,False,0,11,349,"['利尿剂', '血管紧张素Ⅱ受体拮抗剂', '钙通道阻滞剂', '血管紧张素Ⅱ受体阻滞剂', '血管紧张素转换酶抑制剂']"
慢性冠脉综合征,DIS-CARD-CAD-CCS,慢性冠脉综合征治疗方案,PLAN-CARD-89D4C114E515,has_treatment_plan,False,0,1,57,['慢性冠脉综合征治疗路径']
慢性冠脉综合征,DIS-CARD-CAD-CCS,抗血小板治疗,PLAN-CARD-42FD049DCDB5,has_treatment_plan,False,0,1,596,['抗血小板药物']
慢性冠脉综合征,DIS-CARD-CAD-CCS,血运重建,PLAN-CARD-TEXT-EEF9C97B59,has_treatment_plan,False,0,2,10,"['冠状动脉旁路移植术', '经皮冠状动脉介入治疗']"
慢性心力衰竭,DIS-CARD-HF-CHF,慢性心力衰竭治疗方案,PLAN-CARD-CDCF4B5B8556,has_treatment_plan,False,0,6,41,"['血管紧张素受体脑啡肽酶抑制剂', '钠-葡萄糖协同转运蛋白2抑制剂', '盐皮质激素受体拮抗剂', '袢利尿剂', 'β受体阻滞剂']"
慢性心力衰竭,DIS-CARD-HF-CHF,血运重建,PLAN-CARD-TEXT-EEF9C97B59,has_treatment_plan,False,0,2,10,"['冠状动脉旁路移植术', '经皮冠状动脉介入治疗']"
慢性肾脏病合并高血压,DIS-CARD-HT-CKD,降压治疗,PLAN-CARD-BDE62A3BE028,has_treatment_plan,False,0,11,349,"['利尿剂', '血管紧张素Ⅱ受体拮抗剂', '钙通道阻滞剂', '血管紧张素Ⅱ受体阻滞剂', '血管紧张素转换酶抑制剂']"
慢性血栓栓塞性肺动脉高压,DIS-CARD-PH-CTEPH,慢性血栓栓塞性肺动脉高压治疗方案,PLAN-CARD-1060AA354C61,has_treatment_plan,,0,3,53,"['利奥西呱', '肺动脉血栓内膜剥脱术', '经皮肺动脉球囊成形术']"
房室传导阻滞,DIS-CARD-ARR-AVB,也可见于电解质紊乱（如高钾血症）、药物中毒（如洋地黄中毒）及心脏手术损伤（心脏瓣膜手术、导管消融术等）,CARD-SKELETON-FULL-20260709-TREATMENTPLAN-D355EC5DA6033AF6,has_treatment_plan,False,0,17,1,"['阿托品', '血管紧张素Ⅱ受体拮抗剂', '射频消融术', '经皮冠状动脉介入治疗', '血管紧张素转换酶抑制剂']"
房室传导阻滞,DIS-CARD-ARR-AVB,复律治疗,PLAN-CARD-TEXT-7CC38FBA6F,has_treatment_plan,False,0,2,70,"['胺碘酮', '电复律']"
房室传导阻滞,DIS-CARD-ARR-AVB,心房和心室的节律由各自独立的起搏点控制,CARD-SKELETON-FULL-20260709-TREATMENTPLAN-F0FFE784C9505FA2,has_treatment_plan,False,0,17,1,"['阿托品', '血管紧张素Ⅱ受体拮抗剂', '临时心脏起搏', '起搏器植入', '心脏再同步治疗']"
房室传导阻滞,DIS-CARD-ARR-AVB,房室传导阻滞治疗方案,PLAN-CARD-4902C4C10300,has_treatment_plan,False,0,19,71,"['血管紧张素Ⅱ受体拮抗剂', '阿托品', '醛固酮受体拮抗剂', '胺碘酮', '洋地黄类药物']"
房室传导阻滞,DIS-CARD-ARR-AVB,抗凝治疗,PLAN-CARD-A1C4E6332D38,has_treatment_plan,False,0,6,236,"['抗凝药物', '达比加群酯', '华法林', '利伐沙班', '阿哌沙班']"
房室传导阻滞,DIS-CARD-ARR-AVB,血运重建,PLAN-CARD-TEXT-EEF9C97B59,has_treatment_plan,False,0,2,10,"['冠状动脉旁路移植术', '经皮冠状动脉介入治疗']"
房室传导阻滞,DIS-CARD-ARR-AVB,起搏治疗,PLAN-CARD-F7FB7035330D,has_treatment_plan,False,0,4,59,"['永久起搏器植入', '临时起搏', '心脏再同步治疗', '临时心脏起搏']"
房室折返性心动过速,DIS-CARD-ARR-AVRT,同步电复律,PLAN-CARD-108E680ADD4F,has_treatment_plan,False,0,1,107,['同步直流电复律']
房室折返性心动过速,DIS-CARD-ARR-AVRT,导管消融,PLAN-CARD-5C9E41087192,has_treatment_plan,False,0,3,334,"['房颤导管消融', '射频导管消融', '肺静脉隔离']"
房室折返性心动过速,DIS-CARD-ARR-AVRT,房室折返性心动过速治疗方案,PLAN-CARD-344A32B0714D,has_treatment_plan,False,0,15,37,"['腺苷', '维拉帕米', '胺碘酮', '伊布利特', '索他洛尔']"
房室折返性心动过速,DIS-CARD-ARR-AVRT,药物转复,PLAN-CARD-64B52A7B760E,has_treatment_plan,False,0,4,10,"['腺苷', '胺碘酮', '普罗帕酮', '伊布利特']"
房室折返性心动过速,DIS-CARD-ARR-AVRT,迷走神经刺激,PLAN-CARD-741F70867FDD,has_treatment_plan,False,0,2,36,"['Valsalva动作', '颈动脉窦按摩']"
房室结折返性心动过速,DIS-CARD-ARR-AVNRT,同步电复律,PLAN-CARD-108E680ADD4F,has_treatment_plan,False,0,1,107,['同步直流电复律']
房室结折返性心动过速,DIS-CARD-ARR-AVNRT,导管消融,PLAN-CARD-5C9E41087192,has_treatment_plan,False,0,3,334,"['房颤导管消融', '射频导管消融', '肺静脉隔离']"
房室结折返性心动过速,DIS-CARD-ARR-AVNRT,房室结折返性心动过速治疗方案,PLAN-CARD-8EAEE6E3A5AC,has_treatment_plan,False,0,12,36,"['β受体阻滞剂', '维拉帕米', '普罗帕酮', '索他洛尔', '胺碘酮']"
房室结折返性心动过速,DIS-CARD-ARR-AVNRT,迷走神经刺激,PLAN-CARD-741F70867FDD,has_treatment_plan,False,0,2,36,"['Valsalva动作', '颈动脉窦按摩']"
房性心动过速,DIS-CARD-ARR-AT,同步电复律,PLAN-CARD-108E680ADD4F,has_treatment_plan,False,0,1,107,['同步直流电复律']
房性心动过速,DIS-CARD-ARR-AT,复律治疗,PLAN-CARD-TEXT-7CC38FBA6F,has_treatment_plan,False,0,2,70,"['胺碘酮', '电复律']"
房性心动过速,DIS-CARD-ARR-AT,导管消融,PLAN-CARD-5C9E41087192,has_treatment_plan,False,0,3,334,"['房颤导管消融', '射频导管消融', '肺静脉隔离']"
房性心动过速,DIS-CARD-ARR-AT,房性心动过速治疗方案,PLAN-CARD-6C7D6A045FA6,has_treatment_plan,False,0,22,72,"['β受体阻滞剂', '维拉帕米', '胺碘酮', '伊布利特', '普罗帕酮']"
房性心动过速,DIS-CARD-ARR-AT,抗凝治疗,PLAN-CARD-A1C4E6332D38,has_treatment_plan,False,0,6,236,"['抗凝药物', '达比加群酯', '华法林', '利伐沙班', '阿哌沙班']"
房间隔缺损,DIS-CARD-ASD,房间隔缺损治疗方案,PLAN-CARD-8DBA8EC7FD95,has_treatment_plan,,0,4,62,"['阿司匹林', '外科手术治疗', '球囊成形术', '经皮介入治疗']"
房间隔缺损,DIS-CARD-ASD,抗凝治疗,PLAN-CARD-A1C4E6332D38,has_treatment_plan,False,0,6,236,"['抗凝药物', '达比加群酯', '华法林', '利伐沙班', '阿哌沙班']"
扩张型心肌病,DIS-CARD-CM-DCM,扩张型心肌病治疗方案,PLAN-CARD-EF123C1AB63F,has_treatment_plan,False,0,28,61,"['血管紧张素Ⅱ受体拮抗剂', '美托洛尔', '比索洛尔', '卡维地洛', '螺内酯']"
扩张型心肌病,DIS-CARD-CM-DCM,抗凝治疗,PLAN-CARD-A1C4E6332D38,has_treatment_plan,False,0,6,236,"['抗凝药物', '达比加群酯', '华法林', '利伐沙班', '阿哌沙班']"
扩张型心肌病,DIS-CARD-CM-DCM,降压治疗,PLAN-CARD-BDE62A3BE028,has_treatment_plan,False,0,11,349,"['利尿剂', '血管紧张素Ⅱ受体拮抗剂', '钙通道阻滞剂', '血管紧张素Ⅱ受体阻滞剂', '血管紧张素转换酶抑制剂']"
持续性室性心动过速,DIS-CARD-ARR-VT,ICD治疗,PLAN-CARD-946BE3CB675F,has_treatment_plan,False,0,1,669,['埋藏式心脏转复除颤器']
持续性室性心动过速,DIS-CARD-ARR-VT,复律治疗,PLAN-CARD-TEXT-7CC38FBA6F,has_treatment_plan,False,0,2,70,"['胺碘酮', '电复律']"
持续性室性心动过速,DIS-CARD-ARR-VT,射频消融治疗,PLAN-CARD-8D7FDE84DC07,has_treatment_plan,False,0,1,98,['导管消融']
持续性室性心动过速,DIS-CARD-ARR-VT,抗凝治疗,PLAN-CARD-A1C4E6332D38,has_treatment_plan,False,0,6,236,"['抗凝药物', '达比加群酯', '华法林', '利伐沙班', '阿哌沙班']"
持续性室性心动过速,DIS-CARD-ARR-VT,抗心律失常药物治疗,PLAN-CARD-E01DCE98BB99,has_treatment_plan,False,0,4,175,"['索他洛尔', '利多卡因', '胺碘酮', '抗心律失常药物']"
持续性室性心动过速,DIS-CARD-ARR-VT,持续性室性心动过速治疗方案,PLAN-CARD-47613024D1C5,has_treatment_plan,False,0,37,114,"['钙通道阻滞剂', '血管紧张素Ⅱ受体拮抗剂', '美托洛尔', '普萘洛尔', '洋地黄类药物']"
持续性室性心动过速,DIS-CARD-ARR-VT,溶栓治疗,PLAN-CARD-FULLBOOK-B87D3F557B,has_treatment_plan,False,0,6,1,"['尿激酶', '重组人尿激酶原', '溶栓药物', '替奈普酶', '阿替普酶']"
持续性室性心动过速,DIS-CARD-ARR-VT,电复律除颤,PLAN-CARD-A694F46F1102,has_treatment_plan,False,0,2,301,"['电除颤', '同步电复律']"
持续性室性心动过速,DIS-CARD-ARR-VT,血运重建,PLAN-CARD-TEXT-EEF9C97B59,has_treatment_plan,False,0,2,10,"['冠状动脉旁路移植术', '经皮冠状动脉介入治疗']"
暴发性心肌炎,DIS-CARD-FULMINANT-MYOCARDITIS,暴发性心肌炎治疗方案,PLAN-CARD-6411F76AB98D,has_treatment_plan,,0,2,43,"['机械循环支持', '生命支持治疗']"
束支传导阻滞,DIS-CARD-ARR-BBB,束支传导阻滞治疗方案,PLAN-CARD-00B9C7D70BD9,has_treatment_plan,False,0,6,23,"['植入式心律转复除颤器', '心脏再同步治疗', '经导管主动脉瓣置换术', '观察随访', '起搏治疗']"
法布雷病心肌病,DIS-CARD-CM-FABRY,法布雷病心肌病治疗方案,PLAN-CARD-D8661B4FB4B1,has_treatment_plan,False,0,3,3,"['阿加糖酶α', '阿加糖酶β', '法布雷病心肌病治疗路径']"
淀粉样变心肌病,DIS-CARD-CM-AMYLOID,淀粉样变心肌病治疗方案,PLAN-CARD-BE44DFBB5552,has_treatment_plan,False,0,3,12,"['心脏移植', '埋藏式心脏复律除颤器', '淀粉样变心肌病治疗路径']"
特发性肺动脉高压,DIS-CARD-PH-IPAH,特发性肺动脉高压治疗方案,PLAN-CARD-E1D61826F7A4,has_treatment_plan,,0,3,46,"['前列环素通路药物', '内皮素受体拮抗剂', '磷酸二酯酶5抑制剂']"
白大衣高血压,DIS-CARD-HT-WCH,生活方式干预,PLAN-CARD-2081B78ED14D,has_treatment_plan,False,0,7,103,"['戒烟限酒', '减重', '隐匿性高血压专病诊疗路径', '高血压专病诊疗路径', '原发性高血压专病诊疗路径']"
白大衣高血压,DIS-CARD-HT-WCH,降压治疗,PLAN-CARD-BDE62A3BE028,has_treatment_plan,False,0,11,349,"['利尿剂', '血管紧张素Ⅱ受体拮抗剂', '钙通道阻滞剂', '血管紧张素Ⅱ受体阻滞剂', '血管紧张素转换酶抑制剂']"
短QT间期综合征,DIS-CARD-ARR-SQTS,ICD治疗,PLAN-CARD-946BE3CB675F,has_treatment_plan,False,0,1,669,['埋藏式心脏转复除颤器']
短QT间期综合征,DIS-CARD-ARR-SQTS,短QT间期综合征治疗方案,PLAN-CARD-C1B0D29171C8,has_treatment_plan,False,0,3,6,"['埋藏式心脏转复除颤器', 'ICD治疗', '短QT间期综合征治疗路径']"
稳定型心绞痛,DIS-CARD-CAD-STABLE-ANGINA,抗血小板治疗,PLAN-CARD-42FD049DCDB5,has_treatment_plan,False,0,1,596,['抗血小板药物']
稳定型心绞痛,DIS-CARD-CAD-STABLE-ANGINA,稳定型心绞痛治疗方案,PLAN-CARD-DDD036288AF3,has_treatment_plan,False,0,1,20,['稳定型心绞痛治疗路径']
稳定型心绞痛,DIS-CARD-CAD-STABLE-ANGINA,血运重建,PLAN-CARD-TEXT-EEF9C97B59,has_treatment_plan,False,0,2,10,"['冠状动脉旁路移植术', '经皮冠状动脉介入治疗']"
稳定型心绞痛,DIS-CARD-CAD-STABLE-ANGINA,降压治疗,PLAN-CARD-BDE62A3BE028,has_treatment_plan,False,0,11,349,"['利尿剂', '血管紧张素Ⅱ受体拮抗剂', '钙通道阻滞剂', '血管紧张素Ⅱ受体阻滞剂', '血管紧张素转换酶抑制剂']"
窦性心动过缓,DIS-CARD-ARR-SB,下位的潜在起搏点,CARD-SKELETON-20260709-TREATMENTPLAN-BFCF60272E5E8F9F,has_treatment_plan,False,0,8,2,"['阿托品', 'β受体拮抗剂', '异丙肾上腺素', '钙通道阻滞剂', '非二氢吡啶类钙通道阻滞剂']"
窦性心动过缓,DIS-CARD-ARR-SB,以及应用拟胆碱药物、胺碘酮、β受体拮抗剂、非二氢吡啶类钙通道阻滞剂或洋地黄类等药物,CARD-SKELETON-20260709-TREATMENTPLAN-644453136DFD38E2,has_treatment_plan,False,0,8,2,"['阿托品', 'β受体拮抗剂', '钙通道阻滞剂', '临时心脏起搏', '异丙肾上腺素']"
窦性心动过缓,DIS-CARD-ARR-SB,可应用阿托品或异丙肾上腺素等药物,CARD-SKELETON-20260709-TREATMENTPLAN-03F69ADBD8DD8ACB,has_treatment_plan,False,0,8,2,"['阿托品', 'β受体拮抗剂', '异丙肾上腺素', '钙通道阻滞剂', '胺碘酮']"
窦性心动过缓,DIS-CARD-ARR-SB,应用洋地黄类药物、乙酰胆碱等亦可引起窦性停搏,CARD-SKELETON-20260709-TREATMENTPLAN-788A4C55AED14161,has_treatment_plan,False,0,8,2,"['阿托品', '心脏再同步治疗', '钙通道阻滞剂', '异丙肾上腺素', '非二氢吡啶类钙通道阻滞剂']"
窦性心动过缓,DIS-CARD-ARR-SB,故应考虑心脏起搏治疗,CARD-SKELETON-20260709-TREATMENTPLAN-B7A5660A87DD1BA2,has_treatment_plan,False,0,8,2,"['阿托品', '钙通道阻滞剂', '非二氢吡啶类钙通道阻滞剂', 'β受体拮抗剂', '胺碘酮']"
窦性心动过缓,DIS-CARD-ARR-SB,无症状的窦性心动过缓通常无需治疗,CARD-SKELETON-20260709-TREATMENTPLAN-F3121EC03152AC77,has_treatment_plan,False,0,8,2,"['阿托品', '心脏再同步治疗', '异丙肾上腺素', '胺碘酮', '钙通道阻滞剂']"
窦性心动过缓,DIS-CARD-ARR-SB,治疗可参照病态窦房结综合征,CARD-SKELETON-20260709-TREATMENTPLAN-9FCAC418A06FE88B,has_treatment_plan,False,0,8,2,"['阿托品', '非二氢吡啶类钙通道阻滞剂', '胺碘酮', '钙通道阻滞剂', 'β受体拮抗剂']"
窦性心动过缓,DIS-CARD-ARR-SB,窦性心动过缓治疗方案,PLAN-CARD-84E0BB8F1329,has_treatment_plan,False,0,10,72,"['钙通道阻滞剂', '阿托品', '胺碘酮', 'β受体拮抗剂', '异丙肾上腺素']"
窦性心动过缓,DIS-CARD-ARR-SB,起搏治疗,PLAN-CARD-F7FB7035330D,has_treatment_plan,False,0,4,59,"['永久起搏器植入', '临时起搏', '心脏再同步治疗', '临时心脏起搏']"
窦房传导阻滞,DIS-CARD-ARR-SAB,窦房传导阻滞治疗方案,PLAN-CARD-B809AAF4889D,has_treatment_plan,False,0,5,7,"['永久起搏器植入', '定期随诊观察', '诱因纠正', '起搏治疗', '窦房传导阻滞治疗路径']"
窦房结功能障碍,DIS-CARD-ARR-SND,窦房结功能障碍治疗方案,PLAN-CARD-26AF9C4155B7,has_treatment_plan,False,0,6,35,"['阿托品', '异丙肾上腺素', '植入式心律转复除颤器', '心脏再同步治疗', '经导管主动脉瓣置换术']"
结缔组织病相关肺动脉高压,DIS-CARD-PH-CTD,结缔组织病相关肺动脉高压治疗方案,PLAN-CARD-40F9E43F6780,has_treatment_plan,,0,2,23,"['内皮素受体拮抗剂', '磷酸二酯酶5抑制剂']"
继发性高血压,DIS-CARD-HT-SECONDARY,生活方式干预,PLAN-CARD-2081B78ED14D,has_treatment_plan,False,0,7,103,"['戒烟限酒', '减重', '隐匿性高血压专病诊疗路径', '高血压专病诊疗路径', '原发性高血压专病诊疗路径']"
继发性高血压,DIS-CARD-HT-SECONDARY,联合降压治疗,PLAN-CARD-0CDCF256C0E6,has_treatment_plan,False,0,8,84,"['血管紧张素Ⅱ受体阻滞剂', '钙通道阻滞剂', 'β受体阻滞剂', '血管紧张素转换酶抑制剂', '利尿剂']"
继发性高血压,DIS-CARD-HT-SECONDARY,血运重建,PLAN-CARD-TEXT-EEF9C97B59,has_treatment_plan,False,0,2,10,"['冠状动脉旁路移植术', '经皮冠状动脉介入治疗']"
继发性高血压,DIS-CARD-HT-SECONDARY,降压治疗,PLAN-CARD-BDE62A3BE028,has_treatment_plan,False,0,11,349,"['利尿剂', '血管紧张素Ⅱ受体拮抗剂', '钙通道阻滞剂', '血管紧张素Ⅱ受体阻滞剂', '血管紧张素转换酶抑制剂']"
缓慢性心律失常,DIS-CARD-ARR-BRADY,缓慢性心律失常治疗方案,PLAN-CARD-D48B04D85208,has_treatment_plan,False,0,6,81,"['阿托品', '异丙肾上腺素', '临时心脏起搏', '经导管主动脉瓣置换术', '心脏再同步治疗']"
缓慢性心律失常,DIS-CARD-ARR-BRADY,起搏治疗,PLAN-CARD-F7FB7035330D,has_treatment_plan,False,0,4,59,"['永久起搏器植入', '临时起搏', '心脏再同步治疗', '临时心脏起搏']"
缩窄性心包炎,DIS-CARD-PERICARD-CONSTRICTIVE,【临床表现】1.症状病人常有心包炎、心包积液、恶性肿瘤、胸部放射性治疗和胸心外科手术等病史,CARD-SKELETON-FULL-20260709-TREATMENTPLAN-D7A188C9B6C12EF5,has_treatment_plan,False,0,0,1,[]
缩窄性心包炎,DIS-CARD-PERICARD-CONSTRICTIVE,其他病因包括恶性肿瘤、结缔组织病、尿毒症、药物等,CARD-SKELETON-FULL-20260709-TREATMENTPLAN-542F49CC6D03259B,has_treatment_plan,False,0,0,1,[]
缺血性心肌病,DIS-CARD-CAD-ICM,抗凝治疗,PLAN-CARD-A1C4E6332D38,has_treatment_plan,False,0,6,236,"['抗凝药物', '达比加群酯', '华法林', '利伐沙班', '阿哌沙班']"
缺血性心肌病,DIS-CARD-CAD-ICM,缺血性心肌病治疗方案,PLAN-CARD-260280003FF2,has_treatment_plan,False,0,12,15,"['血管紧张素Ⅱ受体拮抗剂', '降压治疗', '血运重建', '硝酸酯类药物', '心脏移植']"
缺血性心肌病,DIS-CARD-CAD-ICM,血运重建,PLAN-CARD-TEXT-EEF9C97B59,has_treatment_plan,False,0,2,10,"['冠状动脉旁路移植术', '经皮冠状动脉介入治疗']"
缺血性心肌病,DIS-CARD-CAD-ICM,降压治疗,PLAN-CARD-BDE62A3BE028,has_treatment_plan,False,0,11,349,"['利尿剂', '血管紧张素Ⅱ受体拮抗剂', '钙通道阻滞剂', '血管紧张素Ⅱ受体阻滞剂', '血管紧张素转换酶抑制剂']"
老年高血压,DIS-CARD-HT-ELDERLY,生活方式干预,PLAN-CARD-2081B78ED14D,has_treatment_plan,False,0,7,103,"['戒烟限酒', '减重', '隐匿性高血压专病诊疗路径', '高血压专病诊疗路径', '原发性高血压专病诊疗路径']"
老年高血压,DIS-CARD-HT-ELDERLY,联合降压治疗,PLAN-CARD-0CDCF256C0E6,has_treatment_plan,False,0,8,84,"['血管紧张素Ⅱ受体阻滞剂', '钙通道阻滞剂', 'β受体阻滞剂', '血管紧张素转换酶抑制剂', '利尿剂']"
老年高血压,DIS-CARD-HT-ELDERLY,降压治疗,PLAN-CARD-BDE62A3BE028,has_treatment_plan,False,0,11,349,"['利尿剂', '血管紧张素Ⅱ受体拮抗剂', '钙通道阻滞剂', '血管紧张素Ⅱ受体阻滞剂', '血管紧张素转换酶抑制剂']"
肥厚型心肌病,DIS-CARD-CM-HCM,抗凝治疗,PLAN-CARD-A1C4E6332D38,has_treatment_plan,False,0,6,236,"['抗凝药物', '达比加群酯', '华法林', '利伐沙班', '阿哌沙班']"
肥厚型心肌病,DIS-CARD-CM-HCM,肥厚型心肌病治疗方案,PLAN-CARD-C73CCA666CCA,has_treatment_plan,False,0,19,103,"['β受体拮抗剂', '美托洛尔', '维拉帕米', '比索洛尔', '钙通道阻滞剂']"
肺动脉瓣狭窄,DIS-CARD-VHD-PS,肺动脉瓣狭窄治疗方案,PLAN-CARD-61874F4A9AFC,has_treatment_plan,,0,3,27,"['球囊成形术', '经导管主动脉瓣置换术', '经皮球囊肺动脉瓣成形术']"
肺动脉高压,DIS-CARD-PH,肺动脉高压治疗方案,PLAN-CARD-1D60B211E01D,has_treatment_plan,,0,3,191,"['内皮素受体拮抗剂', '磷酸二酯酶5抑制剂', '前列环素通路药物']"
肾实质性高血压,DIS-CARD-HT-RENAL-PARENCHYMAL,降压治疗,PLAN-CARD-BDE62A3BE028,has_treatment_plan,False,0,11,349,"['利尿剂', '血管紧张素Ⅱ受体拮抗剂', '钙通道阻滞剂', '血管紧张素Ⅱ受体阻滞剂', '血管紧张素转换酶抑制剂']"
肾血管性高血压,DIS-CARD-HT-RENOVASCULAR,联合降压治疗,PLAN-CARD-0CDCF256C0E6,has_treatment_plan,False,0,8,84,"['血管紧张素Ⅱ受体阻滞剂', '钙通道阻滞剂', 'β受体阻滞剂', '血管紧张素转换酶抑制剂', '利尿剂']"
肾血管性高血压,DIS-CARD-HT-RENOVASCULAR,血运重建,PLAN-CARD-TEXT-EEF9C97B59,has_treatment_plan,False,0,2,10,"['冠状动脉旁路移植术', '经皮冠状动脉介入治疗']"
肾血管性高血压,DIS-CARD-HT-RENOVASCULAR,降压治疗,PLAN-CARD-BDE62A3BE028,has_treatment_plan,False,0,11,349,"['利尿剂', '血管紧张素Ⅱ受体拮抗剂', '钙通道阻滞剂', '血管紧张素Ⅱ受体阻滞剂', '血管紧张素转换酶抑制剂']"
腹主动脉瘤,DIS-CARD-AAA,腹主动脉瘤治疗方案,PLAN-CARD-8C96E4CC9AE6,has_treatment_plan,,0,2,19,"['外科手术治疗', '他汀类药物']"
致心律失常性双心室心肌病,DIS-CARD-CM-ABVC,抗凝治疗,PLAN-CARD-A1C4E6332D38,has_treatment_plan,False,0,6,236,"['抗凝药物', '达比加群酯', '华法林', '利伐沙班', '阿哌沙班']"
致心律失常性双心室心肌病,DIS-CARD-CM-ABVC,致心律失常性双心室心肌病治疗方案,PLAN-CARD-75D805FA2D42,has_treatment_plan,False,0,4,2,"['利尿剂', '抗凝治疗', '埋藏式心脏复律除颤器', '致心律失常性双心室心肌病治疗路径']"
致心律失常性右心室心肌病,DIS-CARD-CM-ARVC,致心律失常性右心室心肌病治疗方案,PLAN-CARD-A998492DDF0E,has_treatment_plan,False,0,10,12,"['维拉帕米', '射频消融术', '胺碘酮', '非二氢吡啶类钙通道阻滞剂', '埋藏式心脏复律除颤器']"
致心律失常性左心室心肌病,DIS-CARD-CM-ALVC,致心律失常性左心室心肌病治疗方案,PLAN-CARD-501677A0810C,has_treatment_plan,False,0,2,1,"['埋藏式心脏复律除颤器', '致心律失常性左心室心肌病治疗路径']"
致心律失常性心肌病,DIS-CARD-CM-ACM,抗凝治疗,PLAN-CARD-A1C4E6332D38,has_treatment_plan,False,0,6,236,"['抗凝药物', '达比加群酯', '华法林', '利伐沙班', '阿哌沙班']"
致心律失常性心肌病,DIS-CARD-CM-ACM,致心律失常性心肌病治疗方案,PLAN-CARD-8BABC3547777,has_treatment_plan,False,0,6,13,"['胺碘酮', '埋藏式心脏复律除颤器', '抗凝治疗', '心脏移植', '利尿剂']"
血脂异常,DIS-CARD-DYSLIPIDEMIA,血脂异常治疗方案,PLAN-CARD-AD3F29BFEB06,has_treatment_plan,,0,1,74,['他汀类药物']
透析患者慢性心力衰竭,DIS-CARD-HF-DIALYSIS-CHF,透析患者慢性心力衰竭治疗方案,PLAN-CARD-C3F083B7CCAC,has_treatment_plan,False,0,2,5,"['袢利尿剂', '透析患者慢性心力衰竭治疗路径']"
遗传性肺动脉高压,DIS-CARD-PH-HPAH,遗传性肺动脉高压治疗方案,PLAN-CARD-F59469DDB81E,has_treatment_plan,,0,2,17,"['内皮素受体拮抗剂', '前列环素通路药物']"
长QT间期综合征,DIS-CARD-ARR-LQTS,ICD治疗,PLAN-CARD-946BE3CB675F,has_treatment_plan,False,0,1,669,['埋藏式心脏转复除颤器']
长QT间期综合征,DIS-CARD-ARR-LQTS,抗心律失常药物治疗,PLAN-CARD-E01DCE98BB99,has_treatment_plan,False,0,4,175,"['索他洛尔', '利多卡因', '胺碘酮', '抗心律失常药物']"
长QT间期综合征,DIS-CARD-ARR-LQTS,电复律除颤,PLAN-CARD-A694F46F1102,has_treatment_plan,False,0,2,301,"['电除颤', '同步电复律']"
长QT间期综合征,DIS-CARD-ARR-LQTS,长QT间期综合征治疗方案,PLAN-CARD-5577EA63AC56,has_treatment_plan,False,0,23,24,"['美托洛尔', '普萘洛尔', '抗心律失常药物', '钙通道阻滞剂', '胺碘酮']"
阵发性室上性心动过速,DIS-CARD-ARR-PSVT,复律治疗,PLAN-CARD-TEXT-7CC38FBA6F,has_treatment_plan,False,0,2,70,"['胺碘酮', '电复律']"
陈旧性心肌梗死,DIS-CARD-CAD-OLD-MI,抗血小板治疗,PLAN-CARD-42FD049DCDB5,has_treatment_plan,False,0,1,596,['抗血小板药物']
陈旧性心肌梗死,DIS-CARD-CAD-OLD-MI,陈旧性心肌梗死治疗方案,PLAN-CARD-9ACFEF0709E2,has_treatment_plan,False,0,1,10,['陈旧性心肌梗死治疗路径']
限制型心肌病,DIS-CARD-CM-RCM,抗凝治疗,PLAN-CARD-A1C4E6332D38,has_treatment_plan,False,0,6,236,"['抗凝药物', '达比加群酯', '华法林', '利伐沙班', '阿哌沙班']"
限制型心肌病,DIS-CARD-CM-RCM,限制型心肌病治疗方案,PLAN-CARD-8419002B35F1,has_treatment_plan,False,0,11,8,"['起搏器', '埋藏式心脏复律除颤器', '抗凝治疗', '非二氢吡啶类钙通道阻滞剂', 'β受体拮抗剂']"
隐匿性冠心病,DIS-CARD-CAD-SILENT-ISCHEMIA,隐匿性冠心病治疗方案,PLAN-CARD-65EBD0DFC019,has_treatment_plan,False,0,4,1,"['β受体阻滞剂', '抗血小板药物', '隐匿性冠心病治疗路径', '他汀类药物']"
隐匿性高血压,DIS-CARD-HT-MASKED,生活方式干预,PLAN-CARD-2081B78ED14D,has_treatment_plan,False,0,7,103,"['戒烟限酒', '减重', '隐匿性高血压专病诊疗路径', '高血压专病诊疗路径', '原发性高血压专病诊疗路径']"
隐匿性高血压,DIS-CARD-HT-MASKED,降压治疗,PLAN-CARD-BDE62A3BE028,has_treatment_plan,False,0,11,349,"['利尿剂', '血管紧张素Ⅱ受体拮抗剂', '钙通道阻滞剂', '血管紧张素Ⅱ受体阻滞剂', '血管紧张素转换酶抑制剂']"
难治性高血压,DIS-CARD-HT-RESISTANT,生活方式干预,PLAN-CARD-2081B78ED14D,has_treatment_plan,False,0,7,103,"['戒烟限酒', '减重', '隐匿性高血压专病诊疗路径', '高血压专病诊疗路径', '原发性高血压专病诊疗路径']"
难治性高血压,DIS-CARD-HT-RESISTANT,联合降压治疗,PLAN-CARD-0CDCF256C0E6,has_treatment_plan,False,0,8,84,"['血管紧张素Ⅱ受体阻滞剂', '钙通道阻滞剂', 'β受体阻滞剂', '血管紧张素转换酶抑制剂', '利尿剂']"
难治性高血压,DIS-CARD-HT-RESISTANT,降压治疗,PLAN-CARD-BDE62A3BE028,has_treatment_plan,False,0,11,349,"['利尿剂', '血管紧张素Ⅱ受体拮抗剂', '钙通道阻滞剂', '血管紧张素Ⅱ受体阻滞剂', '血管紧张素转换酶抑制剂']"
静脉血栓症,DIS-CARD-VTE,复律治疗,PLAN-CARD-TEXT-7CC38FBA6F,has_treatment_plan,False,0,2,70,"['胺碘酮', '电复律']"
静脉血栓症,DIS-CARD-VTE,抗凝治疗,PLAN-CARD-A1C4E6332D38,has_treatment_plan,False,0,6,236,"['抗凝药物', '达比加群酯', '华法林', '利伐沙班', '阿哌沙班']"
静脉血栓症,DIS-CARD-VTE,氧疗,PLAN-CARD-FULLBOOK-BBA9C43055,has_treatment_plan,False,0,1,4,['吸氧治疗']
静脉血栓症,DIS-CARD-VTE,溶栓治疗,PLAN-CARD-FULLBOOK-B87D3F557B,has_treatment_plan,False,0,6,1,"['尿激酶', '重组人尿激酶原', '溶栓药物', '替奈普酶', '阿替普酶']"
静脉血栓症,DIS-CARD-VTE,血运重建,PLAN-CARD-TEXT-EEF9C97B59,has_treatment_plan,False,0,2,10,"['冠状动脉旁路移植术', '经皮冠状动脉介入治疗']"
非ST段抬高型心肌梗死,DIS-CARD-CAD-NSTEMI,复律治疗,PLAN-CARD-TEXT-7CC38FBA6F,has_treatment_plan,False,0,2,70,"['胺碘酮', '电复律']"
非ST段抬高型心肌梗死,DIS-CARD-CAD-NSTEMI,抗凝治疗,PLAN-CARD-A1C4E6332D38,has_treatment_plan,False,0,6,236,"['抗凝药物', '达比加群酯', '华法林', '利伐沙班', '阿哌沙班']"
非ST段抬高型心肌梗死,DIS-CARD-CAD-NSTEMI,抗血小板治疗,PLAN-CARD-42FD049DCDB5,has_treatment_plan,False,0,1,596,['抗血小板药物']
非ST段抬高型心肌梗死,DIS-CARD-CAD-NSTEMI,氧疗,PLAN-CARD-FULLBOOK-BBA9C43055,has_treatment_plan,False,0,1,4,['吸氧治疗']
非ST段抬高型心肌梗死,DIS-CARD-CAD-NSTEMI,血运重建,PLAN-CARD-TEXT-EEF9C97B59,has_treatment_plan,False,0,2,10,"['冠状动脉旁路移植术', '经皮冠状动脉介入治疗']"
非ST段抬高型心肌梗死,DIS-CARD-CAD-NSTEMI,非ST段抬高型心肌梗死治疗方案,PLAN-CARD-2CEC4722F549,has_treatment_plan,False,0,1,16,['非ST段抬高型心肌梗死治疗路径']
非扩张型左心室心肌病,DIS-CARD-CM-NDLVCM,非扩张型左心室心肌病治疗方案,PLAN-CARD-0E0B6D3DD944,has_treatment_plan,False,0,4,2,"['血管紧张素Ⅱ受体拮抗剂', 'β受体阻滞剂', '血管紧张素转换酶抑制剂', '非扩张型左心室心肌病治疗路径']"
非持续性室性心动过速,DIS-CARD-ARR-NSVT,ICD治疗,PLAN-CARD-946BE3CB675F,has_treatment_plan,False,0,1,669,['埋藏式心脏转复除颤器']
非持续性室性心动过速,DIS-CARD-ARR-NSVT,电复律除颤,PLAN-CARD-A694F46F1102,has_treatment_plan,False,0,2,301,"['电除颤', '同步电复律']"
非持续性室性心动过速,DIS-CARD-ARR-NSVT,非持续性室性心动过速治疗方案,PLAN-CARD-99A20A48D160,has_treatment_plan,False,0,8,16,"['同步电复律', 'ICD治疗', '胺碘酮', '电除颤', '电复律除颤']"
预激综合征,DIS-CARD-ARR-WPW,同步电复律,PLAN-CARD-108E680ADD4F,has_treatment_plan,False,0,1,107,['同步直流电复律']
预激综合征,DIS-CARD-ARR-WPW,导管消融,PLAN-CARD-5C9E41087192,has_treatment_plan,False,0,3,334,"['房颤导管消融', '射频导管消融', '肺静脉隔离']"
预激综合征,DIS-CARD-ARR-WPW,抗凝治疗,PLAN-CARD-A1C4E6332D38,has_treatment_plan,False,0,6,236,"['抗凝药物', '达比加群酯', '华法林', '利伐沙班', '阿哌沙班']"
预激综合征,DIS-CARD-ARR-WPW,药物转复,PLAN-CARD-64B52A7B760E,has_treatment_plan,False,0,4,10,"['腺苷', '胺碘酮', '普罗帕酮', '伊布利特']"
预激综合征,DIS-CARD-ARR-WPW,迷走神经刺激,PLAN-CARD-741F70867FDD,has_treatment_plan,False,0,2,36,"['Valsalva动作', '颈动脉窦按摩']"
预激综合征,DIS-CARD-ARR-WPW,预激综合征治疗方案,PLAN-CARD-C6D5D3242A03,has_treatment_plan,False,0,15,120,"['维拉帕米', '伊布利特', '腺苷', '普罗帕酮', '索他洛尔']"
风湿性心脏瓣膜病,DIS-CARD-VHD-RHD,风湿性心脏瓣膜病治疗方案,PLAN-CARD-4D9DB801D1D6,has_treatment_plan,,0,5,16,"['经导管主动脉瓣置换术', '长效青霉素', '苄星青霉素', '阿司匹林', '肠溶阿司匹林']"
高胆固醇血症,DIS-CARD-HYPERCHOLESTEROLEMIA,高胆固醇血症治疗方案,PLAN-CARD-7258BD0D7F5E,has_treatment_plan,,0,3,25,"['他汀类药物', '经皮介入治疗', '外科手术治疗']"
高血压,DIS-CARD-HT,生活方式干预,PLAN-CARD-2081B78ED14D,has_treatment_plan,False,0,7,103,"['戒烟限酒', '减重', '隐匿性高血压专病诊疗路径', '高血压专病诊疗路径', '原发性高血压专病诊疗路径']"
高血压,DIS-CARD-HT,联合降压治疗,PLAN-CARD-0CDCF256C0E6,has_treatment_plan,False,0,8,84,"['血管紧张素Ⅱ受体阻滞剂', '钙通道阻滞剂', 'β受体阻滞剂', '血管紧张素转换酶抑制剂', '利尿剂']"
高血压,DIS-CARD-HT,降压治疗,PLAN-CARD-BDE62A3BE028,has_treatment_plan,False,0,11,349,"['利尿剂', '血管紧张素Ⅱ受体拮抗剂', '钙通道阻滞剂', '血管紧张素Ⅱ受体阻滞剂', '血管紧张素转换酶抑制剂']"
高血压,DIS-CARD-HT,高血压急症降压治疗,PLAN-CARD-34D17C2BA3F6,has_treatment_plan,False,0,5,6,"['硝酸甘油', '拉贝洛尔', '尼卡地平', '硝普钠', '乌拉地尔']"
高血压亚急症,DIS-CARD-HT-URGENCY,降压治疗,PLAN-CARD-BDE62A3BE028,has_treatment_plan,False,0,11,349,"['利尿剂', '血管紧张素Ⅱ受体拮抗剂', '钙通道阻滞剂', '血管紧张素Ⅱ受体阻滞剂', '血管紧张素转换酶抑制剂']"
高血压急症,DIS-CARD-HT-EMERGENCY,生活方式干预,PLAN-CARD-2081B78ED14D,has_treatment_plan,False,0,7,103,"['戒烟限酒', '减重', '隐匿性高血压专病诊疗路径', '高血压专病诊疗路径', '原发性高血压专病诊疗路径']"
高血压急症,DIS-CARD-HT-EMERGENCY,联合降压治疗,PLAN-CARD-0CDCF256C0E6,has_treatment_plan,False,0,8,84,"['血管紧张素Ⅱ受体阻滞剂', '钙通道阻滞剂', 'β受体阻滞剂', '血管紧张素转换酶抑制剂', '利尿剂']"
高血压急症,DIS-CARD-HT-EMERGENCY,降压治疗,PLAN-CARD-BDE62A3BE028,has_treatment_plan,False,0,11,349,"['利尿剂', '血管紧张素Ⅱ受体拮抗剂', '钙通道阻滞剂', '血管紧张素Ⅱ受体阻滞剂', '血管紧张素转换酶抑制剂']"
高血压急症和亚急症,DIS-CARD-HTN-EMERGENCY,降压治疗,PLAN-CARD-BDE62A3BE028,has_treatment_plan,False,0,11,349,"['利尿剂', '血管紧张素Ⅱ受体拮抗剂', '钙通道阻滞剂', '血管紧张素Ⅱ受体阻滞剂', '血管紧张素转换酶抑制剂']"
二尖瓣狭窄,DIS-CARD-VHD-MS,控制心室率,PLAN-CARD-TEXT-655F4B37BC,has_treatment_plan,False,1,3,0,"['β受体阻滞剂', '钙通道阻滞剂', '洋地黄类药物']"
心力衰竭,DIS-CARD-HF,控制心室率,PLAN-CARD-TEXT-655F4B37BC,has_treatment_plan,False,1,3,0,"['β受体阻滞剂', '钙通道阻滞剂', '洋地黄类药物']"
心房扑动,DIS-CARD-ARR-AFL,控制心室率,PLAN-CARD-TEXT-655F4B37BC,has_treatment_plan,False,1,3,0,"['β受体阻滞剂', '钙通道阻滞剂', '洋地黄类药物']"
心房颤动,DIS-CARD-ARR-AF,控制心室率,PLAN-CARD-TEXT-655F4B37BC,has_treatment_plan,False,1,3,0,"['β受体阻滞剂', '钙通道阻滞剂', '洋地黄类药物']"
急性心力衰竭,DIS-CARD-HF-AHF,控制心室率,PLAN-CARD-TEXT-655F4B37BC,has_treatment_plan,False,1,3,0,"['β受体阻滞剂', '钙通道阻滞剂', '洋地黄类药物']"
心房心肌病,DIS-CARD-CM-ATRIAL,房性心律失常与卒中风险管理,PLAN-CARD-CM-ATRIAL-AF-STROKE-RISK-MANAGEMENT,has_treatment_plan,False,2,4,0,"['节律控制', '控制心室率', '抗凝治疗', '房性心律失常和卒中预防路径']"
