code,name,batch_id,formal,evidence_count,sources,decision,target_entityType,reason
DDX-CARD-A4091D292E4B,冠状动脉痉挛,BATCH-CARD-CAD-20260623-001,False,79,"[{""source_code"": ""DIS-CARD-CAD-CCS"", ""source_type"": ""Disease"", ""source_name"": ""慢性冠脉综合征""}, {""source_code"": ""DIS-CARD-CAD-NSTEMI"", ""source_type"": ""Disease"", ""source_name"": ""非ST段抬高型心肌梗死""}, {""source_code"": ""DIS-CARD-CAD-AMI"", ""source_type"": ""Disease"", ""source_name"": ""急性心肌梗死""}, {""source_code"": ""DIS-CARD-CAD-ACS"", ""source_type"": ""Disease"", ""source_name"": ""急性冠脉综合征""}, {""source_code"": ""DIS-CARD-CAD-UA"", ""source_type"": ""Disease"", ""source_name"": ""不稳定型心绞痛""}, {""source_code"": ""DIS-CARD-CAD-STABLE-ANGINA"", ""source_type"": ""Disease"", ""source_name"": ""稳定型心绞痛""}, {""source_code"": ""DIS-CARD-CAD-STEMI"", ""source_type"": ""Disease"", ""source_name"": ""ST段抬高型心肌梗死""}]",keep_differential_target_needs_detail,DifferentialDiagnosis,句子型鉴别要点改为ClinicalRule；短疾病/状态名保留为DifferentialDiagnosis待补鉴别规则
DDX-CARD-CADREM-SILENT-ISCHEMIA-3600DD6764,但有心肌缺血客观证据的冠心病,BATCH-CARD-CAD-REMAINING-20260712-001,False,1,"[{""source_code"": ""DIS-CARD-CAD-SILENT-ISCHEMIA"", ""source_type"": ""Disease"", ""source_name"": ""隐匿性冠心病""}]",retype_to_clinical_rule_differential_point,ClinicalRule,句子型鉴别要点改为ClinicalRule；短疾病/状态名保留为DifferentialDiagnosis待补鉴别规则
DDX-CARD-CADREM-ICM-003E48BBA7,同时需排除冠心病的某些并发症,BATCH-CARD-CAD-REMAINING-20260712-001,False,1,"[{""source_code"": ""DIS-CARD-CAD-ICM"", ""source_type"": ""Disease"", ""source_name"": ""缺血性心肌病""}]",retype_to_clinical_rule_differential_point,ClinicalRule,句子型鉴别要点改为ClinicalRule；短疾病/状态名保留为DifferentialDiagnosis待补鉴别规则
DDX-CARD-CADREM-AMI-2456ECD13F,鉴别诊断需要考虑以下疾病,BATCH-CARD-CAD-REMAINING-20260712-001,False,1,"[{""source_code"": ""DIS-CARD-CAD-AMI"", ""source_type"": ""Disease"", ""source_name"": ""急性心肌梗死""}]",retype_to_clinical_rule_differential_point,ClinicalRule,句子型鉴别要点改为ClinicalRule；短疾病/状态名保留为DifferentialDiagnosis待补鉴别规则
DDX-CARD-CADREM-ICM-39AF6E5DFD,需鉴别其他引起心脏增大和心力衰竭的病因,BATCH-CARD-CAD-REMAINING-20260712-001,False,1,"[{""source_code"": ""DIS-CARD-CAD-ICM"", ""source_type"": ""Disease"", ""source_name"": ""缺血性心肌病""}]",retype_to_clinical_rule_differential_point,ClinicalRule,句子型鉴别要点改为ClinicalRule；短疾病/状态名保留为DifferentialDiagnosis待补鉴别规则
DDX-CARD-STEMI-BED7C76BD0A8,嗜铬细胞瘤,BATCH-CARD-CAD-STEMI-20260712-001,False,1,"[{""source_code"": ""DIS-CARD-CAD-STEMI"", ""source_type"": ""Disease"", ""source_name"": ""ST段抬高型心肌梗死""}]",keep_differential_target_needs_detail,DifferentialDiagnosis,句子型鉴别要点改为ClinicalRule；短疾病/状态名保留为DifferentialDiagnosis待补鉴别规则
DDX-CARD-STEMI-4DD215C51903,心绞痛,BATCH-CARD-CAD-STEMI-20260712-001,False,1,"[{""source_code"": ""DIS-CARD-CAD-STEMI"", ""source_type"": ""Disease"", ""source_name"": ""ST段抬高型心肌梗死""}]",keep_differential_target_needs_detail,DifferentialDiagnosis,句子型鉴别要点改为ClinicalRule；短疾病/状态名保留为DifferentialDiagnosis待补鉴别规则
DDX-CARD-A07BA907BDB0,心肌炎,BATCH-CARD-CAD-STEMI-20260712-001,False,51,"[{""source_code"": ""DIS-CARD-CM-DCM"", ""source_type"": ""Disease"", ""source_name"": ""扩张型心肌病""}, {""source_code"": ""DIS-CARD-CAD-STEMI"", ""source_type"": ""Disease"", ""source_name"": ""ST段抬高型心肌梗死""}, {""source_code"": ""DIS-CARD-CM-RCM"", ""source_type"": ""Disease"", ""source_name"": ""限制型心肌病""}, {""source_code"": ""DIS-CARD-CM-AMYLOID"", ""source_type"": ""Disease"", ""source_name"": ""淀粉样变心肌病""}, {""source_code"": ""DIS-CARD-CM-HCM"", ""source_type"": ""Disease"", ""source_name"": ""肥厚型心肌病""}, {""source_code"": ""DIS-CARD-CM-ARVC"", ""source_type"": ""Disease"", ""source_name"": ""致心律失常性右心室心肌病""}, {""source_code"": ""DIS-CARD-CM-ACM"", ""source_type"": ""Disease"", ""source_name"": ""致心律失常性心肌病""}, {""source_code"": ""DIS-CARD-CAD-ICM"", ""source_type"": ""Disease"", ""source_name"": ""缺血性心肌病""}]",keep_differential_target_needs_detail,DifferentialDiagnosis,句子型鉴别要点改为ClinicalRule；短疾病/状态名保留为DifferentialDiagnosis待补鉴别规则
DDX-CARD-STEMI-5ED3F170AA98,急性肺动脉栓塞,BATCH-CARD-CAD-STEMI-20260712-001,False,1,"[{""source_code"": ""DIS-CARD-CAD-STEMI"", ""source_type"": ""Disease"", ""source_name"": ""ST段抬高型心肌梗死""}]",keep_differential_target_needs_detail,DifferentialDiagnosis,句子型鉴别要点改为ClinicalRule；短疾病/状态名保留为DifferentialDiagnosis待补鉴别规则
DDX-CARD-STEMI-F118C9F80AE2,急腹症,BATCH-CARD-CAD-STEMI-20260712-001,False,1,"[{""source_code"": ""DIS-CARD-CAD-STEMI"", ""source_type"": ""Disease"", ""source_name"": ""ST段抬高型心肌梗死""}]",keep_differential_target_needs_detail,DifferentialDiagnosis,句子型鉴别要点改为ClinicalRule；短疾病/状态名保留为DifferentialDiagnosis待补鉴别规则
DDX-CARD-6AB732E54DB3,冠心病,BATCH-CARD-CM-20260622-001,False,125,"[{""source_code"": ""DIS-CARD-CM-ALVC"", ""source_type"": ""Disease"", ""source_name"": ""致心律失常性左心室心肌病""}, {""source_code"": ""DIS-CARD-CAD-ICM"", ""source_type"": ""Disease"", ""source_name"": ""缺血性心肌病""}, {""source_code"": ""DIS-CARD-CM-HCM"", ""source_type"": ""Disease"", ""source_name"": ""肥厚型心肌病""}, {""source_code"": ""DIS-CARD-CM-DCM"", ""source_type"": ""Disease"", ""source_name"": ""扩张型心肌病""}, {""source_code"": ""DIS-CARD-CM-AMYLOID"", ""source_type"": ""Disease"", ""source_name"": ""淀粉样变心肌病""}, {""source_code"": ""DIS-CARD-CM-ARVC"", ""source_type"": ""Disease"", ""source_name"": ""致心律失常性右心室心肌病""}, {""source_code"": ""DIS-CARD-CM-ACM"", ""source_type"": ""Disease"", ""source_name"": ""致心律失常性心肌病""}]",keep_differential_target_needs_detail,DifferentialDiagnosis,句子型鉴别要点改为ClinicalRule；短疾病/状态名保留为DifferentialDiagnosis待补鉴别规则
DDX-CARD-645287F85899,瓣膜性心脏病,BATCH-CARD-CM-20260622-001,False,20,"[{""source_code"": ""DIS-CARD-CM-RCM"", ""source_type"": ""Disease"", ""source_name"": ""限制型心肌病""}, {""source_code"": ""DIS-CARD-CM-HCM"", ""source_type"": ""Disease"", ""source_name"": ""肥厚型心肌病""}, {""source_code"": ""DIS-CARD-CM-DCM"", ""source_type"": ""Disease"", ""source_name"": ""扩张型心肌病""}, {""source_code"": ""DIS-CARD-CM-ARVC"", ""source_type"": ""Disease"", ""source_name"": ""致心律失常性右心室心肌病""}]",keep_differential_target_needs_detail,DifferentialDiagnosis,句子型鉴别要点改为ClinicalRule；短疾病/状态名保留为DifferentialDiagnosis待补鉴别规则
DDX-CARD-887CF6C354E7,高血压性心脏病,BATCH-CARD-CM-20260622-001,False,2,"[{""source_code"": ""DIS-CARD-CM-RCM"", ""source_type"": ""Disease"", ""source_name"": ""限制型心肌病""}, {""source_code"": ""DIS-CARD-CM-ARVC"", ""source_type"": ""Disease"", ""source_name"": ""致心律失常性右心室心肌病""}]",keep_differential_target_needs_detail,DifferentialDiagnosis,句子型鉴别要点改为ClinicalRule；短疾病/状态名保留为DifferentialDiagnosis待补鉴别规则
DDX-CARD-91D172B6AA3C,心房颤动,BATCH-CARD-SVT-AFL-20260703-001_室上速房扑_SVT_AtrialFlutter,False,502,"[{""source_code"": ""DIS-CARD-ARR-AVNRT"", ""source_type"": ""Disease"", ""source_name"": ""房室结折返性心动过速""}, {""source_code"": ""DIS-CARD-ARR-AFL"", ""source_type"": ""Disease"", ""source_name"": ""心房扑动""}, {""source_code"": ""DIS-CARD-ARR-SVT"", ""source_type"": ""Disease"", ""source_name"": ""室上性心动过速""}, {""source_code"": ""DIS-CARD-ARR-AT"", ""source_type"": ""Disease"", ""source_name"": ""房性心动过速""}, {""source_code"": ""DIS-CARD-ARR-WPW"", ""source_type"": ""Disease"", ""source_name"": ""预激综合征""}, {""source_code"": ""DIS-CARD-ARR-AVRT"", ""source_type"": ""Disease"", ""source_name"": ""房室折返性心动过速""}]",keep_differential_target_needs_detail,DifferentialDiagnosis,句子型鉴别要点改为ClinicalRule；短疾病/状态名保留为DifferentialDiagnosis待补鉴别规则
DDX-CARD-F46806C9EB37,房性早搏,BATCH-CARD-SVT-AFL-20260703-001_室上速房扑_SVT_AtrialFlutter,False,57,"[{""source_code"": ""DIS-CARD-ARR-AFL"", ""source_type"": ""Disease"", ""source_name"": ""心房扑动""}, {""source_code"": ""DIS-CARD-ARR-AVRT"", ""source_type"": ""Disease"", ""source_name"": ""房室折返性心动过速""}, {""source_code"": ""DIS-CARD-ARR-AVNRT"", ""source_type"": ""Disease"", ""source_name"": ""房室结折返性心动过速""}, {""source_code"": ""DIS-CARD-ARR-WPW"", ""source_type"": ""Disease"", ""source_name"": ""预激综合征""}, {""source_code"": ""DIS-CARD-ARR-AT"", ""source_type"": ""Disease"", ""source_name"": ""房性心动过速""}, {""source_code"": ""DIS-CARD-ARR-SVT"", ""source_type"": ""Disease"", ""source_name"": ""室上性心动过速""}]",keep_differential_target_needs_detail,DifferentialDiagnosis,句子型鉴别要点改为ClinicalRule；短疾病/状态名保留为DifferentialDiagnosis待补鉴别规则
DDX-CARD-CE220DDF6AA5,窦性心动过速,BATCH-CARD-SVT-AFL-20260703-001_室上速房扑_SVT_AtrialFlutter,False,67,"[{""source_code"": ""DIS-CARD-ARR-SVT"", ""source_type"": ""Disease"", ""source_name"": ""室上性心动过速""}, {""source_code"": ""DIS-CARD-ARR-AVRT"", ""source_type"": ""Disease"", ""source_name"": ""房室折返性心动过速""}, {""source_code"": ""DIS-CARD-ARR-AVNRT"", ""source_type"": ""Disease"", ""source_name"": ""房室结折返性心动过速""}, {""source_code"": ""DIS-CARD-ARR-AFL"", ""source_type"": ""Disease"", ""source_name"": ""心房扑动""}, {""source_code"": ""DIS-CARD-ARR-AT"", ""source_type"": ""Disease"", ""source_name"": ""房性心动过速""}]",keep_differential_target_needs_detail,DifferentialDiagnosis,句子型鉴别要点改为ClinicalRule；短疾病/状态名保留为DifferentialDiagnosis待补鉴别规则
DDX-CARD-E6C98B4ECF84,癫痫,BATCH-CARD-VA-SCD-20260704-001_室性心律失常心脏性猝死_VA_SCD,False,10,"[{""source_code"": ""DIS-CARD-ARR-VF"", ""source_type"": ""Disease"", ""source_name"": ""心室扑动与心室颤动""}, {""source_code"": ""DIS-CARD-SCD-ARREST"", ""source_type"": ""Disease"", ""source_name"": ""心脏骤停""}]",keep_differential_target_needs_detail,DifferentialDiagnosis,句子型鉴别要点改为ClinicalRule；短疾病/状态名保留为DifferentialDiagnosis待补鉴别规则
DDX-CARD-660433DF4D1F,预激综合征伴心房颤动,BATCH-CARD-VA-SCD-20260704-001_室性心律失常心脏性猝死_VA_SCD,False,3,"[{""source_code"": null, ""source_type"": null, ""source_name"": """"}]",keep_differential_target_needs_detail,DifferentialDiagnosis,句子型鉴别要点改为ClinicalRule；短疾病/状态名保留为DifferentialDiagnosis待补鉴别规则
CARD-SKELETON-20260709-DIFFERENTIALDIAGNOSIS-7844381F60797639,5.基因检测家系筛查及基因检测对鉴别诊断、预后评估和生育决策有价值,CARD-SKELETON-20260709,False,1,"[{""source_code"": ""TXTSEC-CARD-CB852100C2D4C341"", ""source_type"": ""SourceSection"", ""source_name"": ""第一节肥厚型心肌病""}]",retype_to_clinical_rule_differential_point,ClinicalRule,句子型鉴别要点改为ClinicalRule；短疾病/状态名保留为DifferentialDiagnosis待补鉴别规则
CARD-SKELETON-20260709-DIFFERENTIALDIAGNOSIS-83E8288F5198E28C,5.心脏磁共振对诊断、鉴别诊断及预后评估均有很高价值,CARD-SKELETON-20260709,False,1,"[{""source_code"": ""TXTSEC-CARD-7275FAF71470AD40"", ""source_type"": ""SourceSection"", ""source_name"": ""第二节扩张型心肌病""}]",retype_to_clinical_rule_differential_point,ClinicalRule,句子型鉴别要点改为ClinicalRule；短疾病/状态名保留为DifferentialDiagnosis待补鉴别规则
CARD-SKELETON-20260709-DIFFERENTIALDIAGNOSIS-8FFF1F5BD226215D,CMR提供的心肌组织特征有助于病因鉴别诊断,CARD-SKELETON-20260709,False,2,"[{""source_code"": ""TXTSEC-CARD-7275FAF71470AD40"", ""source_type"": ""SourceSection"", ""source_name"": ""第二节扩张型心肌病""}, {""source_code"": ""DIS-CARD-CM-DCM"", ""source_type"": ""Disease"", ""source_name"": ""扩张型心肌病""}]",retype_to_clinical_rule_differential_point,ClinicalRule,句子型鉴别要点改为ClinicalRule；短疾病/状态名保留为DifferentialDiagnosis待补鉴别规则
CARD-SKELETON-20260709-DIFFERENTIALDIAGNOSIS-EA0F3A17BA57CA05,P波之间的等电线仍存在（与心房扑动时等电线消失不同）,CARD-SKELETON-20260709,False,2,"[{""source_code"": ""TXTSEC-CARD-D8BBB19A58A29A3A"", ""source_type"": ""SourceSection"", ""source_name"": ""二、房性心动过速""}, {""source_code"": ""DIS-CARD-ARR-AT"", ""source_type"": ""Disease"", ""source_name"": ""房性心动过速""}]",retype_to_clinical_rule_differential_point,ClinicalRule,句子型鉴别要点改为ClinicalRule；短疾病/状态名保留为DifferentialDiagnosis待补鉴别规则
CARD-SKELETON-20260709-DIFFERENTIALDIAGNOSIS-F0EF68710DD1EEF2,P波形态与窦性P波不同,CARD-SKELETON-20260709,False,2,"[{""source_code"": ""TXTSEC-CARD-D8BBB19A58A29A3A"", ""source_type"": ""SourceSection"", ""source_name"": ""二、房性心动过速""}, {""source_code"": ""DIS-CARD-ARR-AT"", ""source_type"": ""Disease"", ""source_name"": ""房性心动过速""}]",retype_to_clinical_rule_differential_point,ClinicalRule,句子型鉴别要点改为ClinicalRule；短疾病/状态名保留为DifferentialDiagnosis待补鉴别规则
CARD-SKELETON-20260709-DIFFERENTIALDIAGNOSIS-3D7D20BE5B74B18F,【临床表现】室速的临床症状视发作时心室率、持续时间、基础心脏病和心功能状况不同而异,CARD-SKELETON-20260709,False,2,"[{""source_code"": ""TXTSEC-CARD-93F699D986F4FECD"", ""source_type"": ""SourceSection"", ""source_name"": ""室性心动过速""}, {""source_code"": ""TXTSEC-CARD-154A822445B83295"", ""source_type"": ""SourceSection"", ""source_name"": ""二、室性心动过速""}]",retype_to_clinical_rule_differential_point,ClinicalRule,句子型鉴别要点改为ClinicalRule；短疾病/状态名保留为DifferentialDiagnosis待补鉴别规则
CARD-SKELETON-20260709-DIFFERENTIALDIAGNOSIS-15223A18E17F4362,【诊断与鉴别诊断】2.鉴别诊断应与心脏收缩功能减低的其他原发和继发性心肌病鉴别,CARD-SKELETON-20260709,False,1,"[{""source_code"": ""TXTSEC-CARD-5C565BDC923202CC"", ""source_type"": ""SourceSection"", ""source_name"": ""第三节非扩张型左心室心肌病""}]",retype_to_clinical_rule_differential_point,ClinicalRule,句子型鉴别要点改为ClinicalRule；短疾病/状态名保留为DifferentialDiagnosis待补鉴别规则
CARD-SKELETON-20260709-DIFFERENTIALDIAGNOSIS-C5CEBB846F57E76F,【诊断与鉴别诊断】2.鉴别诊断应除外心脏扩大、收缩功能减低的其他继发原因,CARD-SKELETON-20260709,False,1,"[{""source_code"": ""TXTSEC-CARD-7275FAF71470AD40"", ""source_type"": ""SourceSection"", ""source_name"": ""第二节扩张型心肌病""}]",retype_to_clinical_rule_differential_point,ClinicalRule,句子型鉴别要点改为ClinicalRule；短疾病/状态名保留为DifferentialDiagnosis待补鉴别规则
CARD-SKELETON-20260709-DIFFERENTIALDIAGNOSIS-BB2185EF609F26FB,【诊断与鉴别诊断】2.鉴别诊断首先,CARD-SKELETON-20260709,False,1,"[{""source_code"": ""TXTSEC-CARD-965429CEC28A5F0D"", ""source_type"": ""SourceSection"", ""source_name"": ""第五节限制型心肌病""}]",retype_to_clinical_rule_differential_point,ClinicalRule,句子型鉴别要点改为ClinicalRule；短疾病/状态名保留为DifferentialDiagnosis待补鉴别规则
CARD-SKELETON-20260709-DIFFERENTIALDIAGNOSIS-8BA9047C50CD7513,【诊断与鉴别诊断】3.鉴别诊断,CARD-SKELETON-20260709,False,1,"[{""source_code"": ""TXTSEC-CARD-29260EEFE3E9F2A2"", ""source_type"": ""SourceSection"", ""source_name"": ""第四节致心律失常性右心室心肌病""}]",retype_to_clinical_rule_differential_point,ClinicalRule,句子型鉴别要点改为ClinicalRule；短疾病/状态名保留为DifferentialDiagnosis待补鉴别规则
CARD-SKELETON-20260709-DIFFERENTIALDIAGNOSIS-6B6FA04953592D2C,【诊断与鉴别诊断】3.鉴别诊断以上特殊类型VM极易与急性冠脉综合征、缺血性心肌病、应激性心肌病及其他疾病相混淆,CARD-SKELETON-20260709,False,1,"[{""source_code"": ""TXTSEC-CARD-DCA805E13FE6E082"", ""source_type"": ""SourceSection"", ""source_name"": ""第六节心肌炎""}]",retype_to_clinical_rule_differential_point,ClinicalRule,句子型鉴别要点改为ClinicalRule；短疾病/状态名保留为DifferentialDiagnosis待补鉴别规则
CARD-SKELETON-20260709-DIFFERENTIALDIAGNOSIS-0F240EF2223858D9,【诊断与鉴别诊断】参照“冠心病”“糖尿病”相关章节,CARD-SKELETON-20260709,False,1,"[{""source_code"": ""TXTSEC-CARD-4B5162D4432D7E19"", ""source_type"": ""SourceSection"", ""source_name"": ""第二节糖尿病与冠心病""}]",retype_to_clinical_rule_differential_point,ClinicalRule,句子型鉴别要点改为ClinicalRule；短疾病/状态名保留为DifferentialDiagnosis待补鉴别规则
CARD-SKELETON-20260709-DIFFERENTIALDIAGNOSIS-71505D9C32550D25,【诊断与鉴别诊断】参照“心力衰竭”和“糖尿病”相关章节,CARD-SKELETON-20260709,False,1,"[{""source_code"": ""TXTSEC-CARD-41FB6D58F338B3F7"", ""source_type"": ""SourceSection"", ""source_name"": ""第三节糖尿病与心力衰竭""}]",retype_to_clinical_rule_differential_point,ClinicalRule,句子型鉴别要点改为ClinicalRule；短疾病/状态名保留为DifferentialDiagnosis待补鉴别规则
CARD-SKELETON-20260709-DIFFERENTIALDIAGNOSIS-F46DAD3D9F31D433,【诊断与鉴别诊断】影像学发现室壁增厚是诊断HCM的必备条件,CARD-SKELETON-20260709,False,1,"[{""source_code"": ""TXTSEC-CARD-CB852100C2D4C341"", ""source_type"": ""SourceSection"", ""source_name"": ""第一节肥厚型心肌病""}]",retype_to_clinical_rule_differential_point,ClinicalRule,句子型鉴别要点改为ClinicalRule；短疾病/状态名保留为DifferentialDiagnosis待补鉴别规则
CARD-SKELETON-20260709-DIFFERENTIALDIAGNOSIS-F41B262924C71456,【诊断与鉴别诊断】本病发展到出现器官缺血或坏死阶段时,CARD-SKELETON-20260709,False,1,"[{""source_code"": ""TXTSEC-CARD-FF693A65907956D3"", ""source_type"": ""DiseaseCategory"", ""source_name"": ""第四章动脉粥样硬化和冠状动脉粥样硬化性心脏病""}]",retype_to_clinical_rule_differential_point,ClinicalRule,句子型鉴别要点改为ClinicalRule；短疾病/状态名保留为DifferentialDiagnosis待补鉴别规则
CARD-SKELETON-20260709-DIFFERENTIALDIAGNOSIS-46002D71A03E6728,【诊断与鉴别诊断】根据典型心绞痛的发作特点,CARD-SKELETON-20260709,False,1,"[{""source_code"": ""TXTSEC-CARD-BE578D240807E305"", ""source_type"": ""SourceSection"", ""source_name"": ""一、稳定型心绞痛""}]",retype_to_clinical_rule_differential_point,ClinicalRule,句子型鉴别要点改为ClinicalRule；短疾病/状态名保留为DifferentialDiagnosis待补鉴别规则
CARD-SKELETON-20260709-DIFFERENTIALDIAGNOSIS-C10FEFAD52960ECF,【诊断与鉴别诊断】根据典型症状与体征,CARD-SKELETON-20260709,False,1,"[{""source_code"": ""TXTSEC-CARD-9EB385B486A23931"", ""source_type"": ""SourceSection"", ""source_name"": ""第三节急性心力衰竭""}]",retype_to_clinical_rule_differential_point,ClinicalRule,句子型鉴别要点改为ClinicalRule；短疾病/状态名保留为DifferentialDiagnosis待补鉴别规则
CARD-SKELETON-20260709-DIFFERENTIALDIAGNOSIS-2466A4967186B769,【诊断与鉴别诊断】综合症状、心前区杂音、X线、心电图及超声心动图检查,CARD-SKELETON-20260709,False,1,"[{""source_code"": ""TXTSEC-CARD-02B9932AEBEADC04"", ""source_type"": ""SourceSection"", ""source_name"": ""十、冠状动脉瘘""}]",retype_to_clinical_rule_differential_point,ClinicalRule,句子型鉴别要点改为ClinicalRule；短疾病/状态名保留为DifferentialDiagnosis待补鉴别规则
CARD-SKELETON-20260709-DIFFERENTIALDIAGNOSIS-17ECE218926722EF,【鉴别诊断】各种器质性心脏病都可引起缺血性ST-T的改变,CARD-SKELETON-20260709,False,1,"[{""source_code"": ""TXTSEC-CARD-432C5BDE76D94928"", ""source_type"": ""SourceSection"", ""source_name"": ""三、隐匿型冠心病""}]",retype_to_clinical_rule_differential_point,ClinicalRule,句子型鉴别要点改为ClinicalRule；短疾病/状态名保留为DifferentialDiagnosis待补鉴别规则
CARD-SKELETON-20260709-DIFFERENTIALDIAGNOSIS-AD689C4DAD0477F9,【鉴别诊断】需鉴别其他引起心脏增大和心力衰竭的病因,CARD-SKELETON-20260709,False,1,"[{""source_code"": ""TXTSEC-CARD-E28D7FB63D4BC615"", ""source_type"": ""SourceSection"", ""source_name"": ""二、缺血性心肌病""}]",retype_to_clinical_rule_differential_point,ClinicalRule,句子型鉴别要点改为ClinicalRule；短疾病/状态名保留为DifferentialDiagnosis待补鉴别规则
CARD-SKELETON-20260709-DIFFERENTIALDIAGNOSIS-8D1F46ED790417FF,与窦性P波形态不同,CARD-SKELETON-20260709,False,2,"[{""source_code"": ""TXTSEC-CARD-C501AB420F2E1219"", ""source_type"": ""SourceSection"", ""source_name"": ""一、房性期前收缩""}, {""source_code"": ""TXTSEC-CARD-7978C35DEE4E0C08"", ""source_type"": ""SourceSection"", ""source_name"": ""房性期前收缩""}]",retype_to_clinical_rule_differential_point,ClinicalRule,句子型鉴别要点改为ClinicalRule；短疾病/状态名保留为DifferentialDiagnosis待补鉴别规则
CARD-SKELETON-20260709-DIFFERENTIALDIAGNOSIS-4BF225880E0AF9B7,亟需紧急鉴别方可作出治疗决策,CARD-SKELETON-20260709,False,2,"[{""source_code"": ""TXTSEC-CARD-DCA805E13FE6E082"", ""source_type"": ""SourceSection"", ""source_name"": ""第六节心肌炎""}, {""source_code"": ""DIS-CARD-CM-MYOCARDITIS"", ""source_type"": ""Disease"", ""source_name"": ""心肌炎""}]",retype_to_clinical_rule_differential_point,ClinicalRule,句子型鉴别要点改为ClinicalRule；短疾病/状态名保留为DifferentialDiagnosis待补鉴别规则
CARD-SKELETON-20260709-DIFFERENTIALDIAGNOSIS-A7484D083ACE788A,但需与动脉导管未闭、主动脉窦瘤、主-肺间隔缺损及室间隔缺损合并主动脉瓣关闭不全相鉴别,CARD-SKELETON-20260709,False,1,"[{""source_code"": ""TXTSEC-CARD-02B9932AEBEADC04"", ""source_type"": ""SourceSection"", ""source_name"": ""十、冠状动脉瘘""}]",retype_to_clinical_rule_differential_point,ClinicalRule,句子型鉴别要点改为ClinicalRule；短疾病/状态名保留为DifferentialDiagnosis待补鉴别规则
CARD-SKELETON-20260709-DIFFERENTIALDIAGNOSIS-4ACFA54B909D9640,包括高血压、主动脉瓣狭窄、运动员心肌肥厚等,CARD-SKELETON-20260709,False,1,"[{""source_code"": ""TXTSEC-CARD-CB852100C2D4C341"", ""source_type"": ""SourceSection"", ""source_name"": ""第一节肥厚型心肌病""}]",retype_to_clinical_rule_differential_point,ClinicalRule,句子型鉴别要点改为ClinicalRule；短疾病/状态名保留为DifferentialDiagnosis待补鉴别规则
CARD-SKELETON-20260709-DIFFERENTIALDIAGNOSIS-B5F4AE479740EB0E,可根据影像学检查结果及心导管压力特征进行鉴别,CARD-SKELETON-20260709,False,2,"[{""source_code"": ""TXTSEC-CARD-965429CEC28A5F0D"", ""source_type"": ""SourceSection"", ""source_name"": ""第五节限制型心肌病""}, {""source_code"": ""DIS-CARD-CM-RCM"", ""source_type"": ""Disease"", ""source_name"": ""限制型心肌病""}]",retype_to_clinical_rule_differential_point,ClinicalRule,句子型鉴别要点改为ClinicalRule；短疾病/状态名保留为DifferentialDiagnosis待补鉴别规则
CARD-SKELETON-20260709-DIFFERENTIALDIAGNOSIS-05E05848109304F8,可通过病史、查体及TTE、CMR、冠脉造影等检查进行鉴别,CARD-SKELETON-20260709,False,2,"[{""source_code"": ""TXTSEC-CARD-7275FAF71470AD40"", ""source_type"": ""SourceSection"", ""source_name"": ""第二节扩张型心肌病""}, {""source_code"": ""DIS-CARD-CM-DCM"", ""source_type"": ""Disease"", ""source_name"": ""扩张型心肌病""}]",retype_to_clinical_rule_differential_point,ClinicalRule,句子型鉴别要点改为ClinicalRule；短疾病/状态名保留为DifferentialDiagnosis待补鉴别规则
CARD-SKELETON-20260709-DIFFERENTIALDIAGNOSIS-9886F2614614EA66,因ST段抬高与稳定型心绞痛、UA和NSTEMI不同,CARD-SKELETON-20260709,False,2,"[{""source_code"": ""TXTSEC-CARD-6EC6E23B8A0D0BC1"", ""source_type"": ""SourceSection"", ""source_name"": ""一、冠状动脉痉挛""}, {""source_code"": ""DIS-CARD-CAD-SPASM"", ""source_type"": ""Disease"", ""source_name"": ""冠状动脉痉挛""}]",retype_to_clinical_rule_differential_point,ClinicalRule,句子型鉴别要点改为ClinicalRule；短疾病/状态名保留为DifferentialDiagnosis待补鉴别规则
CARD-SKELETON-20260709-DIFFERENTIALDIAGNOSIS-02D95E49124F49D0,因ST段抬高呈一过性与STEMI不同,CARD-SKELETON-20260709,False,2,"[{""source_code"": ""TXTSEC-CARD-6EC6E23B8A0D0BC1"", ""source_type"": ""SourceSection"", ""source_name"": ""一、冠状动脉痉挛""}, {""source_code"": ""DIS-CARD-CAD-SPASM"", ""source_type"": ""Disease"", ""source_name"": ""冠状动脉痉挛""}]",retype_to_clinical_rule_differential_point,ClinicalRule,句子型鉴别要点改为ClinicalRule；短疾病/状态名保留为DifferentialDiagnosis待补鉴别规则
CARD-SKELETON-20260709-DIFFERENTIALDIAGNOSIS-F4638B6FCCC2D3A0,因静息性发作与稳定型心绞痛不同,CARD-SKELETON-20260709,False,2,"[{""source_code"": ""TXTSEC-CARD-6EC6E23B8A0D0BC1"", ""source_type"": ""SourceSection"", ""source_name"": ""一、冠状动脉痉挛""}, {""source_code"": ""DIS-CARD-CAD-SPASM"", ""source_type"": ""Disease"", ""source_name"": ""冠状动脉痉挛""}]",retype_to_clinical_rule_differential_point,ClinicalRule,句子型鉴别要点改为ClinicalRule；短疾病/状态名保留为DifferentialDiagnosis待补鉴别规则
CARD-SKELETON-20260709-DIFFERENTIALDIAGNOSIS-6090BA471F4E8D7F,尚需与VM鉴别的疾病主要有：β受体功能亢进症、自身免疫病累及心脏、其他非感染性心肌炎（如甲状腺素或儿茶酚胺性心肌病、过敏,CARD-SKELETON-20260709,False,2,"[{""source_code"": ""TXTSEC-CARD-DCA805E13FE6E082"", ""source_type"": ""SourceSection"", ""source_name"": ""第六节心肌炎""}, {""source_code"": ""DIS-CARD-CM-MYOCARDITIS"", ""source_type"": ""Disease"", ""source_name"": ""心肌炎""}]",retype_to_clinical_rule_differential_point,ClinicalRule,句子型鉴别要点改为ClinicalRule；短疾病/状态名保留为DifferentialDiagnosis待补鉴别规则
CARD-SKELETON-20260709-DIFFERENTIALDIAGNOSIS-C4E3F9D76B500762,应加以鉴别,CARD-SKELETON-20260709,False,1,"[{""source_code"": ""TXTSEC-CARD-432C5BDE76D94928"", ""source_type"": ""SourceSection"", ""source_name"": ""三、隐匿型冠心病""}]",retype_to_clinical_rule_differential_point,ClinicalRule,句子型鉴别要点改为ClinicalRule；短疾病/状态名保留为DifferentialDiagnosis待补鉴别规则
CARD-SKELETON-20260709-DIFFERENTIALDIAGNOSIS-FB792899696FE3A9,应注意鉴别,CARD-SKELETON-20260709,False,2,"[{""source_code"": ""TXTSEC-CARD-7D6E5B887D2EB4D6"", ""source_type"": ""SourceSection"", ""source_name"": ""五、病态窦房结综合征""}, {""source_code"": ""TXTSEC-CARD-182C6DEC207CB6A5"", ""source_type"": ""SourceSection"", ""source_name"": ""病态窦房结综合征""}]",retype_to_clinical_rule_differential_point,ClinicalRule,句子型鉴别要点改为ClinicalRule；短疾病/状态名保留为DifferentialDiagnosis待补鉴别规则
CARD-SKELETON-20260709-DIFFERENTIALDIAGNOSIS-B31C2B0E017BFA79,提示心肌炎的可能,CARD-SKELETON-20260709,False,2,"[{""source_code"": ""TXTSEC-CARD-7275FAF71470AD40"", ""source_type"": ""SourceSection"", ""source_name"": ""第二节扩张型心肌病""}, {""source_code"": ""DIS-CARD-CM-DCM"", ""source_type"": ""Disease"", ""source_name"": ""扩张型心肌病""}]",retype_to_clinical_rule_differential_point,ClinicalRule,句子型鉴别要点改为ClinicalRule；短疾病/状态名保留为DifferentialDiagnosis待补鉴别规则
CARD-SKELETON-20260709-DIFFERENTIALDIAGNOSIS-B180D22AA574F36E,支气管哮喘、喘息性支气管炎急性加重相鉴别,CARD-SKELETON-20260709,False,2,"[{""source_code"": ""TXTSEC-CARD-9EB385B486A23931"", ""source_type"": ""SourceSection"", ""source_name"": ""第三节急性心力衰竭""}, {""source_code"": ""DIS-CARD-HF-AHF"", ""source_type"": ""Disease"", ""source_name"": ""急性心力衰竭""}]",retype_to_clinical_rule_differential_point,ClinicalRule,句子型鉴别要点改为ClinicalRule；短疾病/状态名保留为DifferentialDiagnosis待补鉴别规则
CARD-SKELETON-20260709-DIFFERENTIALDIAGNOSIS-BE6CDEAA994A795E,有时难与室速鉴别,CARD-SKELETON-20260709,False,2,"[{""source_code"": ""TXTSEC-CARD-61938AC223534BC2"", ""source_type"": ""SourceSection"", ""source_name"": ""三、心室扑动与心室颤动""}, {""source_code"": ""DIS-CARD-ARR-VF"", ""source_type"": ""Disease"", ""source_name"": ""心室扑动与心室颤动""}]",retype_to_clinical_rule_differential_point,ClinicalRule,句子型鉴别要点改为ClinicalRule；短疾病/状态名保留为DifferentialDiagnosis待补鉴别规则
CARD-SKELETON-20260709-DIFFERENTIALDIAGNOSIS-E20CED87A4B0A205,根据起源点不同,CARD-SKELETON-20260709,False,2,"[{""source_code"": ""TXTSEC-CARD-D8BBB19A58A29A3A"", ""source_type"": ""SourceSection"", ""source_name"": ""二、房性心动过速""}, {""source_code"": ""DIS-CARD-ARR-AT"", ""source_type"": ""Disease"", ""source_name"": ""房性心动过速""}]",retype_to_clinical_rule_differential_point,ClinicalRule,句子型鉴别要点改为ClinicalRule；短疾病/状态名保留为DifferentialDiagnosis待补鉴别规则
CARD-SKELETON-20260709-DIFFERENTIALDIAGNOSIS-11F82C4C8C66D0ED,梅毒性主动脉炎和主动脉瘤以及纵隔肿瘤相鉴别,CARD-SKELETON-20260709,False,2,"[{""source_code"": ""TXTSEC-CARD-FF693A65907956D3"", ""source_type"": ""DiseaseCategory"", ""source_name"": ""第四章动脉粥样硬化和冠状动脉粥样硬化性心脏病""}, {""source_code"": ""TXTSEC-CARD-1F4863F540B1193A"", ""source_type"": ""DiseaseCategory"", ""source_name"": ""动脉粥样硬化和冠状动脉粥样硬化性心脏病""}]",retype_to_clinical_rule_differential_point,ClinicalRule,句子型鉴别要点改为ClinicalRule；短疾病/状态名保留为DifferentialDiagnosis待补鉴别规则
CARD-SKELETON-20260709-DIFFERENTIALDIAGNOSIS-F3EBCA7C06639DEF,此时就难以和一般的心绞痛相鉴别,CARD-SKELETON-20260709,False,2,"[{""source_code"": ""TXTSEC-CARD-6EC6E23B8A0D0BC1"", ""source_type"": ""SourceSection"", ""source_name"": ""一、冠状动脉痉挛""}, {""source_code"": ""DIS-CARD-CAD-SPASM"", ""source_type"": ""Disease"", ""source_name"": ""冠状动脉痉挛""}]",retype_to_clinical_rule_differential_point,ClinicalRule,句子型鉴别要点改为ClinicalRule；短疾病/状态名保留为DifferentialDiagnosis待补鉴别规则
CARD-SKELETON-20260709-DIFFERENTIALDIAGNOSIS-0FAD8514BE88B177,测定血浆BNP/NT-proBNP水平对鉴别急性心源性和支气管性哮喘有较大的参考价值,CARD-SKELETON-20260709,False,2,"[{""source_code"": ""TXTSEC-CARD-9EB385B486A23931"", ""source_type"": ""SourceSection"", ""source_name"": ""第三节急性心力衰竭""}, {""source_code"": ""DIS-CARD-HF-AHF"", ""source_type"": ""Disease"", ""source_name"": ""急性心力衰竭""}]",retype_to_clinical_rule_differential_point,ClinicalRule,句子型鉴别要点改为ClinicalRule；短疾病/状态名保留为DifferentialDiagnosis待补鉴别规则
CARD-SKELETON-20260709-DIFFERENTIALDIAGNOSIS-BA7743EF717AF16E,病人可在不同时间出现一种以上的心律失常,CARD-SKELETON-20260709,False,2,"[{""source_code"": ""TXTSEC-CARD-7D6E5B887D2EB4D6"", ""source_type"": ""SourceSection"", ""source_name"": ""五、病态窦房结综合征""}, {""source_code"": ""TXTSEC-CARD-182C6DEC207CB6A5"", ""source_type"": ""SourceSection"", ""source_name"": ""病态窦房结综合征""}]",retype_to_clinical_rule_differential_point,ClinicalRule,句子型鉴别要点改为ClinicalRule；短疾病/状态名保留为DifferentialDiagnosis待补鉴别规则
CARD-SKELETON-20260709-DIFFERENTIALDIAGNOSIS-4E2FFCA8C194D357,窦性心动过缓常同时伴有窦性心律不齐（不同PP间期的差异＞0.12秒）,CARD-SKELETON-20260709,False,2,"[{""source_code"": ""TXTSEC-CARD-1A974CC7AA36E335"", ""source_type"": ""SourceSection"", ""source_name"": ""二、窦性心动过缓""}, {""source_code"": ""DIS-CARD-ARR-SB"", ""source_type"": ""Disease"", ""source_name"": ""窦性心动过缓""}]",retype_to_clinical_rule_differential_point,ClinicalRule,句子型鉴别要点改为ClinicalRule；短疾病/状态名保留为DifferentialDiagnosis待补鉴别规则
CARD-SKELETON-20260709-DIFFERENTIALDIAGNOSIS-DCD9DD0D5394C7E6,结合年龄和存在冠心病危险因素,CARD-SKELETON-20260709,False,2,"[{""source_code"": ""TXTSEC-CARD-BE578D240807E305"", ""source_type"": ""SourceSection"", ""source_name"": ""一、稳定型心绞痛""}, {""source_code"": ""DIS-CARD-CAD-STABLE-ANGINA"", ""source_type"": ""Disease"", ""source_name"": ""稳定型心绞痛""}]",retype_to_clinical_rule_differential_point,ClinicalRule,句子型鉴别要点改为ClinicalRule；短疾病/状态名保留为DifferentialDiagnosis待补鉴别规则
CARD-SKELETON-20260709-DIFFERENTIALDIAGNOSIS-141D318CD2FE0B33,缩窄性心包炎鉴别,CARD-SKELETON-20260709,False,2,"[{""source_code"": ""TXTSEC-CARD-965429CEC28A5F0D"", ""source_type"": ""SourceSection"", ""source_name"": ""第五节限制型心肌病""}, {""source_code"": ""DIS-CARD-CM-RCM"", ""source_type"": ""Disease"", ""source_name"": ""限制型心肌病""}]",retype_to_clinical_rule_differential_point,ClinicalRule,句子型鉴别要点改为ClinicalRule；短疾病/状态名保留为DifferentialDiagnosis待补鉴别规则
CARD-SKELETON-20260709-DIFFERENTIALDIAGNOSIS-1D304AF541952B94,许多排除了器质性心脏病而反复出现不明原因晕厥甚至心脏性猝死的病人被证明存在基因变异,CARD-SKELETON-20260709,False,1,"[{""source_code"": ""TXTSEC-CARD-DC8DA92538DF0EE0"", ""source_type"": ""SourceSection"", ""source_name"": ""［附］遗传性心律失常综合征""}]",retype_to_clinical_rule_differential_point,ClinicalRule,句子型鉴别要点改为ClinicalRule；短疾病/状态名保留为DifferentialDiagnosis待补鉴别规则
CARD-SKELETON-20260709-DIFFERENTIALDIAGNOSIS-2C6B429737BD52DE,需排除心脏后负荷增加、系统性或代谢性疾病所导致的心肌肥厚,CARD-SKELETON-20260709,False,2,"[{""source_code"": ""TXTSEC-CARD-CB852100C2D4C341"", ""source_type"": ""SourceSection"", ""source_name"": ""第一节肥厚型心肌病""}, {""source_code"": ""DIS-CARD-CM-HCM"", ""source_type"": ""Disease"", ""source_name"": ""肥厚型心肌病""}]",retype_to_clinical_rule_differential_point,ClinicalRule,句子型鉴别要点改为ClinicalRule；短疾病/状态名保留为DifferentialDiagnosis待补鉴别规则
CARD-SKELETON-20260709-DIFFERENTIALDIAGNOSIS-E2225E67AE044759,需要和本病相鉴别,CARD-SKELETON-20260709,False,2,"[{""source_code"": ""TXTSEC-CARD-FF693A65907956D3"", ""source_type"": ""DiseaseCategory"", ""source_name"": ""第四章动脉粥样硬化和冠状动脉粥样硬化性心脏病""}, {""source_code"": ""TXTSEC-CARD-1F4863F540B1193A"", ""source_type"": ""DiseaseCategory"", ""source_name"": ""动脉粥样硬化和冠状动脉粥样硬化性心脏病""}]",retype_to_clinical_rule_differential_point,ClinicalRule,句子型鉴别要点改为ClinicalRule；短疾病/状态名保留为DifferentialDiagnosis待补鉴别规则
CARD-SKELETON-20260709-DIFFERENTIALDIAGNOSIS-CBAE71E1AB09DD63,（三）鉴别诊断需除外较常见的左室负荷增加性心室肥厚,CARD-SKELETON-20260709,False,1,"[{""source_code"": ""TXTSEC-CARD-CB852100C2D4C341"", ""source_type"": ""SourceSection"", ""source_name"": ""第一节肥厚型心肌病""}]",retype_to_clinical_rule_differential_point,ClinicalRule,句子型鉴别要点改为ClinicalRule；短疾病/状态名保留为DifferentialDiagnosis待补鉴别规则
CARD-SKELETON-FULL-20260709-DIFFERENTIALDIAGNOSIS-B6D1666FCBF0B17C,1.发病特点隐匿型冠心病（latentcoronaryheartdisease）或无症状性冠心病是指没有心绞痛症状,CARD-SKELETON-FULL-20260709,False,1,"[{""source_code"": ""TXTSEC-CARD-753F12B72455E34D"", ""source_type"": ""SourceSection"", ""source_name"": ""隐匿型冠心病""}]",retype_to_clinical_rule_differential_point,ClinicalRule,句子型鉴别要点改为ClinicalRule；短疾病/状态名保留为DifferentialDiagnosis待补鉴别规则
CARD-SKELETON-FULL-20260709-DIFFERENTIALDIAGNOSIS-9D8353AD47546517,1.心绞痛鉴别要点见表3-4-5,CARD-SKELETON-FULL-20260709,False,1,"[{""source_code"": ""TXTSEC-CARD-722816481922DDE6"", ""source_type"": ""SourceSection"", ""source_name"": ""急性 ST 段抬高型心肌梗死""}]",retype_to_clinical_rule_differential_point,ClinicalRule,句子型鉴别要点改为ClinicalRule；短疾病/状态名保留为DifferentialDiagnosis待补鉴别规则
CARD-SKELETON-FULL-20260709-DIFFERENTIALDIAGNOSIS-0C31632E952D910B,2.心包积液、缩窄性心包炎由于腔静脉回流受阻同样可以引起颈静脉怒张、肝大、下肢水肿等类似右心衰竭表现,CARD-SKELETON-FULL-20260709,False,1,"[{""source_code"": ""DIS-CARD-HF-CHF"", ""source_type"": ""Disease"", ""source_name"": ""慢性心力衰竭""}]",retype_to_clinical_rule_differential_point,ClinicalRule,句子型鉴别要点改为ClinicalRule；短疾病/状态名保留为DifferentialDiagnosis待补鉴别规则
CARD-SKELETON-FULL-20260709-DIFFERENTIALDIAGNOSIS-E3F741A43D5AE258,2.鉴别诊断主动脉瓣反流杂音于胸骨左缘明显时,CARD-SKELETON-FULL-20260709,False,1,"[{""source_code"": ""DIS-CARD-VHD-AR"", ""source_type"": ""Disease"", ""source_name"": ""主动脉瓣反流""}]",retype_to_clinical_rule_differential_point,ClinicalRule,句子型鉴别要点改为ClinicalRule；短疾病/状态名保留为DifferentialDiagnosis待补鉴别规则
CARD-SKELETON-FULL-20260709-DIFFERENTIALDIAGNOSIS-762D5BEB2066FA67,2.鉴别诊断主要鉴别引起呼吸困难的临床情况,CARD-SKELETON-FULL-20260709,False,1,"[{""source_code"": ""DIS-CARD-PERICARD-EFFUSION"", ""source_type"": ""Disease"", ""source_name"": ""心包积液及心脏压塞""}]",retype_to_clinical_rule_differential_point,ClinicalRule,句子型鉴别要点改为ClinicalRule；短疾病/状态名保留为DifferentialDiagnosis待补鉴别规则
CARD-SKELETON-FULL-20260709-DIFFERENTIALDIAGNOSIS-7607DBEC0E881C10,2.鉴别诊断应与心脏收缩功能减低的其他原发和继发性心肌病鉴别,CARD-SKELETON-FULL-20260709,False,1,"[{""source_code"": ""DIS-CARD-CM-NDLVCM"", ""source_type"": ""Disease"", ""source_name"": ""非扩张型左心室心肌病""}]",retype_to_clinical_rule_differential_point,ClinicalRule,句子型鉴别要点改为ClinicalRule；短疾病/状态名保留为DifferentialDiagnosis待补鉴别规则
CARD-SKELETON-FULL-20260709-DIFFERENTIALDIAGNOSIS-6E34897356CC66E2,2.鉴别诊断应除外心脏扩大、收缩功能减低的其他继发原因,CARD-SKELETON-FULL-20260709,False,1,"[{""source_code"": ""DIS-CARD-CM-DCM"", ""source_type"": ""Disease"", ""source_name"": ""扩张型心肌病""}]",retype_to_clinical_rule_differential_point,ClinicalRule,句子型鉴别要点改为ClinicalRule；短疾病/状态名保留为DifferentialDiagnosis待补鉴别规则
CARD-SKELETON-FULL-20260709-DIFFERENTIALDIAGNOSIS-3C36672F76F6565E,2.鉴别诊断诊断急性心包炎应注意与其他可引起急性胸痛的疾病相鉴别,CARD-SKELETON-FULL-20260709,False,1,"[{""source_code"": ""DIS-CARD-PERICARD-ACUTE"", ""source_type"": ""Disease"", ""source_name"": ""急性心包炎""}]",retype_to_clinical_rule_differential_point,ClinicalRule,句子型鉴别要点改为ClinicalRule；短疾病/状态名保留为DifferentialDiagnosis待补鉴别规则
CARD-SKELETON-FULL-20260709-DIFFERENTIALDIAGNOSIS-DC5AC78EB42ED67E,2.鉴别诊断首先,CARD-SKELETON-FULL-20260709,False,1,"[{""source_code"": ""DIS-CARD-CM-RCM"", ""source_type"": ""Disease"", ""source_name"": ""限制型心肌病""}]",retype_to_clinical_rule_differential_point,ClinicalRule,句子型鉴别要点改为ClinicalRule；短疾病/状态名保留为DifferentialDiagnosis待补鉴别规则
CARD-SKELETON-FULL-20260709-DIFFERENTIALDIAGNOSIS-3F7C3AF7F14D647D,3.不同疾病分别导致不同瓣膜损害如先天性肺动脉瓣狭窄伴风湿性二尖瓣病变,CARD-SKELETON-FULL-20260709,False,1,"[{""source_code"": ""DIS-CARD-VHD-MULTI"", ""source_type"": ""Disease"", ""source_name"": ""多瓣膜病""}]",retype_to_clinical_rule_differential_point,ClinicalRule,句子型鉴别要点改为ClinicalRule；短疾病/状态名保留为DifferentialDiagnosis待补鉴别规则
CARD-SKELETON-FULL-20260709-DIFFERENTIALDIAGNOSIS-C4F9DC59EFB87E26,3.其他引起水肿的疾病应与肾性水肿、肝性水肿、低蛋白血症、甲状腺功能减退、下肢静脉功能异常等相鉴别,CARD-SKELETON-FULL-20260709,False,1,"[{""source_code"": ""DIS-CARD-HF-CHF"", ""source_type"": ""Disease"", ""source_name"": ""慢性心力衰竭""}]",retype_to_clinical_rule_differential_point,ClinicalRule,句子型鉴别要点改为ClinicalRule；短疾病/状态名保留为DifferentialDiagnosis待补鉴别规则
CARD-SKELETON-FULL-20260709-DIFFERENTIALDIAGNOSIS-210A9343C731C1F4,3.鉴别诊断,CARD-SKELETON-FULL-20260709,False,1,"[{""source_code"": ""DIS-CARD-CM-ARVC"", ""source_type"": ""Disease"", ""source_name"": ""致心律失常性右心室心肌病""}]",retype_to_clinical_rule_differential_point,ClinicalRule,句子型鉴别要点改为ClinicalRule；短疾病/状态名保留为DifferentialDiagnosis待补鉴别规则
CARD-SKELETON-FULL-20260709-DIFFERENTIALDIAGNOSIS-3BBA5074C6B4FB34,3.鉴别诊断以上特殊类型VM极易与急性冠脉综合征、缺血性心肌病、应激性心肌病及其他疾病相混淆,CARD-SKELETON-FULL-20260709,False,1,"[{""source_code"": ""DIS-CARD-CM-MYOCARDITIS"", ""source_type"": ""Disease"", ""source_name"": ""心肌炎""}]",retype_to_clinical_rule_differential_point,ClinicalRule,句子型鉴别要点改为ClinicalRule；短疾病/状态名保留为DifferentialDiagnosis待补鉴别规则
CARD-SKELETON-FULL-20260709-DIFFERENTIALDIAGNOSIS-DB00F26BCB6270C6,Austin-Flint杂音应与二尖瓣狭窄的心尖区舒张中晚期杂音鉴别：前者常紧随第三心音后,CARD-SKELETON-FULL-20260709,False,1,"[{""source_code"": ""DIS-CARD-VHD-AR"", ""source_type"": ""Disease"", ""source_name"": ""主动脉瓣反流""}]",retype_to_clinical_rule_differential_point,ClinicalRule,句子型鉴别要点改为ClinicalRule；短疾病/状态名保留为DifferentialDiagnosis待补鉴别规则
CARD-SKELETON-FULL-20260709-DIFFERENTIALDIAGNOSIS-BBF7FFD8EE07A36B,Graham-Steell杂音鉴别,CARD-SKELETON-FULL-20260709,False,1,"[{""source_code"": ""DIS-CARD-VHD-AR"", ""source_type"": ""Disease"", ""source_name"": ""主动脉瓣反流""}]",retype_to_clinical_rule_differential_point,ClinicalRule,句子型鉴别要点改为ClinicalRule；短疾病/状态名保留为DifferentialDiagnosis待补鉴别规则
CARD-SKELETON-FULL-20260709-DIFFERENTIALDIAGNOSIS-3404A239D826C997,一般需非同日测量三次血压值收缩压均≥140mmHg和/或舒张压均≥90mmHg可诊断高血压,CARD-SKELETON-FULL-20260709,False,1,"[{""source_code"": ""DIS-CARD-HTN-ESSENTIAL"", ""source_type"": ""Disease"", ""source_name"": ""原发性高血压""}]",retype_to_clinical_rule_differential_point,ClinicalRule,句子型鉴别要点改为ClinicalRule；短疾病/状态名保留为DifferentialDiagnosis待补鉴别规则
CARD-SKELETON-FULL-20260709-DIFFERENTIALDIAGNOSIS-761E866A2290BB43,上述情况超声心动图可予以鉴别,CARD-SKELETON-FULL-20260709,False,1,"[{""source_code"": ""DIS-CARD-VHD-AS"", ""source_type"": ""Disease"", ""source_name"": ""主动脉瓣狭窄""}]",retype_to_clinical_rule_differential_point,ClinicalRule,句子型鉴别要点改为ClinicalRule；短疾病/状态名保留为DifferentialDiagnosis待补鉴别规则
CARD-SKELETON-FULL-20260709-DIFFERENTIALDIAGNOSIS-65AAFD19CBF1DA4B,不难鉴别,CARD-SKELETON-FULL-20260709,False,1,"[{""source_code"": ""DIS-CARD-HF-CHF"", ""source_type"": ""Disease"", ""source_name"": ""慢性心力衰竭""}]",retype_to_clinical_rule_differential_point,ClinicalRule,句子型鉴别要点改为ClinicalRule；短疾病/状态名保留为DifferentialDiagnosis待补鉴别规则
CARD-SKELETON-FULL-20260709-DIFFERENTIALDIAGNOSIS-1D681671E4BCBE73,与其他疾病的鉴别诊断参见“稳定型心绞痛”部分,CARD-SKELETON-FULL-20260709,False,1,"[{""source_code"": ""TXTSEC-CARD-B2E03CDC8FB6BAC7"", ""source_type"": ""SourceSection"", ""source_name"": ""不稳定型心绞痛和非 ST 段抬高型心肌梗死""}]",retype_to_clinical_rule_differential_point,ClinicalRule,句子型鉴别要点改为ClinicalRule；短疾病/状态名保留为DifferentialDiagnosis待补鉴别规则
CARD-SKELETON-FULL-20260709-DIFFERENTIALDIAGNOSIS-FC63186BF62D4ABB,与心绞痛、甲状腺功能亢进、心肌炎、二尖瓣脱垂综合征及嗜铬细胞瘤等进行鉴别,CARD-SKELETON-FULL-20260709,False,1,"[{""source_code"": ""DIS-CARD-VTE"", ""source_type"": ""Disease"", ""source_name"": ""静脉血栓症""}]",retype_to_clinical_rule_differential_point,ClinicalRule,句子型鉴别要点改为ClinicalRule；短疾病/状态名保留为DifferentialDiagnosis待补鉴别规则
CARD-SKELETON-FULL-20260709-DIFFERENTIALDIAGNOSIS-0610DEF9C621E51D,主动脉壁间血肿、主动脉穿透性溃疡进行鉴别,CARD-SKELETON-FULL-20260709,False,1,"[{""source_code"": ""DIS-CARD-AORTA-AD"", ""source_type"": ""Disease"", ""source_name"": ""主动脉夹层""}]",retype_to_clinical_rule_differential_point,ClinicalRule,句子型鉴别要点改为ClinicalRule；短疾病/状态名保留为DifferentialDiagnosis待补鉴别规则
CARD-SKELETON-FULL-20260709-DIFFERENTIALDIAGNOSIS-FB58813CC17C6C61,主动脉瓣关闭不全合并室间隔缺损、主动脉窦瘤（Valsalva窦瘤）破裂等可引起双期或连续性杂音的病变鉴别,CARD-SKELETON-FULL-20260709,False,1,"[{""source_code"": ""TXTSEC-CARD-F7CECD8190F15187"", ""source_type"": ""DiseaseCategory"", ""source_name"": ""成人常见先天性心血管病""}]",retype_to_clinical_rule_differential_point,ClinicalRule,句子型鉴别要点改为ClinicalRule；短疾病/状态名保留为DifferentialDiagnosis待补鉴别规则
CARD-SKELETON-FULL-20260709-DIFFERENTIALDIAGNOSIS-544A63ED07DA136C,主要应与限制型心肌病相鉴别,CARD-SKELETON-FULL-20260709,False,1,"[{""source_code"": ""DIS-CARD-PERICARD-CONSTRICTIVE"", ""source_type"": ""Disease"", ""source_name"": ""缩窄性心包炎""}]",retype_to_clinical_rule_differential_point,ClinicalRule,句子型鉴别要点改为ClinicalRule；短疾病/状态名保留为DifferentialDiagnosis待补鉴别规则
CARD-SKELETON-FULL-20260709-DIFFERENTIALDIAGNOSIS-FD761DB73D7006E0,主要应与风湿性瓣膜病及肥厚型梗阻性心肌病相鉴别,CARD-SKELETON-FULL-20260709,False,1,"[{""source_code"": ""TXTSEC-CARD-F7CECD8190F15187"", ""source_type"": ""DiseaseCategory"", ""source_name"": ""成人常见先天性心血管病""}]",retype_to_clinical_rule_differential_point,ClinicalRule,句子型鉴别要点改为ClinicalRule；短疾病/状态名保留为DifferentialDiagnosis待补鉴别规则
CARD-SKELETON-FULL-20260709-DIFFERENTIALDIAGNOSIS-305FF238F5B02122,也诊断为高血压,CARD-SKELETON-FULL-20260709,False,1,"[{""source_code"": ""DIS-CARD-HTN-ESSENTIAL"", ""source_type"": ""Disease"", ""source_name"": ""原发性高血压""}]",retype_to_clinical_rule_differential_point,ClinicalRule,句子型鉴别要点改为ClinicalRule；短疾病/状态名保留为DifferentialDiagnosis待补鉴别规则
CARD-SKELETON-FULL-20260709-DIFFERENTIALDIAGNOSIS-E07A99D210903E7E,但有心肌缺血客观证据的冠心病,CARD-SKELETON-FULL-20260709,False,1,"[{""source_code"": ""TXTSEC-CARD-753F12B72455E34D"", ""source_type"": ""SourceSection"", ""source_name"": ""隐匿型冠心病""}]",retype_to_clinical_rule_differential_point,ClinicalRule,句子型鉴别要点改为ClinicalRule；短疾病/状态名保留为DifferentialDiagnosis待补鉴别规则
CARD-SKELETON-FULL-20260709-DIFFERENTIALDIAGNOSIS-B00A48F7E8211580,包括慢性阻塞性肺气肿、支气管哮喘、肺栓塞等,CARD-SKELETON-FULL-20260709,False,1,"[{""source_code"": ""DIS-CARD-HF-CHF"", ""source_type"": ""Disease"", ""source_name"": ""慢性心力衰竭""}]",retype_to_clinical_rule_differential_point,ClinicalRule,句子型鉴别要点改为ClinicalRule；短疾病/状态名保留为DifferentialDiagnosis待补鉴别规则
CARD-SKELETON-FULL-20260709-DIFFERENTIALDIAGNOSIS-24094FD774605F92,卵圆孔未闭应与小房间隔缺损相鉴别,CARD-SKELETON-FULL-20260709,False,1,"[{""source_code"": ""TXTSEC-CARD-F7CECD8190F15187"", ""source_type"": ""DiseaseCategory"", ""source_name"": ""成人常见先天性心血管病""}]",retype_to_clinical_rule_differential_point,ClinicalRule,句子型鉴别要点改为ClinicalRule；短疾病/状态名保留为DifferentialDiagnosis待补鉴别规则
CARD-SKELETON-FULL-20260709-DIFFERENTIALDIAGNOSIS-C858EFADF097CF05,参照“冠心病”“糖尿病”相关章节,CARD-SKELETON-FULL-20260709,False,1,"[{""source_code"": ""TXTSEC-CARD-3AC23B586669B5CF"", ""source_type"": ""SourceSection"", ""source_name"": ""糖尿病与冠心病""}]",retype_to_clinical_rule_differential_point,ClinicalRule,句子型鉴别要点改为ClinicalRule；短疾病/状态名保留为DifferentialDiagnosis待补鉴别规则
CARD-SKELETON-FULL-20260709-DIFFERENTIALDIAGNOSIS-3E50D2B3FEC1E4A8,参照“高血压”“糖尿病”相关章节,CARD-SKELETON-FULL-20260709,False,1,"[{""source_code"": ""TXTSEC-CARD-9E72B5DADBDC0615"", ""source_type"": ""SourceSection"", ""source_name"": ""糖尿病与高血压""}]",retype_to_clinical_rule_differential_point,ClinicalRule,句子型鉴别要点改为ClinicalRule；短疾病/状态名保留为DifferentialDiagnosis待补鉴别规则
CARD-SKELETON-FULL-20260709-DIFFERENTIALDIAGNOSIS-DD5781119FC5A24E,合并反流和二尖瓣病变者多为风湿性心脏瓣膜病,CARD-SKELETON-FULL-20260709,False,1,"[{""source_code"": ""DIS-CARD-VHD-AS"", ""source_type"": ""Disease"", ""source_name"": ""主动脉瓣狭窄""}]",retype_to_clinical_rule_differential_point,ClinicalRule,句子型鉴别要点改为ClinicalRule；短疾病/状态名保留为DifferentialDiagnosis待补鉴别规则
CARD-SKELETON-FULL-20260709-DIFFERENTIALDIAGNOSIS-01FFEC6212C8935F,合并肺动脉高压者应与原发性肺动脉高压及法洛四联症鉴别,CARD-SKELETON-FULL-20260709,False,1,"[{""source_code"": ""TXTSEC-CARD-F7CECD8190F15187"", ""source_type"": ""DiseaseCategory"", ""source_name"": ""成人常见先天性心血管病""}]",retype_to_clinical_rule_differential_point,ClinicalRule,句子型鉴别要点改为ClinicalRule；短疾病/状态名保留为DifferentialDiagnosis待补鉴别规则
CARD-SKELETON-FULL-20260709-DIFFERENTIALDIAGNOSIS-F7923C54E944468F,同时需排除冠心病的某些并发症,CARD-SKELETON-FULL-20260709,False,1,"[{""source_code"": ""TXTSEC-CARD-10A4B8FA3DB255E6"", ""source_type"": ""SourceSection"", ""source_name"": ""缺血性心肌病""}]",retype_to_clinical_rule_differential_point,ClinicalRule,句子型鉴别要点改为ClinicalRule；短疾病/状态名保留为DifferentialDiagnosis待补鉴别规则
CARD-SKELETON-FULL-20260709-DIFFERENTIALDIAGNOSIS-1547DF85C0CA50C9,因此需要鉴别诊断,CARD-SKELETON-FULL-20260709,False,1,"[{""source_code"": ""TXTSEC-CARD-B2E03CDC8FB6BAC7"", ""source_type"": ""SourceSection"", ""source_name"": ""不稳定型心绞痛和非 ST 段抬高型心肌梗死""}]",retype_to_clinical_rule_differential_point,ClinicalRule,句子型鉴别要点改为ClinicalRule；短疾病/状态名保留为DifferentialDiagnosis待补鉴别规则
CARD-SKELETON-FULL-20260709-DIFFERENTIALDIAGNOSIS-9916DD8C474F2793,夜间收缩压平均值≥120mmHg和/或舒张压平均值≥70mmHg来诊断高血压,CARD-SKELETON-FULL-20260709,False,1,"[{""source_code"": ""DIS-CARD-HTN-ESSENTIAL"", ""source_type"": ""Disease"", ""source_name"": ""原发性高血压""}]",retype_to_clinical_rule_differential_point,ClinicalRule,句子型鉴别要点改为ClinicalRule；短疾病/状态名保留为DifferentialDiagnosis待补鉴别规则
CARD-SKELETON-FULL-20260709-DIFFERENTIALDIAGNOSIS-6BFC2580E124251F,夹层可产生多系统血管的压迫,CARD-SKELETON-FULL-20260709,False,1,"[{""source_code"": ""DIS-CARD-AORTA-AD"", ""source_type"": ""Disease"", ""source_name"": ""主动脉夹层""}]",retype_to_clinical_rule_differential_point,ClinicalRule,句子型鉴别要点改为ClinicalRule；短疾病/状态名保留为DifferentialDiagnosis待补鉴别规则
CARD-SKELETON-FULL-20260709-DIFFERENTIALDIAGNOSIS-7A8C01BA74052BA6,对于中高危的可疑主动脉夹层病人,CARD-SKELETON-FULL-20260709,False,1,"[{""source_code"": ""DIS-CARD-AORTA-AD"", ""source_type"": ""Disease"", ""source_name"": ""主动脉夹层""}]",retype_to_clinical_rule_differential_point,ClinicalRule,句子型鉴别要点改为ClinicalRule；短疾病/状态名保留为DifferentialDiagnosis待补鉴别规则
CARD-SKELETON-FULL-20260709-DIFFERENTIALDIAGNOSIS-97D1DC6609EA05E3,导致组织缺血或夹层破入某些器官,CARD-SKELETON-FULL-20260709,False,1,"[{""source_code"": ""DIS-CARD-AORTA-AD"", ""source_type"": ""Disease"", ""source_name"": ""主动脉夹层""}]",retype_to_clinical_rule_differential_point,ClinicalRule,句子型鉴别要点改为ClinicalRule；短疾病/状态名保留为DifferentialDiagnosis待补鉴别规则
CARD-SKELETON-FULL-20260709-DIFFERENTIALDIAGNOSIS-C2AF73A74CE02D55,尤其是与心力衰竭相鉴别,CARD-SKELETON-FULL-20260709,False,1,"[{""source_code"": ""DIS-CARD-PERICARD-EFFUSION"", ""source_type"": ""Disease"", ""source_name"": ""心包积液及心脏压塞""}]",retype_to_clinical_rule_differential_point,ClinicalRule,句子型鉴别要点改为ClinicalRule；短疾病/状态名保留为DifferentialDiagnosis待补鉴别规则
CARD-SKELETON-FULL-20260709-DIFFERENTIALDIAGNOSIS-E0CF6161C09A89B4,常累及肾动脉而有肾性高血压,CARD-SKELETON-FULL-20260709,False,1,"[{""source_code"": ""DIS-CARD-PAD-LEAD"", ""source_type"": ""Disease"", ""source_name"": ""下肢动脉硬化闭塞症""}]",retype_to_clinical_rule_differential_point,ClinicalRule,句子型鉴别要点改为ClinicalRule；短疾病/状态名保留为DifferentialDiagnosis待补鉴别规则
CARD-SKELETON-FULL-20260709-DIFFERENTIALDIAGNOSIS-773B0585813753A2,常规实验室检查有助于鉴别,CARD-SKELETON-FULL-20260709,False,1,"[{""source_code"": ""DIS-CARD-HF-CHF"", ""source_type"": ""Disease"", ""source_name"": ""慢性心力衰竭""}]",retype_to_clinical_rule_differential_point,ClinicalRule,句子型鉴别要点改为ClinicalRule；短疾病/状态名保留为DifferentialDiagnosis待补鉴别规则
CARD-SKELETON-FULL-20260709-DIFFERENTIALDIAGNOSIS-95C3669AE601ABA7,应注意与肝硬化、结核性腹膜炎等相鉴别,CARD-SKELETON-FULL-20260709,False,1,"[{""source_code"": ""DIS-CARD-PERICARD-CONSTRICTIVE"", ""source_type"": ""Disease"", ""source_name"": ""缩窄性心包炎""}]",retype_to_clinical_rule_differential_point,ClinicalRule,句子型鉴别要点改为ClinicalRule；短疾病/状态名保留为DifferentialDiagnosis待补鉴别规则
CARD-SKELETON-FULL-20260709-DIFFERENTIALDIAGNOSIS-0FDA1416B09D0623,必须注意排除器质性心脏病,CARD-SKELETON-FULL-20260709,False,1,"[{""source_code"": ""DIS-CARD-VTE"", ""source_type"": ""Disease"", ""source_name"": ""静脉血栓症""}]",retype_to_clinical_rule_differential_point,ClinicalRule,句子型鉴别要点改为ClinicalRule；短疾病/状态名保留为DifferentialDiagnosis待补鉴别规则
CARD-SKELETON-FULL-20260709-DIFFERENTIALDIAGNOSIS-91902AD4ABEDC07A,急性心包炎与肺栓塞相鉴别,CARD-SKELETON-FULL-20260709,False,1,"[{""source_code"": ""DIS-CARD-PERICARD-ACUTE"", ""source_type"": ""Disease"", ""source_name"": ""急性心包炎""}]",retype_to_clinical_rule_differential_point,ClinicalRule,句子型鉴别要点改为ClinicalRule；短疾病/状态名保留为DifferentialDiagnosis待补鉴别规则
CARD-SKELETON-FULL-20260709-DIFFERENTIALDIAGNOSIS-A6DF09C52922FA7A,房室传导阻滞可以发生在房室结、希氏束以及束支等不同的部位,CARD-SKELETON-FULL-20260709,False,1,"[{""source_code"": ""DIS-CARD-ARR-AVB"", ""source_type"": ""Disease"", ""source_name"": ""房室传导阻滞""}]",retype_to_clinical_rule_differential_point,ClinicalRule,句子型鉴别要点改为ClinicalRule；短疾病/状态名保留为DifferentialDiagnosis待补鉴别规则
CARD-SKELETON-FULL-20260709-DIFFERENTIALDIAGNOSIS-2689F37EB12C1F17,排除其他疾病后,CARD-SKELETON-FULL-20260709,False,1,"[{""source_code"": ""DIS-CARD-CM-MYOCARDITIS"", ""source_type"": ""Disease"", ""source_name"": ""心肌炎""}]",retype_to_clinical_rule_differential_point,ClinicalRule,句子型鉴别要点改为ClinicalRule；短疾病/状态名保留为DifferentialDiagnosis待补鉴别规则
CARD-SKELETON-FULL-20260709-DIFFERENTIALDIAGNOSIS-B65A5C7162652067,排除继发性病因后,CARD-SKELETON-FULL-20260709,False,1,"[{""source_code"": ""DIS-CARD-CM-RCM"", ""source_type"": ""Disease"", ""source_name"": ""限制型心肌病""}]",retype_to_clinical_rule_differential_point,ClinicalRule,句子型鉴别要点改为ClinicalRule；短疾病/状态名保留为DifferentialDiagnosis待补鉴别规则
CARD-SKELETON-FULL-20260709-DIFFERENTIALDIAGNOSIS-7A9ADA1584717C1E,排除诊断：无论有/无确定的替代诊断指标,CARD-SKELETON-FULL-20260709,False,1,"[{""source_code"": ""CAT-CARD-IE"", ""source_type"": ""DiseaseCategory"", ""source_name"": ""感染性心内膜炎""}]",retype_to_clinical_rule_differential_point,ClinicalRule,句子型鉴别要点改为ClinicalRule；短疾病/状态名保留为DifferentialDiagnosis待补鉴别规则
CARD-SKELETON-FULL-20260709-DIFFERENTIALDIAGNOSIS-3A2F24C552275B53,无青紫者应与扩张型心肌病和心包积液鉴别,CARD-SKELETON-FULL-20260709,False,1,"[{""source_code"": ""TXTSEC-CARD-F7CECD8190F15187"", ""source_type"": ""DiseaseCategory"", ""source_name"": ""成人常见先天性心血管病""}]",retype_to_clinical_rule_differential_point,ClinicalRule,句子型鉴别要点改为ClinicalRule；短疾病/状态名保留为DifferentialDiagnosis待补鉴别规则
CARD-SKELETON-FULL-20260709-DIFFERENTIALDIAGNOSIS-880888BDF0ADF5DA,暴发性重症心肌炎：暴发性发病,CARD-SKELETON-FULL-20260709,False,1,"[{""source_code"": ""DIS-CARD-CM-MYOCARDITIS"", ""source_type"": ""Disease"", ""source_name"": ""心肌炎""}]",retype_to_clinical_rule_differential_point,ClinicalRule,句子型鉴别要点改为ClinicalRule；短疾病/状态名保留为DifferentialDiagnosis待补鉴别规则
CARD-SKELETON-FULL-20260709-DIFFERENTIALDIAGNOSIS-80ED939AE528005A,有青紫者应与其他青紫型先天性心脏病及三尖瓣闭锁鉴别,CARD-SKELETON-FULL-20260709,False,1,"[{""source_code"": ""TXTSEC-CARD-F7CECD8190F15187"", ""source_type"": ""DiseaseCategory"", ""source_name"": ""成人常见先天性心血管病""}]",retype_to_clinical_rule_differential_point,ClinicalRule,句子型鉴别要点改为ClinicalRule；短疾病/状态名保留为DifferentialDiagnosis待补鉴别规则
CARD-SKELETON-FULL-20260709-DIFFERENTIALDIAGNOSIS-7390C2E04FB5CD0D,有高血压史的胸痛病人需要除外主动脉夹层动脉瘤破裂,CARD-SKELETON-FULL-20260709,False,1,"[{""source_code"": ""DIS-CARD-PERICARD-ACUTE"", ""source_type"": ""Disease"", ""source_name"": ""急性心包炎""}]",retype_to_clinical_rule_differential_point,ClinicalRule,句子型鉴别要点改为ClinicalRule；短疾病/状态名保留为DifferentialDiagnosis待补鉴别规则
CARD-SKELETON-FULL-20260709-DIFFERENTIALDIAGNOSIS-03F03D7551AB8758,本病应与多发性大动脉炎累及髂动脉者、血栓闭塞性脉管炎（又称Buerger病）相鉴别,CARD-SKELETON-FULL-20260709,False,1,"[{""source_code"": ""DIS-CARD-PAD-LEAD"", ""source_type"": ""Disease"", ""source_name"": ""下肢动脉硬化闭塞症""}]",retype_to_clinical_rule_differential_point,ClinicalRule,句子型鉴别要点改为ClinicalRule；短疾病/状态名保留为DifferentialDiagnosis待补鉴别规则
CARD-SKELETON-FULL-20260709-DIFFERENTIALDIAGNOSIS-AA22B3DE01B08C31,根据心脏原有的基础疾病如冠心病、高血压、瓣膜病、先天性心脏病或心肌病等病史,CARD-SKELETON-FULL-20260709,False,1,"[{""source_code"": ""DIS-CARD-PERICARD-EFFUSION"", ""source_type"": ""Disease"", ""source_name"": ""心包积液及心脏压塞""}]",retype_to_clinical_rule_differential_point,ClinicalRule,句子型鉴别要点改为ClinicalRule；短疾病/状态名保留为DifferentialDiagnosis待补鉴别规则
CARD-SKELETON-FULL-20260709-DIFFERENTIALDIAGNOSIS-5CD45CC4A3D7565B,病人既往有高血压史,CARD-SKELETON-FULL-20260709,False,1,"[{""source_code"": ""DIS-CARD-HTN-ESSENTIAL"", ""source_type"": ""Disease"", ""source_name"": ""原发性高血压""}]",retype_to_clinical_rule_differential_point,ClinicalRule,句子型鉴别要点改为ClinicalRule；短疾病/状态名保留为DifferentialDiagnosis待补鉴别规则
CARD-SKELETON-FULL-20260709-DIFFERENTIALDIAGNOSIS-EC358B711C8EA6C7,相应疾病鉴别,CARD-SKELETON-FULL-20260709,False,1,"[{""source_code"": ""DIS-CARD-AORTA-AD"", ""source_type"": ""Disease"", ""source_name"": ""主动脉夹层""}]",retype_to_clinical_rule_differential_point,ClinicalRule,句子型鉴别要点改为ClinicalRule；短疾病/状态名保留为DifferentialDiagnosis待补鉴别规则
CARD-SKELETON-FULL-20260709-DIFFERENTIALDIAGNOSIS-9EACF9337A026FE5,破口入心包腔可出现急性心包炎的心电图改变,CARD-SKELETON-FULL-20260709,False,1,"[{""source_code"": ""DIS-CARD-PERICARD-ACUTE"", ""source_type"": ""Disease"", ""source_name"": ""急性心包炎""}]",retype_to_clinical_rule_differential_point,ClinicalRule,句子型鉴别要点改为ClinicalRule；短疾病/状态名保留为DifferentialDiagnosis待补鉴别规则
CARD-SKELETON-FULL-20260709-DIFFERENTIALDIAGNOSIS-D4DB42D4FC02D366,缩窄性心包炎多可根据典型的临床表现及辅助检查诊断,CARD-SKELETON-FULL-20260709,False,1,"[{""source_code"": ""DIS-CARD-PERICARD-CONSTRICTIVE"", ""source_type"": ""Disease"", ""source_name"": ""缩窄性心包炎""}]",retype_to_clinical_rule_differential_point,ClinicalRule,句子型鉴别要点改为ClinicalRule；短疾病/状态名保留为DifferentialDiagnosis待补鉴别规则
CARD-SKELETON-FULL-20260709-DIFFERENTIALDIAGNOSIS-8B97CD1496EFAB17,缺血性溃疡伴有剧痛应与神经病变、下肢静脉曲张所致溃疡鉴别,CARD-SKELETON-FULL-20260709,False,1,"[{""source_code"": ""DIS-CARD-PAD-LEAD"", ""source_type"": ""Disease"", ""source_name"": ""下肢动脉硬化闭塞症""}]",retype_to_clinical_rule_differential_point,ClinicalRule,句子型鉴别要点改为ClinicalRule；短疾病/状态名保留为DifferentialDiagnosis待补鉴别规则
CARD-SKELETON-FULL-20260709-DIFFERENTIALDIAGNOSIS-7AEFCD50559D674F,而是多种因素作用于不同环节所致,CARD-SKELETON-FULL-20260709,False,1,"[{""source_code"": ""DIS-CARD-CAD-ATHEROSCLEROSIS"", ""source_type"": ""Disease"", ""source_name"": ""动脉粥样硬化""}]",retype_to_clinical_rule_differential_point,ClinicalRule,句子型鉴别要点改为ClinicalRule；短疾病/状态名保留为DifferentialDiagnosis待补鉴别规则
CARD-SKELETON-FULL-20260709-DIFFERENTIALDIAGNOSIS-9944DDB151E49CC1,肺动脉瓣狭窄、肥厚型心肌病鉴别,CARD-SKELETON-FULL-20260709,False,1,"[{""source_code"": ""TXTSEC-CARD-F7CECD8190F15187"", ""source_type"": ""DiseaseCategory"", ""source_name"": ""成人常见先天性心血管病""}]",retype_to_clinical_rule_differential_point,ClinicalRule,句子型鉴别要点改为ClinicalRule；短疾病/状态名保留为DifferentialDiagnosis待补鉴别规则
CARD-SKELETON-FULL-20260709-DIFFERENTIALDIAGNOSIS-5621993B41F09DD5,肺栓塞多见于长期卧床及行动不便病人,CARD-SKELETON-FULL-20260709,False,1,"[{""source_code"": ""DIS-CARD-PERICARD-ACUTE"", ""source_type"": ""Disease"", ""source_name"": ""急性心包炎""}]",retype_to_clinical_rule_differential_point,ClinicalRule,句子型鉴别要点改为ClinicalRule；短疾病/状态名保留为DifferentialDiagnosis待补鉴别规则
CARD-SKELETON-FULL-20260709-DIFFERENTIALDIAGNOSIS-7A4F61515126867F,肺静脉畸形引流、肺动脉瓣狭窄及小型室间隔缺损等鉴别,CARD-SKELETON-FULL-20260709,False,1,"[{""source_code"": ""TXTSEC-CARD-F7CECD8190F15187"", ""source_type"": ""DiseaseCategory"", ""source_name"": ""成人常见先天性心血管病""}]",retype_to_clinical_rule_differential_point,ClinicalRule,句子型鉴别要点改为ClinicalRule；短疾病/状态名保留为DifferentialDiagnosis待补鉴别规则
CARD-SKELETON-FULL-20260709-DIFFERENTIALDIAGNOSIS-3BD171747DF1FBB0,胸痛伴心电图ST段抬高者与急性心肌梗死鉴别,CARD-SKELETON-FULL-20260709,False,1,"[{""source_code"": ""DIS-CARD-PERICARD-ACUTE"", ""source_type"": ""Disease"", ""source_name"": ""急性心包炎""}]",retype_to_clinical_rule_differential_point,ClinicalRule,句子型鉴别要点改为ClinicalRule；短疾病/状态名保留为DifferentialDiagnosis待补鉴别规则
CARD-SKELETON-FULL-20260709-DIFFERENTIALDIAGNOSIS-0DAAE4AC0FF1EE95,表3-10-12023版ESC感染性心内膜炎诊断标准3.鉴别诊断本病可涉及全身多脏器,CARD-SKELETON-FULL-20260709,False,1,"[{""source_code"": ""CAT-CARD-IE"", ""source_type"": ""DiseaseCategory"", ""source_name"": ""感染性心内膜炎""}]",retype_to_clinical_rule_differential_point,ClinicalRule,句子型鉴别要点改为ClinicalRule；短疾病/状态名保留为DifferentialDiagnosis待补鉴别规则
CARD-SKELETON-FULL-20260709-DIFFERENTIALDIAGNOSIS-23BD9DCBA4628EFF,表3-12-1主动脉夹层的高危特征由于本病多以急性胸痛为首要症状,CARD-SKELETON-FULL-20260709,False,1,"[{""source_code"": ""DIS-CARD-AORTA-AD"", ""source_type"": ""Disease"", ""source_name"": ""主动脉夹层""}]",retype_to_clinical_rule_differential_point,ClinicalRule,句子型鉴别要点改为ClinicalRule；短疾病/状态名保留为DifferentialDiagnosis待补鉴别规则
CARD-SKELETON-FULL-20260709-DIFFERENTIALDIAGNOSIS-AF7B4DD3C47F86CE,表3-4-5心绞痛和急性心肌梗死的鉴别诊断要点2.主动脉夹层胸痛一开始即达高峰,CARD-SKELETON-FULL-20260709,False,1,"[{""source_code"": ""TXTSEC-CARD-722816481922DDE6"", ""source_type"": ""SourceSection"", ""source_name"": ""急性 ST 段抬高型心肌梗死""}]",retype_to_clinical_rule_differential_point,ClinicalRule,句子型鉴别要点改为ClinicalRule；短疾病/状态名保留为DifferentialDiagnosis待补鉴别规则
CARD-SKELETON-FULL-20260709-DIFFERENTIALDIAGNOSIS-8B703F91875090D0,超声心动图、胸部CT、CMR可鉴别,CARD-SKELETON-FULL-20260709,False,1,"[{""source_code"": ""DIS-CARD-HF-CHF"", ""source_type"": ""Disease"", ""source_name"": ""慢性心力衰竭""}]",retype_to_clinical_rule_differential_point,ClinicalRule,句子型鉴别要点改为ClinicalRule；短疾病/状态名保留为DifferentialDiagnosis待补鉴别规则
CARD-SKELETON-FULL-20260709-DIFFERENTIALDIAGNOSIS-436D17245A489BAE,超声心动图有助于鉴别生理性杂音、三尖瓣反流、室间隔缺损、左心室或右心室流出道梗阻等,CARD-SKELETON-FULL-20260709,False,1,"[{""source_code"": ""DIS-CARD-VHD-MR"", ""source_type"": ""Disease"", ""source_name"": ""二尖瓣反流""}]",retype_to_clinical_rule_differential_point,ClinicalRule,句子型鉴别要点改为ClinicalRule；短疾病/状态名保留为DifferentialDiagnosis待补鉴别规则
CARD-SKELETON-FULL-20260709-DIFFERENTIALDIAGNOSIS-E0811F4F81ED2CDB,超声心动图有助于鉴别相对性二尖瓣狭窄、左房黏液瘤、三尖瓣狭窄和原发性肺动脉高压等,CARD-SKELETON-FULL-20260709,False,1,"[{""source_code"": ""DIS-CARD-VHD-MS"", ""source_type"": ""Disease"", ""source_name"": ""二尖瓣狭窄""}]",retype_to_clinical_rule_differential_point,ClinicalRule,句子型鉴别要点改为ClinicalRule；短疾病/状态名保留为DifferentialDiagnosis待补鉴别规则
CARD-SKELETON-FULL-20260709-DIFFERENTIALDIAGNOSIS-C74656217E62F4B9,跛行应与椎管狭窄、关节炎、骨筋膜隔室综合征等所致的假性跛行相鉴别,CARD-SKELETON-FULL-20260709,False,1,"[{""source_code"": ""DIS-CARD-PAD-LEAD"", ""source_type"": ""Disease"", ""source_name"": ""下肢动脉硬化闭塞症""}]",retype_to_clinical_rule_differential_point,ClinicalRule,句子型鉴别要点改为ClinicalRule；短疾病/状态名保留为DifferentialDiagnosis待补鉴别规则
CARD-SKELETON-FULL-20260709-DIFFERENTIALDIAGNOSIS-705E72663211F2F4,还应与其他原因引起的心力衰竭相鉴别,CARD-SKELETON-FULL-20260709,False,1,"[{""source_code"": ""DIS-CARD-PERICARD-CONSTRICTIVE"", ""source_type"": ""Disease"", ""source_name"": ""缩窄性心包炎""}]",retype_to_clinical_rule_differential_point,ClinicalRule,句子型鉴别要点改为ClinicalRule；短疾病/状态名保留为DifferentialDiagnosis待补鉴别规则
CARD-SKELETON-FULL-20260709-DIFFERENTIALDIAGNOSIS-A2625491989BCEB0,鉴别诊断主要与先天性青紫型心脏畸形鉴别,CARD-SKELETON-FULL-20260709,False,1,"[{""source_code"": ""TXTSEC-CARD-C0CAB3C24C54A72F"", ""source_type"": ""SourceSection"", ""source_name"": ""艾森门格综合征""}]",retype_to_clinical_rule_differential_point,ClinicalRule,句子型鉴别要点改为ClinicalRule；短疾病/状态名保留为DifferentialDiagnosis待补鉴别规则
CARD-SKELETON-FULL-20260709-DIFFERENTIALDIAGNOSIS-C412B93CD706EAD3,鉴别诊断主要考虑急性冠脉综合征和急性肺栓塞,CARD-SKELETON-FULL-20260709,False,1,"[{""source_code"": ""DIS-CARD-AORTA-AD"", ""source_type"": ""Disease"", ""source_name"": ""主动脉夹层""}]",retype_to_clinical_rule_differential_point,ClinicalRule,句子型鉴别要点改为ClinicalRule；短疾病/状态名保留为DifferentialDiagnosis待补鉴别规则
CARD-SKELETON-FULL-20260709-DIFFERENTIALDIAGNOSIS-DCCE680937A39D18,鉴别诊断应考虑原发性肺动脉扩张,CARD-SKELETON-FULL-20260709,False,1,"[{""source_code"": ""TXTSEC-CARD-F7CECD8190F15187"", ""source_type"": ""DiseaseCategory"", ""source_name"": ""成人常见先天性心血管病""}]",retype_to_clinical_rule_differential_point,ClinicalRule,句子型鉴别要点改为ClinicalRule；短疾病/状态名保留为DifferentialDiagnosis待补鉴别规则
CARD-SKELETON-FULL-20260709-DIFFERENTIALDIAGNOSIS-5C7037DA313AEC9D,鉴别诊断需要考虑以下疾病,CARD-SKELETON-FULL-20260709,False,1,"[{""source_code"": ""TXTSEC-CARD-722816481922DDE6"", ""source_type"": ""SourceSection"", ""source_name"": ""急性 ST 段抬高型心肌梗死""}]",retype_to_clinical_rule_differential_point,ClinicalRule,句子型鉴别要点改为ClinicalRule；短疾病/状态名保留为DifferentialDiagnosis待补鉴别规则
CARD-SKELETON-FULL-20260709-DIFFERENTIALDIAGNOSIS-BC2B9A8B20CBB4A4,除基础心脏病体征有助于鉴别外,CARD-SKELETON-FULL-20260709,False,1,"[{""source_code"": ""DIS-CARD-HF-CHF"", ""source_type"": ""Disease"", ""source_name"": ""慢性心力衰竭""}]",retype_to_clinical_rule_differential_point,ClinicalRule,句子型鉴别要点改为ClinicalRule；短疾病/状态名保留为DifferentialDiagnosis待补鉴别规则
CARD-SKELETON-FULL-20260709-DIFFERENTIALDIAGNOSIS-3A1C13EFDD6F8AC9,需鉴别其他引起心脏增大和心力衰竭的病因,CARD-SKELETON-FULL-20260709,False,1,"[{""source_code"": ""TXTSEC-CARD-10A4B8FA3DB255E6"", ""source_type"": ""SourceSection"", ""source_name"": ""缺血性心肌病""}]",retype_to_clinical_rule_differential_point,ClinicalRule,句子型鉴别要点改为ClinicalRule；短疾病/状态名保留为DifferentialDiagnosis待补鉴别规则
CARD-SKELETON-FULL-20260709-DIFFERENTIALDIAGNOSIS-08F5ECD74D64908F,风湿热-鉴别诊断,CARD-SKELETON-FULL-20260709,False,1,"[{""source_code"": ""TXTSEC-CARD-0F3F1129A0D9863D"", ""source_type"": ""SourceSection"", ""source_name"": ""风湿热""}]",retype_to_clinical_rule_differential_point,ClinicalRule,句子型鉴别要点改为ClinicalRule；短疾病/状态名保留为DifferentialDiagnosis待补鉴别规则
CARD-SKELETON-FULL-20260709-DIFFERENTIALDIAGNOSIS-C0E5D13D60553A2E,首先需要与肺部疾病鉴别,CARD-SKELETON-FULL-20260709,False,1,"[{""source_code"": ""DIS-CARD-HF-CHF"", ""source_type"": ""Disease"", ""source_name"": ""慢性心力衰竭""}]",retype_to_clinical_rule_differential_point,ClinicalRule,句子型鉴别要点改为ClinicalRule；短疾病/状态名保留为DifferentialDiagnosis待补鉴别规则
CARD-SKELETON-FULL-20260709-DIFFERENTIALDIAGNOSIS-5CED3E51131ADB90,高血压诊断根据诊室测量的血压值,CARD-SKELETON-FULL-20260709,False,1,"[{""source_code"": ""DIS-CARD-HTN-ESSENTIAL"", ""source_type"": ""Disease"", ""source_name"": ""原发性高血压""}]",retype_to_clinical_rule_differential_point,ClinicalRule,句子型鉴别要点改为ClinicalRule；短疾病/状态名保留为DifferentialDiagnosis待补鉴别规则
CARD-SKELETON-FULL-20260709-DIFFERENTIALDIAGNOSIS-F8FBE548CDF57F39,（二）鉴别诊断1.肺部疾病心衰最常见的症状为呼吸困难,CARD-SKELETON-FULL-20260709,False,1,"[{""source_code"": ""DIS-CARD-HF-CHF"", ""source_type"": ""Disease"", ""source_name"": ""慢性心力衰竭""}]",retype_to_clinical_rule_differential_point,ClinicalRule,句子型鉴别要点改为ClinicalRule；短疾病/状态名保留为DifferentialDiagnosis待补鉴别规则
CARD-SKELETON-FULL-20260709-DIFFERENTIALDIAGNOSIS-F6859249B2A5BEEA,（二）鉴别诊断临床上主动脉瓣狭窄应与下列情况的主动脉瓣区收缩期杂音相鉴别,CARD-SKELETON-FULL-20260709,False,1,"[{""source_code"": ""DIS-CARD-VHD-AS"", ""source_type"": ""Disease"", ""source_name"": ""主动脉瓣狭窄""}]",retype_to_clinical_rule_differential_point,ClinicalRule,句子型鉴别要点改为ClinicalRule；短疾病/状态名保留为DifferentialDiagnosis待补鉴别规则
